ModelFamily,FeatureNumber,FoldNumber,ModelFile,PublishedSHA256,PublishedBytes,SourceSHA256,ModelClass,ComputeMode,PredictionProbeRows,Passed
LDA,1,1,lda/feature_01/lda_feature_01_fold_01_compact_model.mat,f664220da08233c38aadf4ae7cff2aa28b2d520fa9926fe33903eabfb3d71aad,383286,aa168491c308677ff9d7bd401045ee83c5ada847e75d4eb49867f3fc390917cf,classreg.learning.classif.CompactClassificationDiscriminant,CPU / fitcdiscr,8,1
LDA,1,2,lda/feature_01/lda_feature_01_fold_02_compact_model.mat,5e8518ad03de01d6e113bd28be6af7120457272fdd9b98f7167f383d06535fad,383356,ecc42ca719b196eb03b8e2e9095ceaa848bdf4aa00e880805d3b4d9aec51b674,classreg.learning.classif.CompactClassificationDiscriminant,CPU / fitcdiscr,8,1
LDA,1,3,lda/feature_01/lda_feature_01_fold_03_compact_model.mat,ed85945dbbbb41605053b26fdd743e9ca5d2716094909e16b52aecbec61e99ef,383308,2f16756ab4a3332d89171bc3cba439bea7245bb0e00045478532e20e1b2b4ab1,classreg.learning.classif.CompactClassificationDiscriminant,CPU / fitcdiscr,8,1
LDA,1,4,lda/feature_01/lda_feature_01_fold_04_compact_model.mat,d33128492277f35e293d1d2951dafa1b4206142f82ee1256a8645aec584bdd8a,383308,c5109c0187f27d031298f67fe0cd682cdc6b5055681ae9c64faee2b91945b259,classreg.learning.classif.CompactClassificationDiscriminant,CPU / fitcdiscr,8,1
LDA,1,5,lda/feature_01/lda_feature_01_fold_05_compact_model.mat,eb9ea8937e4c0888e7340ce35bf6f47c2fb77dc4375fa7bda3181c5c5b273cb0,383311,7b85ebf0c4b28266b70b9838eecdbaa36ae0f4f8d521652ac1e5c6590525f92d,classreg.learning.classif.CompactClassificationDiscriminant,CPU / fitcdiscr,8,1
LDA,1,6,lda/feature_01/lda_feature_01_fold_06_compact_model.mat,ed3832dc02fff845118400e19b23300f74cf89e6a5040ca560738e0722a47e79,383288,3d42a3efdad235e4d2d646f1a29ddd434593f88def2bcb58d8614b27b9a21fa2,classreg.learning.classif.CompactClassificationDiscriminant,CPU / fitcdiscr,8,1
LDA,1,7,lda/feature_01/lda_feature_01_fold_07_compact_model.mat,b89d5af8cf4ceb529363365b3f2cb1905866eebbac64712a0b72a22acf0990b0,383301,3bd961aef0dfa35fd609b26dbee6f8a86842a1900abbb0ccc6d91f4a0540a96f,classreg.learning.classif.CompactClassificationDiscriminant,CPU / fitcdiscr,8,1
LDA,1,8,lda/feature_01/lda_feature_01_fold_08_compact_model.mat,b1ae5c3f1e602d74139f0627d3c13944aa8a38c93908f84db01884398554a620,383269,ac48a843a96ed2c89d0636360490aa7faf32ea3a46a52db95746270e1622b764,classreg.learning.classif.CompactClassificationDiscriminant,CPU / fitcdiscr,8,1
LDA,1,9,lda/feature_01/lda_feature_01_fold_09_compact_model.mat,620c2445619229d5bfa3fdb93b39e3bd84d2c1eb02455644fd939d65801d5770,383301,83e316ddaf82f046cfe4c742f6f267915ccfe3c095e8f5798e6f3b921aac2c83,classreg.learning.classif.CompactClassificationDiscriminant,CPU / fitcdiscr,8,1
LDA,1,10,lda/feature_01/lda_feature_01_fold_10_compact_model.mat,777497b79dd8037be4e48f55935998f077a14e1ec64b7b2d82aca71a078c9e3e,383278,3cf613566ab8b0b2d5dfa7532d452fdce7b181de77991807efe095486b4c9401,classreg.learning.classif.CompactClassificationDiscriminant,CPU / fitcdiscr,8,1
LDA,1,11,lda/feature_01/lda_feature_01_fold_11_compact_model.mat,b054c50af94d42861589f34cd61ad8be69430995211357d9128f3265c1aeaf4e,383220,01713df125284998cdd6a451929886eb2e6050b1ab348c82b1615364a35a2c55,classreg.learning.classif.CompactClassificationDiscriminant,CPU / fitcdiscr,8,1
LDA,1,12,lda/feature_01/lda_feature_01_fold_12_compact_model.mat,55e1942dd09d73c48d8db77b3ed8cf0d702ee1e5afbd43b6ec29e85afd8e1f64,383287,c7354d544bfdb244efd6637a6ff23a63500358a6d0c76830bbfdd942f2131869,classreg.learning.classif.CompactClassificationDiscriminant,CPU / fitcdiscr,8,1
LDA,1,13,lda/feature_01/lda_feature_01_fold_13_compact_model.mat,c98dd2dbf1743dc22e2e3e8243dce63835806e5b90d35f10f1af459537fffa23,383346,e8d676d5a8cda361fb2c74f61dfa231791da138f4f6a49c0680a1bbe3c3cc168,classreg.learning.classif.CompactClassificationDiscriminant,CPU / fitcdiscr,8,1
LDA,1,14,lda/feature_01/lda_feature_01_fold_14_compact_model.mat,a282f07c6053c197469ea3dd570107c97fd108df3df402e585857a0f40844040,383310,92cc64ffffbb045f643058255c7a7371f7adb699f37cb4f4882823d5fcffd589,classreg.learning.classif.CompactClassificationDiscriminant,CPU / fitcdiscr,8,1
LDA,1,15,lda/feature_01/lda_feature_01_fold_15_compact_model.mat,b85b00c8222a3e5b23ae85ee27bc1b3594437d93dee5bcbe460993a2898a9e3b,383352,f4b599eac0693491aab996db825c9a584efce979c594a80ed2ceca8fad6a9da9,classreg.learning.classif.CompactClassificationDiscriminant,CPU / fitcdiscr,8,1
LDA,1,16,lda/feature_01/lda_feature_01_fold_16_compact_model.mat,ebdd46332c97b04a22dc7e3c425545a8d9678b4d1a5f8d3116d89ea017f25f66,383367,a5467d8a18fa70860ed678ed12d2ccda1391bde129f5127d55ee74fb429d870c,classreg.learning.classif.CompactClassificationDiscriminant,CPU / fitcdiscr,8,1
LDA,1,17,lda/feature_01/lda_feature_01_fold_17_compact_model.mat,7c931fb265c02eb73fa51300139f6e348c33d6afe0c5c4ea20ad0e702550cddd,383325,08046d5186b9104ac820a186d9f2a0ffbb6c56eba9124c6d3bb7e120db551ec8,classreg.learning.classif.CompactClassificationDiscriminant,CPU / fitcdiscr,8,1
LDA,1,18,lda/feature_01/lda_feature_01_fold_18_compact_model.mat,11474f03f3ea26adbce7be8d2669a2469c3f1bdb38fdf2bc103f7b2402099609,383199,972b238cc2036d4b3f84c7a726fa7c7ad995ed5c09a81ffabc5d77277eb6d1b4,classreg.learning.classif.CompactClassificationDiscriminant,CPU / fitcdiscr,8,1
LDA,2,1,lda/feature_02/lda_feature_02_fold_01_compact_model.mat,d93265541a344bd73a40de00cfeb9a90f55a0ad3336a5dc4932a90b83fc25be3,383440,07ce1e29d1cd370aa2661baee5216bcec559542e8a0a8ec553496bc95184816b,classreg.learning.classif.CompactClassificationDiscriminant,CPU / fitcdiscr,8,1
LDA,2,2,lda/feature_02/lda_feature_02_fold_02_compact_model.mat,bf7b07005f10c429a6789f3d4eb4001bada1f52b5b9066efc49e065a9b25a45e,383495,185aa85ba2e1e4f11a8d0fbf467f1ebd36fedb0897e568ac06e8746188267d91,classreg.learning.classif.CompactClassificationDiscriminant,CPU / fitcdiscr,8,1
LDA,2,3,lda/feature_02/lda_feature_02_fold_03_compact_model.mat,959a1d270861447465c64eceac24eff81e5ce15e3a69baa18390f7e941dfdb10,383455,6c2c8268032236ff80dd76f1f8d912a33352612db62136f8a13d3dec4d90cbcb,classreg.learning.classif.CompactClassificationDiscriminant,CPU / fitcdiscr,8,1
LDA,2,4,lda/feature_02/lda_feature_02_fold_04_compact_model.mat,2ce14ef6a879d6018bd6eb8461294a0f59a6107cfb5805a68942db993ff8651f,383364,aae185cb3c340210f2485718c3ec404c3ac184547e33d695f52a1553ec2feea7,classreg.learning.classif.CompactClassificationDiscriminant,CPU / fitcdiscr,8,1
LDA,2,5,lda/feature_02/lda_feature_02_fold_05_compact_model.mat,9b5b95791f91e880c3c2359c4d58a67294da0c6aa046470c7dc26ba19409cc91,383389,b9f5ad5cf48b0d1ba7cf3213563b504558b4b71360b553cd74ca0d9e5ca1fa31,classreg.learning.classif.CompactClassificationDiscriminant,CPU / fitcdiscr,8,1
LDA,2,6,lda/feature_02/lda_feature_02_fold_06_compact_model.mat,6e3c75f2dd5180085442d2d425c538f4990357b61b63aea3340fd6987d403810,383362,126ac9e614a4efac73a8c2da57300c8919440135e4316785cb619890f82cc782,classreg.learning.classif.CompactClassificationDiscriminant,CPU / fitcdiscr,8,1
LDA,2,7,lda/feature_02/lda_feature_02_fold_07_compact_model.mat,212a3c6b6feffe3241827b10cbb3563947c266af1b9e0c006797244b7cd4e962,383448,97fa487fe3d58fcc5501c5deb27edf829a1a3472af9cc2c69db585c5f6802305,classreg.learning.classif.CompactClassificationDiscriminant,CPU / fitcdiscr,8,1
LDA,2,8,lda/feature_02/lda_feature_02_fold_08_compact_model.mat,652fec04b7ff860d5b1a90a852e6a008f7ba0cc86afc575bd3be53179c229318,383423,cc914f53306622bc9538a2ddd70ef036ed6107003f05f2ffbeec76248fe44199,classreg.learning.classif.CompactClassificationDiscriminant,CPU / fitcdiscr,8,1
LDA,2,9,lda/feature_02/lda_feature_02_fold_09_compact_model.mat,7abb6fb0dd919bba5ca83f3c7af4a79e4986eb6cd6cfc9ea004cbdea4be2bda5,383422,4950ba449c573d802d3ec3fe1da4277a29d9c855cd665b390c56fd8f62a77eda,classreg.learning.classif.CompactClassificationDiscriminant,CPU / fitcdiscr,8,1
LDA,2,10,lda/feature_02/lda_feature_02_fold_10_compact_model.mat,af6e6a27c7be5c2d44fbfbc2909d6add582bdf4f62c422ca01154c40c5d39a86,383468,3556894a9baf91f23c0e703336502d94a0895224ed32b885c71a7d83943b7b95,classreg.learning.classif.CompactClassificationDiscriminant,CPU / fitcdiscr,8,1
LDA,2,11,lda/feature_02/lda_feature_02_fold_11_compact_model.mat,ff5d1bee6f47489a71c7bab3ce2294bb80e31b733ae024b7331be8800449cc1d,383447,170d538fc01a93e4a1aebf3089ca0444b26a0327e31b91114e8f1a91c3263f28,classreg.learning.classif.CompactClassificationDiscriminant,CPU / fitcdiscr,8,1
LDA,2,12,lda/feature_02/lda_feature_02_fold_12_compact_model.mat,bc39a4948c7446eb8d3e21bcd66b66e002aec4a6330b0fc8f3df941095ff8863,383455,3dec1867801b3af4a5153d92704e0848f4f49de895e6739c229d1ba8b8f4de5b,classreg.learning.classif.CompactClassificationDiscriminant,CPU / fitcdiscr,8,1
LDA,2,13,lda/feature_02/lda_feature_02_fold_13_compact_model.mat,51fc3bdbd4b2392ad1c69ecd74a42cdd8f43c2e7ed5d2f0e56806a797f8b0ecd,383466,d69251820458d80241225c9042c97664a41b35bdcc38417a2a80b202267f1154,classreg.learning.classif.CompactClassificationDiscriminant,CPU / fitcdiscr,8,1
LDA,2,14,lda/feature_02/lda_feature_02_fold_14_compact_model.mat,318669ac071518af0f960ebc16f46b84504b926afbf0dfac70ca7d787b64149a,383488,3782669912386b431b0d8bf2c47d3dd93cdcfc3959574e1f29f2690158510d2d,classreg.learning.classif.CompactClassificationDiscriminant,CPU / fitcdiscr,8,1
LDA,2,15,lda/feature_02/lda_feature_02_fold_15_compact_model.mat,76be8be6ab925ac0d5cb43ce1503cb6f1f1845ae457d4356786f959d3a8cb20e,383456,ff04ba79a58bde1ea5f34349ed6514613e6991ffd2e40c2ff48907511fa9df58,classreg.learning.classif.CompactClassificationDiscriminant,CPU / fitcdiscr,8,1
LDA,2,16,lda/feature_02/lda_feature_02_fold_16_compact_model.mat,5cf1fcdb25fcf2f886430ec0844dff9447f86fa2f2da3ed702308c6c3cb12ea5,383447,c5a5b7a3939ce26d943ac3dde2826791a84c964a1090e4e0d08019a124220c8b,classreg.learning.classif.CompactClassificationDiscriminant,CPU / fitcdiscr,8,1
LDA,2,17,lda/feature_02/lda_feature_02_fold_17_compact_model.mat,90532928034129a1d59ae0530ced4db5ba5cc66879bca2eb1f5850ba9f4e195f,383418,c4beb3186726c3406e7159e8afc5eb2feee38732af44945ac5591e30edeb969e,classreg.learning.classif.CompactClassificationDiscriminant,CPU / fitcdiscr,8,1
LDA,2,18,lda/feature_02/lda_feature_02_fold_18_compact_model.mat,963a9dbb98111c17e75d86a91675cbf6392959d3214d5d0a4eb4d7f7d3c1466b,383420,a290321910c9d959342d9f83eb09d89f9ce8605fcde429688ccef953c844b0a1,classreg.learning.classif.CompactClassificationDiscriminant,CPU / fitcdiscr,8,1
LDA,3,1,lda/feature_03/lda_feature_03_fold_01_compact_model.mat,08d1e9d1f7d5212d11f380b7ab4c529377fab131f197a965bd3ce1de4c6366f2,383286,30779d5b4d296c456bf1de0b2ac0b55694f8dad8e47dac5f5306f743d3c1735f,classreg.learning.classif.CompactClassificationDiscriminant,CPU / fitcdiscr,8,1
LDA,3,2,lda/feature_03/lda_feature_03_fold_02_compact_model.mat,8756dc5253edad1f3c529576636a10303e275bd52e00a9c6cf125ca9c07ac0d8,383278,fc409a940d967915fa628f629f5da8c78e62fb33cd05dde62ee196a2f8756d66,classreg.learning.classif.CompactClassificationDiscriminant,CPU / fitcdiscr,8,1
LDA,3,3,lda/feature_03/lda_feature_03_fold_03_compact_model.mat,7e9802a73fffcd2a3f3887c031b0f15b631008cec5ddebde6232a5fc743a86a3,383289,96161f9a6cfa652f655b1a1ba6a9e16dad63f0087b3e53f36932b5c5f8dbc758,classreg.learning.classif.CompactClassificationDiscriminant,CPU / fitcdiscr,8,1
LDA,3,4,lda/feature_03/lda_feature_03_fold_04_compact_model.mat,ca4a1a008a17509aa5e1603509caba24bd88622ed98ec16dbdb7fc1be093a1b0,383292,55cb06466e6acc97b51c2932d88fafb4168bb0af12d9cbdd05b27911b374dd2e,classreg.learning.classif.CompactClassificationDiscriminant,CPU / fitcdiscr,8,1
LDA,3,5,lda/feature_03/lda_feature_03_fold_05_compact_model.mat,d89282f33a56dd1746343a616b389a61c823c238bb45250639a1205417052b36,383299,b897d41ed5ec8f037b234495476c0c09ed0ad7a87c3c15cdae6395d2682eeab8,classreg.learning.classif.CompactClassificationDiscriminant,CPU / fitcdiscr,8,1
LDA,3,6,lda/feature_03/lda_feature_03_fold_06_compact_model.mat,c5b547126fa1d064f267d521fbedae296295b125f5065ba981d15e3adf8908be,383310,0b897d1e79d094f1244084bb8d4f8ee37fba6633b9f5b777d928ea9e1bf77593,classreg.learning.classif.CompactClassificationDiscriminant,CPU / fitcdiscr,8,1
LDA,3,7,lda/feature_03/lda_feature_03_fold_07_compact_model.mat,9cf7c530b121793511495c9ef2e8a7fa90a8dd83dd9d51da6beb7d0cf0e2de57,383246,b00cb06e3ff9d85945636ad1fa85e49b611ffa37798bbded733f2bcc0272ce6a,classreg.learning.classif.CompactClassificationDiscriminant,CPU / fitcdiscr,8,1
LDA,3,8,lda/feature_03/lda_feature_03_fold_08_compact_model.mat,0e54842fb906c25ba289fac753ee0dbe96f9fe8135bf0d64a9bbf74404d6d716,383292,c0ec9a77565cb1de7753ee88a197b283770c32c32cde8858476c1cfa96e315d7,classreg.learning.classif.CompactClassificationDiscriminant,CPU / fitcdiscr,8,1
LDA,3,9,lda/feature_03/lda_feature_03_fold_09_compact_model.mat,1d3e8fbafee59067695251ba3b93690ac68b30bbc00a5ab60840e1cf8a134586,383242,6078774dbe480d82b14774efc7635707ae9cfca9499f6b2b326f9c08e49b0779,classreg.learning.classif.CompactClassificationDiscriminant,CPU / fitcdiscr,8,1
LDA,3,10,lda/feature_03/lda_feature_03_fold_10_compact_model.mat,b5598cbaac1ee3c5d1fc9edb7a3244fb1f42c9b8568b25972b588dd0403f4fe7,383342,75a13896a22830753ffbebcb0823816e8a86ef455e82b1a47ead5db65525ac20,classreg.learning.classif.CompactClassificationDiscriminant,CPU / fitcdiscr,8,1
LDA,3,11,lda/feature_03/lda_feature_03_fold_11_compact_model.mat,f225105d763eedc47e8673cb8e74ae96c74daa676fd12772e851fc7d4ac1f797,383293,a0c5b7dbce4ea78d53a5266d2e27b7e3444b980908046dd699e89f4229acb573,classreg.learning.classif.CompactClassificationDiscriminant,CPU / fitcdiscr,8,1
LDA,3,12,lda/feature_03/lda_feature_03_fold_12_compact_model.mat,bd1f8b4ec430bc31f829c0e8288a51e943978c0d404f59373dff440983c35e8d,383252,3a9904df377c4003641430b913e2de7e3f0c0fb73b087ab9ce92d0b4dbb84640,classreg.learning.classif.CompactClassificationDiscriminant,CPU / fitcdiscr,8,1
LDA,3,13,lda/feature_03/lda_feature_03_fold_13_compact_model.mat,1bec7bca83622d963d7a00b9deb1d22e528b2f0b07b88c9d117d7aa908a82fb4,383308,222c19675aa20918a6fd8f6bb85f0e7f1ac85cf8ff6f35ebcc3cbf44ea98198c,classreg.learning.classif.CompactClassificationDiscriminant,CPU / fitcdiscr,8,1
LDA,3,14,lda/feature_03/lda_feature_03_fold_14_compact_model.mat,19c3e33cd73e220e2cc7fa7b98892b0dda51cc0ff60a5acaeebd2484fc1e59a7,383253,d2a8ab38a4bc70874d38f30ea753af75df238fd09aa553b3ed40f2a76309d970,classreg.learning.classif.CompactClassificationDiscriminant,CPU / fitcdiscr,8,1
LDA,3,15,lda/feature_03/lda_feature_03_fold_15_compact_model.mat,b07c164c6e5a7cac27765886170c82209f027ee27c33a9f4a0ffc7e0bcdb297e,383316,f360ee44bd36dc21543b729fd70b2d26a0903db5cfd4d3f4c384b3178415292d,classreg.learning.classif.CompactClassificationDiscriminant,CPU / fitcdiscr,8,1
LDA,3,16,lda/feature_03/lda_feature_03_fold_16_compact_model.mat,50822d9f1d994888b5e9ae5b8ca9222f15b757297acbc6704d765d9d45b1cffd,383257,01592fe937be0bb0757cad56d16d038f358aff337961d57d8be8498c2b9e5bee,classreg.learning.classif.CompactClassificationDiscriminant,CPU / fitcdiscr,8,1
LDA,3,17,lda/feature_03/lda_feature_03_fold_17_compact_model.mat,a221a21a94f6725d21311a22b111d049e3c1b85276b321c43a9baac4b8860e1c,383266,693be46d50df81f5155916e2d5afc60574acf5b0b7ead1f51f7db2518b9ac774,classreg.learning.classif.CompactClassificationDiscriminant,CPU / fitcdiscr,8,1
LDA,3,18,lda/feature_03/lda_feature_03_fold_18_compact_model.mat,dd122ea29265c1e1ea8da986b16be44a41afd5d638473b2b35370926e05a131d,383270,4e2c256e0811b1730fb82c4da9aa4f0b73bca23dff526056b46d466bed2dd2cc,classreg.learning.classif.CompactClassificationDiscriminant,CPU / fitcdiscr,8,1
LDA,4,1,lda/feature_04/lda_feature_04_fold_01_compact_model.mat,365d1b39429cab571ac90ee1b3e4a8b1dd2059b30383068962b9cc8ec3610ac5,383650,c9f7f78cc7b527ad32798bd862e8b7546b555ec9c2ea66eb5a20e694d2bc53c4,classreg.learning.classif.CompactClassificationDiscriminant,CPU / fitcdiscr,8,1
LDA,4,2,lda/feature_04/lda_feature_04_fold_02_compact_model.mat,27790312a448b6556381bc9cb1438072408cd08947a0becdca593b09c166d7cd,383669,5bd6d6cc1233189325819980eb1aa000aabc7332fcbda1e303c7d56ebad7a6cb,classreg.learning.classif.CompactClassificationDiscriminant,CPU / fitcdiscr,8,1
LDA,4,3,lda/feature_04/lda_feature_04_fold_03_compact_model.mat,1d3643c062ff40a0dcbc6c96b47754bd1bc9e180da5d06da856feb3db914c057,383632,1a1edcc47508b68bc8eb495b3e3615d888f09060e54db2c6ad30ce536f0e2183,classreg.learning.classif.CompactClassificationDiscriminant,CPU / fitcdiscr,8,1
LDA,4,4,lda/feature_04/lda_feature_04_fold_04_compact_model.mat,86ef92147d1fb8cdb28a7254be87193333ae612834f8c68c112ad6bfacefc2b2,383618,3be4c564af2d949850f8931c9e5fb8416fc8253de160e1e3bb9a654712069822,classreg.learning.classif.CompactClassificationDiscriminant,CPU / fitcdiscr,8,1
LDA,4,5,lda/feature_04/lda_feature_04_fold_05_compact_model.mat,62ca4e336ffaff662b927d3639f63a5277a2d95bd3ca1d552261380f31b9a861,383583,de6b059f4a60cd34dee463985f9b340e9ef0d4c75a7e1c299bdf58a5169efa1d,classreg.learning.classif.CompactClassificationDiscriminant,CPU / fitcdiscr,8,1
LDA,4,6,lda/feature_04/lda_feature_04_fold_06_compact_model.mat,909a5eaa077beec94b374f8325f53bce3f107e1301df5f87409a4b9345a349f2,383602,abb1bb5fc44a9376b14ff7c92ddb427a0212098cb9794958584a274b43aa7ab3,classreg.learning.classif.CompactClassificationDiscriminant,CPU / fitcdiscr,8,1
LDA,4,7,lda/feature_04/lda_feature_04_fold_07_compact_model.mat,14740a59af98c24383b2ff608eb9e9b5e224331bea38d635b56e1d0831bdc2f8,383623,c5b1b64c4325d62526c6cc92f2cefdd4a5ffc1ea6168d5887fe322a71fac0e92,classreg.learning.classif.CompactClassificationDiscriminant,CPU / fitcdiscr,8,1
LDA,4,8,lda/feature_04/lda_feature_04_fold_08_compact_model.mat,66b6e460d25e78268fe1e72206efb4f3b0eb5e56397d6207f620d75b95a6ab95,383643,e2526ad050ef214bc94276306c8b5dcdde46ba0c23921e0576d8b61fd521aabe,classreg.learning.classif.CompactClassificationDiscriminant,CPU / fitcdiscr,8,1
LDA,4,9,lda/feature_04/lda_feature_04_fold_09_compact_model.mat,316bf85fd138fc4adef23986e41677f910ecee5517e62384775cb908505c9265,383551,28b348f458b9b834e5308d2fa05120a6f913ad24922d43bab3476a7ebf20454a,classreg.learning.classif.CompactClassificationDiscriminant,CPU / fitcdiscr,8,1
LDA,4,10,lda/feature_04/lda_feature_04_fold_10_compact_model.mat,b891dc262dee9ee48d23128cd5a412d61371bcfed84f157fc46bec41e36a4b86,383601,988a33cb2b4ba3789419ba4418ed672ec6c6d133e13a2b8e821d31dff4dd4aa8,classreg.learning.classif.CompactClassificationDiscriminant,CPU / fitcdiscr,8,1
LDA,4,11,lda/feature_04/lda_feature_04_fold_11_compact_model.mat,735fc4d2b8482577edef57ecb9dd460090eb1c12951d8f6650f7fa64b3be876c,383635,cbec18d27f6bfbaf8048e2a8b58667cb3f3bee32388af48524f4789aa8318832,classreg.learning.classif.CompactClassificationDiscriminant,CPU / fitcdiscr,8,1
LDA,4,12,lda/feature_04/lda_feature_04_fold_12_compact_model.mat,db42340c042661d979fb2545291b53bc1e405b939a8db4140b1453992f350c37,383637,c4a54e36e01667a98094ac4005b82ce3034220a70e0e2a194dbf92e940d0b9a6,classreg.learning.classif.CompactClassificationDiscriminant,CPU / fitcdiscr,8,1
LDA,4,13,lda/feature_04/lda_feature_04_fold_13_compact_model.mat,f15c41f66b1877235aa148d42d1bf4452f2705d7edd5ea764a2671e65d408ba9,383636,c6eb38cc61933bf244aa4b4db83e9c69630ac9bcb763cf1da6fc5555056dbbca,classreg.learning.classif.CompactClassificationDiscriminant,CPU / fitcdiscr,8,1
LDA,4,14,lda/feature_04/lda_feature_04_fold_14_compact_model.mat,c789a10198abcbcdc5b5bcecbe3febe89cf68447e6452a6a0e26e6f14e226c0b,383615,56586b9efff2fb08d655a49d3f3aac6d28d644b535a4e49b5acce48c5fac6683,classreg.learning.classif.CompactClassificationDiscriminant,CPU / fitcdiscr,8,1
LDA,4,15,lda/feature_04/lda_feature_04_fold_15_compact_model.mat,d5202fcc8d41fa4d96678079e2e848b7cd2e0a7a1a1b62c432f30a907e4af3d2,383645,cfcd64cff3ab44fdd565147b8f2ee8b03c4a819bc54d3ec48472e829c7edc2b3,classreg.learning.classif.CompactClassificationDiscriminant,CPU / fitcdiscr,8,1
LDA,4,16,lda/feature_04/lda_feature_04_fold_16_compact_model.mat,57d63c4e837f2cadc7f47f7754eb9362a614a6a173cae7a63684024d47aef676,383616,8a66732e59893445a6b35085a9194101279a1469027b41aa13cf9b11d0f9e683,classreg.learning.classif.CompactClassificationDiscriminant,CPU / fitcdiscr,8,1
LDA,4,17,lda/feature_04/lda_feature_04_fold_17_compact_model.mat,4a59de953da47d7a03e9f9d271cf0cbefba2882be0fd743cc4858c4c51874bc6,383656,806c010035ec3a01c6ff030a2406585f458d9fbf91e58196e7d24d8fbb47890c,classreg.learning.classif.CompactClassificationDiscriminant,CPU / fitcdiscr,8,1
LDA,4,18,lda/feature_04/lda_feature_04_fold_18_compact_model.mat,3c01a19ea66de1238ef2997db4071387c60469efcebcc530caeaedb5c2a40c19,383616,1f525fd8abcd980aef4eb3e1144f828234ec452f37985c367c042a01dd29c76a,classreg.learning.classif.CompactClassificationDiscriminant,CPU / fitcdiscr,8,1
LDA,5,1,lda/feature_05/lda_feature_05_fold_01_compact_model.mat,9cb7c1c246afe52a4bb499353bf23a1184de033f2c4dc0c73acd2bcfe9c9cffa,383293,75d495f2f9558c5915a5a78309d718be3310aa3047fdfa27134e3fbd2c07bef0,classreg.learning.classif.CompactClassificationDiscriminant,CPU / fitcdiscr,8,1
LDA,5,2,lda/feature_05/lda_feature_05_fold_02_compact_model.mat,56d067f8ca2b15c8e14f26057c530d33dec0da8edc54d364f3b6ab9cdf167808,383313,580e90c8fedab87ac8c64aa4e2d34e9ba7390b466fa15c2998d5d15bb06c068c,classreg.learning.classif.CompactClassificationDiscriminant,CPU / fitcdiscr,8,1
LDA,5,3,lda/feature_05/lda_feature_05_fold_03_compact_model.mat,97689beaec5004ac9585ef9d1797e5cf9760773d01ad459647814220b454ee12,383321,ebae99d98451e43709aaf8eb7151acfc56322ccb01120744834445a448db2d82,classreg.learning.classif.CompactClassificationDiscriminant,CPU / fitcdiscr,8,1
LDA,5,4,lda/feature_05/lda_feature_05_fold_04_compact_model.mat,87fcf7991051a1c5c073aaf3df7aebc399dd6676ad804bca2a01e2df0325877d,383243,76eec6084ba2d639483e0f22ddc0f5aae9d09f3d2edb4e9333d5456fa727e58e,classreg.learning.classif.CompactClassificationDiscriminant,CPU / fitcdiscr,8,1
LDA,5,5,lda/feature_05/lda_feature_05_fold_05_compact_model.mat,76e5f4a7954796a0f2abaf779e9516ee7403268f0d3299ddef8caf358f833980,383290,8358ba3f8fa344811424a67393d6b891dd5786991eb93ecc463da32b65bb6f13,classreg.learning.classif.CompactClassificationDiscriminant,CPU / fitcdiscr,8,1
LDA,5,6,lda/feature_05/lda_feature_05_fold_06_compact_model.mat,ec7c4f2fa042fc0364663f83774a5bbf01eef184d9f1d4914fec4e8e1c7fb92e,383261,4e7ea6ce2b381b2fe8b4bb6a34bc7cb072b29b3237b5ee932ceb1a38ac62ae82,classreg.learning.classif.CompactClassificationDiscriminant,CPU / fitcdiscr,8,1
LDA,5,7,lda/feature_05/lda_feature_05_fold_07_compact_model.mat,2faca162fb01976eb6455dfcfc089db2417081c30fb1ddcc28a3da7758d2011e,383283,8ebfcdaaaa4c7a6cb7c8b3f3f334b221da81d6c0d37772ea7802e0154ee9117b,classreg.learning.classif.CompactClassificationDiscriminant,CPU / fitcdiscr,8,1
LDA,5,8,lda/feature_05/lda_feature_05_fold_08_compact_model.mat,054a4157460625b2ea94b5977e1ffc460d9643fa6eb9aeeebec3583a099ffb2e,383326,ca9894b04a62cbe5e0f4f8c8f5bc0a6e45598509431c83030ff14dd929cbb903,classreg.learning.classif.CompactClassificationDiscriminant,CPU / fitcdiscr,8,1
LDA,5,9,lda/feature_05/lda_feature_05_fold_09_compact_model.mat,b1b6047fc5c95e692d76d0fa20495de94ce6ec1687b08c05120511551552a5da,383294,aec4eabaa10fb4b846f03478d145d6f3c49cf37f164ac9c8d14753da4fb5e5e9,classreg.learning.classif.CompactClassificationDiscriminant,CPU / fitcdiscr,8,1
LDA,5,10,lda/feature_05/lda_feature_05_fold_10_compact_model.mat,1439dc812858b265e8821d92526e6259494ce059963e9c726d1b802aaf14c309,383310,7ece9119cf7e2480bf4e79f986424f24aab7af6f41659db44a442069dbdd66a7,classreg.learning.classif.CompactClassificationDiscriminant,CPU / fitcdiscr,8,1
LDA,5,11,lda/feature_05/lda_feature_05_fold_11_compact_model.mat,e7ee850a51b006a1b5fd09e717e128dcce381b3c69fa376146dc3d87e3efa6e0,383316,23e1dc0cf96ff5f69c0001666845201704b13dab24e25ef5b4add61cdcd3b6c1,classreg.learning.classif.CompactClassificationDiscriminant,CPU / fitcdiscr,8,1
LDA,5,12,lda/feature_05/lda_feature_05_fold_12_compact_model.mat,e2c43d45324370cb23541dfbac6db48f75d73a06bca35b214e2c63703ac420b4,383322,5701875107064e80522a2083e2cb4171a53ddecd227ab32d3417a7722430fede,classreg.learning.classif.CompactClassificationDiscriminant,CPU / fitcdiscr,8,1
LDA,5,13,lda/feature_05/lda_feature_05_fold_13_compact_model.mat,c229919558b14586644c3aec336953f77a89ecab886cb936610aea883c562476,383218,e544a25de3be230277fe2506bf75aff10373bb97962f3661ef0c3a98478aed34,classreg.learning.classif.CompactClassificationDiscriminant,CPU / fitcdiscr,8,1
LDA,5,14,lda/feature_05/lda_feature_05_fold_14_compact_model.mat,d31ab9fb5d7a42c61e5702d585d09a191784676401cb0dbd112b4ab64df63251,383306,29a2571b219491e4ffab3cc2cf18ac53838302c7bde65eb33b25625a6a5593e3,classreg.learning.classif.CompactClassificationDiscriminant,CPU / fitcdiscr,8,1
LDA,5,15,lda/feature_05/lda_feature_05_fold_15_compact_model.mat,c799c00acb855aa1ca2adfe956c1a91b85213f445ffe4fc1d536adf54f14b777,383254,411df23ebe32896da968ba1c4b816a2a1ac795f5937dc6a0a89a72711a4dc282,classreg.learning.classif.CompactClassificationDiscriminant,CPU / fitcdiscr,8,1
LDA,5,16,lda/feature_05/lda_feature_05_fold_16_compact_model.mat,d8f84d1cc3c3c82970d9a4b8a3f5e2a640fa7dfa0fef5757960c5888d414fa5b,383300,757b39d1669865adca75e3166e958654fbf96930910cd96521c3e32a5d55a326,classreg.learning.classif.CompactClassificationDiscriminant,CPU / fitcdiscr,8,1
LDA,5,17,lda/feature_05/lda_feature_05_fold_17_compact_model.mat,f5191f763bfc0bf22c8e8aa29314cc29d0bf65aad7f1a1259cb41e4a3abd3350,383270,ebd1f5846dcfaa0ff975ac175da1559d96a3c9d00d3a137a730d66cac312d160,classreg.learning.classif.CompactClassificationDiscriminant,CPU / fitcdiscr,8,1
LDA,5,18,lda/feature_05/lda_feature_05_fold_18_compact_model.mat,f7ac745950a0a68ee4d00b439194500c2e9f9bc34037609da374a2a99ce76fe9,383259,a5b1725b5eb5449658e71d2eff671c7c76f6a84d2167884bea877e82f558eb87,classreg.learning.classif.CompactClassificationDiscriminant,CPU / fitcdiscr,8,1
LDA,6,1,lda/feature_06/lda_feature_06_fold_01_compact_model.mat,181af96e847d83fdb224b1913d86d8a3ce9f401290140a3df19760eaeb8a29f2,383438,ba559c5ba932fb7a5e38676e7c164c8f27be38118211845b03fc7c73fe0615b6,classreg.learning.classif.CompactClassificationDiscriminant,CPU / fitcdiscr,8,1
LDA,6,2,lda/feature_06/lda_feature_06_fold_02_compact_model.mat,0ff7c5029205c4d69b57ca1b8b4cee7033fefb51711b93ab6bc5a4cda409d64e,383370,6b49c8c1a036ca39a1294d4c5d7d7c749a159bd19e03004d1ebf02b506a20769,classreg.learning.classif.CompactClassificationDiscriminant,CPU / fitcdiscr,8,1
LDA,6,3,lda/feature_06/lda_feature_06_fold_03_compact_model.mat,9d31452c8a598ba61a4a55ef54433a72f95335e00eeb79c941b6bf124cb7e31a,383432,febf8dde0b577dc43f2f541656157b696c1dfe9109087d578dc91e02369457ec,classreg.learning.classif.CompactClassificationDiscriminant,CPU / fitcdiscr,8,1
LDA,6,4,lda/feature_06/lda_feature_06_fold_04_compact_model.mat,c7f726ab0b82e55dfea7a3a45653feb4297f856cfdfa5f65c2cc81563f472380,383421,467bb401974c0c8a2a4ccbf1d45646e7cf0f6dba554626c03ecae3a76c71c709,classreg.learning.classif.CompactClassificationDiscriminant,CPU / fitcdiscr,8,1
LDA,6,5,lda/feature_06/lda_feature_06_fold_05_compact_model.mat,a16b58cf78c111c09ce174ea5bb8b5be8e3394c40c59f8e3dddc1803466e81e9,383372,4e7d278fcd6b20f1565cf421af5bf96011ebb32d18216a4046f15447bff393d8,classreg.learning.classif.CompactClassificationDiscriminant,CPU / fitcdiscr,8,1
LDA,6,6,lda/feature_06/lda_feature_06_fold_06_compact_model.mat,e1ef406008596eafc6824ae4ccd5fe7bcda533346ac67b64558fb96b8f681d22,383407,4172789a69129db832cec582c3c1d089168ef6fcc7bc20429e55eef06ff8c55b,classreg.learning.classif.CompactClassificationDiscriminant,CPU / fitcdiscr,8,1
LDA,6,7,lda/feature_06/lda_feature_06_fold_07_compact_model.mat,3ddc167ebd3605c00f20195025dae1473e841c1782cf0bb87222ebea153cb2f0,383352,399c97c4593fb7a8d79a81b60ed99e0a08ac1185710db327def6a02c0ea1c545,classreg.learning.classif.CompactClassificationDiscriminant,CPU / fitcdiscr,8,1
LDA,6,8,lda/feature_06/lda_feature_06_fold_08_compact_model.mat,fba562bf82c36f95651882ad49083f1faeb066103cff1ad9835a442aa894d1af,383397,b42687ee32b1c91becb14a4622dee6f9827a23373debe2dd398d24b4233e2a98,classreg.learning.classif.CompactClassificationDiscriminant,CPU / fitcdiscr,8,1
LDA,6,9,lda/feature_06/lda_feature_06_fold_09_compact_model.mat,388d386428e71e1edba2d1d25e3383425701672055f48fe6fa462a7d4002c52a,383456,5055e60a291b0f5378626a76147469bb007286601d1c9fdc4f16db491b840277,classreg.learning.classif.CompactClassificationDiscriminant,CPU / fitcdiscr,8,1
LDA,6,10,lda/feature_06/lda_feature_06_fold_10_compact_model.mat,3bf8ddba29fb591f2da3646e0b6c29414eb528cbcb9ba527416ccafd48b966cb,383406,434ec545eb1a8814b410161e5a00fa917a8cba630e88ba709c0ad46af1db17db,classreg.learning.classif.CompactClassificationDiscriminant,CPU / fitcdiscr,8,1
LDA,6,11,lda/feature_06/lda_feature_06_fold_11_compact_model.mat,611723d94d7e0fb97fd6e16bd17e7492c1025975b8939b6c08b67cb30995ac96,383456,be9b704d353dc7b0f8971e23997ef5f0a6946d059899f40631a4671862bc4457,classreg.learning.classif.CompactClassificationDiscriminant,CPU / fitcdiscr,8,1
LDA,6,12,lda/feature_06/lda_feature_06_fold_12_compact_model.mat,9229a3d0c43a2ded5c41befe69c24a27d6080bc5c8e8ec12e2b07119f845abc3,383406,0a17e9d313433c2eacf676efc5453054c2ef6886c831e687f63edb37c91faaa6,classreg.learning.classif.CompactClassificationDiscriminant,CPU / fitcdiscr,8,1
LDA,6,13,lda/feature_06/lda_feature_06_fold_13_compact_model.mat,5119696d3394ebe8e66426bd09d821779b5194ac038b970e1826f5e0435653c8,383478,5b9e267be7934abf2e5819fa88e978acb2726c5d195d27d63f29ae4e2ba04f93,classreg.learning.classif.CompactClassificationDiscriminant,CPU / fitcdiscr,8,1
LDA,6,14,lda/feature_06/lda_feature_06_fold_14_compact_model.mat,c24bc8f224eb02c611d0f0f8f218cb71996d66f751f0f32e12452e2c79306804,383389,5d68ada7ed63b8f17a621b73c92b8d5cf692236508edae4b3f51c8b48a76f8b8,classreg.learning.classif.CompactClassificationDiscriminant,CPU / fitcdiscr,8,1
LDA,6,15,lda/feature_06/lda_feature_06_fold_15_compact_model.mat,f8bf42021017b3d52ef06a5135d137620f9f7ff377b5c735f1a00943faee3ee0,383342,cbafe5c4a7369de34ad0b82a9983631ea225f1acb4efd3e06d085e53e72a8cc9,classreg.learning.classif.CompactClassificationDiscriminant,CPU / fitcdiscr,8,1
LDA,6,16,lda/feature_06/lda_feature_06_fold_16_compact_model.mat,ed5ae7623ae1799cca50576203882565730b1199b510c7e2b01fe19a2080d7e8,383357,4880d5e25151485f33f2827969de71469e15e18e76e7156afa035e767366a00f,classreg.learning.classif.CompactClassificationDiscriminant,CPU / fitcdiscr,8,1
LDA,6,17,lda/feature_06/lda_feature_06_fold_17_compact_model.mat,f9635514ba48513d8585e98fbad87400e43440e00e3111eb469654193119e2fc,383345,e4b6f412a3f83e1565573efa786707c665d1a936516448abaf64f0eabf4fce6d,classreg.learning.classif.CompactClassificationDiscriminant,CPU / fitcdiscr,8,1
LDA,6,18,lda/feature_06/lda_feature_06_fold_18_compact_model.mat,db33913422091c77a9563c3f65e5f0f739249a6a1dfd4ade398e640654f959fb,383357,3284e0cc88f621c4427beb09a5376a420dad526549414363979ebda199692f7f,classreg.learning.classif.CompactClassificationDiscriminant,CPU / fitcdiscr,8,1
LDA,7,1,lda/feature_07/lda_feature_07_fold_01_compact_model.mat,6c10ff177f821c8275d107ab982d844d92c624d4a3a8af5b3c6321596f8cc20c,383456,e9f3e2c70ad744f4f342552c98fb68508a49ce2c9ee1385c90bfc86d402acda4,classreg.learning.classif.CompactClassificationDiscriminant,CPU / fitcdiscr,8,1
LDA,7,2,lda/feature_07/lda_feature_07_fold_02_compact_model.mat,3827ec2e3c565caafcc4651f40cc08205881e1eb032ff72ae0bb9368e9f3444e,383392,7303cdaac9398b249b2dcdde92f95d0d3e05a84a7107281990930424b94c856d,classreg.learning.classif.CompactClassificationDiscriminant,CPU / fitcdiscr,8,1
LDA,7,3,lda/feature_07/lda_feature_07_fold_03_compact_model.mat,4775a83fce05d1591c2b8e01f85fc7e42455322b936994b4bd383934b1db86cd,383409,77748b8e5487f9e461bb216870ce40f39e441168b1597846c6f8b256fdfbdbfc,classreg.learning.classif.CompactClassificationDiscriminant,CPU / fitcdiscr,8,1
LDA,7,4,lda/feature_07/lda_feature_07_fold_04_compact_model.mat,47cfc034a32d858b9ff1b4c5f13e4f8255ae476b036bb7af625e6e8e9913c7c1,383282,87b8cf8e17c4b172e7ec1df43565c0b6825394a681fab3ccf80bcb0c7df93e49,classreg.learning.classif.CompactClassificationDiscriminant,CPU / fitcdiscr,8,1
LDA,7,5,lda/feature_07/lda_feature_07_fold_05_compact_model.mat,fdc362d6aaf015293618d28f4b30e09c32a395399ac5645eceebccd880b09560,383423,7aeaec42377604054cf6a219afc282581021ed3eaa31f55af66ad25380b22d57,classreg.learning.classif.CompactClassificationDiscriminant,CPU / fitcdiscr,8,1
LDA,7,6,lda/feature_07/lda_feature_07_fold_06_compact_model.mat,58be865e7ebc935ef7470e938a607e682372084548483ade70ad5b2bd181cb05,383399,0ccceb96dc64b1da59ee35ed1871c32d904d0a16d648b449dd443fe240129fcf,classreg.learning.classif.CompactClassificationDiscriminant,CPU / fitcdiscr,8,1
LDA,7,7,lda/feature_07/lda_feature_07_fold_07_compact_model.mat,1a429a61b9575b391a4428452f618c1f41f33f360d351767f5e129de6c6ff914,383482,39bbb0db0265cc4b7cc57f981e91d0521625ff84ee1f2cf6069ce15547e42d42,classreg.learning.classif.CompactClassificationDiscriminant,CPU / fitcdiscr,8,1
LDA,7,8,lda/feature_07/lda_feature_07_fold_08_compact_model.mat,65b692335a746488a218b20a03278780aa11dc81686b84899549fddf11bcca19,383437,1d1230539bc3a80f49a224f39c74a57105b51f71a531027b4c6bac6cd731cb71,classreg.learning.classif.CompactClassificationDiscriminant,CPU / fitcdiscr,8,1
LDA,7,9,lda/feature_07/lda_feature_07_fold_09_compact_model.mat,777255edab2625b25b0b8a4015bc15bf8394c0a4280294438bc97c8c0747534e,383387,2ce9c064418154f869f7ebede55326b57b7c8314bd8fd1a3624c8987d6ef5be6,classreg.learning.classif.CompactClassificationDiscriminant,CPU / fitcdiscr,8,1
LDA,7,10,lda/feature_07/lda_feature_07_fold_10_compact_model.mat,f2bbf0adb4832cc058814a5c028711b612ddd53582037e07825a5514027df31d,383354,be1240720a95a179aed5815ad917dfb62e3813fad87670ea99ed4ec45d5d8f2a,classreg.learning.classif.CompactClassificationDiscriminant,CPU / fitcdiscr,8,1
LDA,7,11,lda/feature_07/lda_feature_07_fold_11_compact_model.mat,195538c5162bc0bb18396ab3185cb7dd2235b5bb1c782d8c14b42c423b496239,383410,6437531b6b4fa0c0df810a76dbe040b1925c853a9b746b9bdc3abcf725300c94,classreg.learning.classif.CompactClassificationDiscriminant,CPU / fitcdiscr,8,1
LDA,7,12,lda/feature_07/lda_feature_07_fold_12_compact_model.mat,ad37976d9a463ba5ca8d90b571ff5f2543c7d15597ff8f07764b19ce0b8544db,383393,9acd40a3ed3baad7f9fe06cb8aa39a02b6c9145f2b5d2a981eb07ff8330767f9,classreg.learning.classif.CompactClassificationDiscriminant,CPU / fitcdiscr,8,1
LDA,7,13,lda/feature_07/lda_feature_07_fold_13_compact_model.mat,453eff5c27c3ae65f8c9bf3ce598241128129faf212f471dcc48d4999e23da56,383398,b2091256a44894f996304df3e144019c430448096a5a17b853b168b68bd48f53,classreg.learning.classif.CompactClassificationDiscriminant,CPU / fitcdiscr,8,1
LDA,7,14,lda/feature_07/lda_feature_07_fold_14_compact_model.mat,221460a253f29cfd68d0357370e0ce5a23c89bb0985d77cb80b33f9fedddf976,383465,0fb9a0bd139d116b18f9290d78e7887c76cd9fb1a099b05fb6df038414e63945,classreg.learning.classif.CompactClassificationDiscriminant,CPU / fitcdiscr,8,1
LDA,7,15,lda/feature_07/lda_feature_07_fold_15_compact_model.mat,2086e492790e345219b27248c5c806c673fe49dfccae7bfc1cf8c794e40d2724,383357,c0995ed49271562c819c2539b3173d28a64b4eb1cbc7b7c7d1103a4a1bdc0756,classreg.learning.classif.CompactClassificationDiscriminant,CPU / fitcdiscr,8,1
LDA,7,16,lda/feature_07/lda_feature_07_fold_16_compact_model.mat,6146c5e8887d1fca30cff6778f182fd978d7e179029bfbde345a6785f9a3ce7b,383427,1eaf1ffb880476fda51d46038018e1baad380a0bdd3d34873d59fc25bee65dda,classreg.learning.classif.CompactClassificationDiscriminant,CPU / fitcdiscr,8,1
LDA,7,17,lda/feature_07/lda_feature_07_fold_17_compact_model.mat,5e37e19fc94e4665ddd2da0a1be7ff157070237c035866b995e7a76b518d72d6,383361,65c566324c6b3ed6749bccc78c3ff5c7a2347e4abfd0e05394fd462904eb7a61,classreg.learning.classif.CompactClassificationDiscriminant,CPU / fitcdiscr,8,1
LDA,7,18,lda/feature_07/lda_feature_07_fold_18_compact_model.mat,c2d1e6412f3de5b8aa8c0ff0eba0949ea225d09d81ea1b56d2e38e8699cce7bd,383365,2c0f3bc91a52567c6b719bb087df9d5dfa2bbe7cd3921e1a658137f8910aed28,classreg.learning.classif.CompactClassificationDiscriminant,CPU / fitcdiscr,8,1
LDA,8,1,lda/feature_08/lda_feature_08_fold_01_compact_model.mat,d9672db4a7e0086db0d550ca9c128e8a6e225d0a5686230b602ad7d33386321f,383527,15c39162500204d1c4d19cd5f20fbb5f11abbbb2197048c9e8437e13cb6caf91,classreg.learning.classif.CompactClassificationDiscriminant,CPU / fitcdiscr,8,1
LDA,8,2,lda/feature_08/lda_feature_08_fold_02_compact_model.mat,37f35841ed73408f63858ee327020d4bf81e93143d09d9f8430392b5fcc2e9aa,383577,9c8b203924c879dcb04fc79242e1b15f5ba48325fde3bb58ced37b04e6af9b8e,classreg.learning.classif.CompactClassificationDiscriminant,CPU / fitcdiscr,8,1
LDA,8,3,lda/feature_08/lda_feature_08_fold_03_compact_model.mat,75234b5b1a29654a82e4403446350d8d7b8443712f07bf5586504952ca83deaf,383542,a956ef2632d8285b4f9defb8c346e50530b685a3101f10d65fd00ca5a57f70ee,classreg.learning.classif.CompactClassificationDiscriminant,CPU / fitcdiscr,8,1
LDA,8,4,lda/feature_08/lda_feature_08_fold_04_compact_model.mat,97086a5bd7d86fc50c20f58c1d7fa249665372503dd0eda676ad058618a08e0e,383487,5278beca4d51cbc60b7b9ab28c0df646617117ca0f5b54cf88674202cfb88396,classreg.learning.classif.CompactClassificationDiscriminant,CPU / fitcdiscr,8,1
LDA,8,5,lda/feature_08/lda_feature_08_fold_05_compact_model.mat,4e26c0f7328238ab6349ef89aea2b634fb297bde1fbcdf3042db65829e28a15e,383547,f85a7e61025192641fed38b4108095f975e8b7cdb1bb488935dbef1fea6e3cd5,classreg.learning.classif.CompactClassificationDiscriminant,CPU / fitcdiscr,8,1
LDA,8,6,lda/feature_08/lda_feature_08_fold_06_compact_model.mat,2dc47d2d037ebba6072295dfbe26788be51766535e81ce98e5136312cc32a0cf,383530,b97ed5b4c833fef5d7f9df74231fc23cc6a0d337be3feaf6798ef415a88077c9,classreg.learning.classif.CompactClassificationDiscriminant,CPU / fitcdiscr,8,1
LDA,8,7,lda/feature_08/lda_feature_08_fold_07_compact_model.mat,a3c31e037aa4c608e66cfcf2daf1040d4dc048257ddc159cefda792fd57070e4,383544,78b552baf1501ecc99cca790b069aae5dd386a32581e5f98475b1e6118f1cb7a,classreg.learning.classif.CompactClassificationDiscriminant,CPU / fitcdiscr,8,1
LDA,8,8,lda/feature_08/lda_feature_08_fold_08_compact_model.mat,1d7d0ec02176ca8339f1bbac48991d4b13117197ed74642eb05640d625230f04,383532,e5d49a07830d13a58f80418e1b2996d519dd64d7a6e40067e726d5b6c16fbe10,classreg.learning.classif.CompactClassificationDiscriminant,CPU / fitcdiscr,8,1
LDA,8,9,lda/feature_08/lda_feature_08_fold_09_compact_model.mat,6b0e38cc2dbf9907987c564b0738aad0d639d4c07ae8e659e9f07267ecd0d110,383447,c6ffd34f370d6ddf5d772a6dade908c1f950971e2a20aa3dd19baf0bc6484894,classreg.learning.classif.CompactClassificationDiscriminant,CPU / fitcdiscr,8,1
LDA,8,10,lda/feature_08/lda_feature_08_fold_10_compact_model.mat,1af36a9ddf2e445ef9f5205481419ad712d92d4966444f3cd5c09174caa1c303,383516,2cd0fae18ad1ed42afb1714eaf3660b971d7348acf2ead6df0b006ea7eeafd86,classreg.learning.classif.CompactClassificationDiscriminant,CPU / fitcdiscr,8,1
LDA,8,11,lda/feature_08/lda_feature_08_fold_11_compact_model.mat,c8ed6f66461405650aacbd4134edc402d190fd0b34610c15ab1233d118faf509,383516,abc9cec01d39ad016ba0e609509507d067b3cfdab127881036adc4d72d586567,classreg.learning.classif.CompactClassificationDiscriminant,CPU / fitcdiscr,8,1
LDA,8,12,lda/feature_08/lda_feature_08_fold_12_compact_model.mat,d191d44b39cba4da04b205a5a480ae8b5a8b163dc02c0bfeab2898c74f74deec,383530,e40518111444045abb0b08eda731150aa524b853711317ec2a13bcb384d29e70,classreg.learning.classif.CompactClassificationDiscriminant,CPU / fitcdiscr,8,1
LDA,8,13,lda/feature_08/lda_feature_08_fold_13_compact_model.mat,9886a95e749c3912998ed705b84fd3e09fff9ba942169751b9b23d2632f994cf,383549,21e138cf5786ef747d0deb8d3c5d5763b30378fa1676a8a6f07770f765bd416a,classreg.learning.classif.CompactClassificationDiscriminant,CPU / fitcdiscr,8,1
LDA,8,14,lda/feature_08/lda_feature_08_fold_14_compact_model.mat,82b85843bd0a3675e6330b2e7df212d425d17a5b472b8bcce922363a45956413,383515,13af60058483bf04fe7a218bcf8f43ea6700b45447a819019b43436501b48a30,classreg.learning.classif.CompactClassificationDiscriminant,CPU / fitcdiscr,8,1
LDA,8,15,lda/feature_08/lda_feature_08_fold_15_compact_model.mat,d69dcd51d707ac967054558739d14a1bfaf3b4edaa012fe6823992105b050c08,383490,ecee1a2bba4336da0609858d8035de87d1ca9f4fda0d1198a1465c408d73d5f4,classreg.learning.classif.CompactClassificationDiscriminant,CPU / fitcdiscr,8,1
LDA,8,16,lda/feature_08/lda_feature_08_fold_16_compact_model.mat,1db50f13f2bcff1c42132117d218091eaa61735133a452bac16c1a96c58b65b8,383533,367d83e519746c8aae2b3b230be23df6f39abcb0d51972a963ff23058ff73b6a,classreg.learning.classif.CompactClassificationDiscriminant,CPU / fitcdiscr,8,1
LDA,8,17,lda/feature_08/lda_feature_08_fold_17_compact_model.mat,2a4ed9496f92f3dca651d24cdc6bc38292e5b2c342ebbd0b0ea029f11078f2e3,383556,2e3f2f6609e3d85ec6cce5db467b9d23b43292b7668b687e65d73b4449fe456f,classreg.learning.classif.CompactClassificationDiscriminant,CPU / fitcdiscr,8,1
LDA,8,18,lda/feature_08/lda_feature_08_fold_18_compact_model.mat,18bd4fda459119a9fd1cb706fe6ffaf66307b7e5a1fac442ee06ce17916ac687,383485,497c0a34384872f0e7983bfaeedc3a3883090dae5f42397ff5471bd823aa2afb,classreg.learning.classif.CompactClassificationDiscriminant,CPU / fitcdiscr,8,1
LDA,9,1,lda/feature_09/lda_feature_09_fold_01_compact_model.mat,30430c1206d8ed6f08fa632eed61545ebb571d76173ea36efcdc67c2de22c408,383168,3a6a87b2a5dd1784e6bdb0b33d1d03254616e32a384ca66688dbbd211a9be83c,classreg.learning.classif.CompactClassificationDiscriminant,CPU / fitcdiscr,8,1
LDA,9,2,lda/feature_09/lda_feature_09_fold_02_compact_model.mat,ded135a4de7cee767b6cc76733d43c2f46e7af53f2a4361daa70e9cfa7729e4a,383207,90d54dd999e357d0e2f135fe8e3ad86bf3cc3293b9e2047cbd04a8f8b8420ad3,classreg.learning.classif.CompactClassificationDiscriminant,CPU / fitcdiscr,8,1
LDA,9,3,lda/feature_09/lda_feature_09_fold_03_compact_model.mat,3167c46887db7b645998fd36b15375ef540724043ec652178ee6ff5d0d20dccc,383215,5a3bf31c1b247c9e1995017a915dec025ae0b2bdb65cb61493537f96629c4cf9,classreg.learning.classif.CompactClassificationDiscriminant,CPU / fitcdiscr,8,1
LDA,9,4,lda/feature_09/lda_feature_09_fold_04_compact_model.mat,c9ffe552279b886e79edb10f2dba35117b6e745553739b0206caa5a390af2c90,383190,132c946c48f1a56615cfaace145c6fa51609ca3895c947a33474fdaeb94b47cd,classreg.learning.classif.CompactClassificationDiscriminant,CPU / fitcdiscr,8,1
LDA,9,5,lda/feature_09/lda_feature_09_fold_05_compact_model.mat,c33fa1774a84570539a57f0c87c2e503c34ab84ad79875b54dc5db944ce5b9db,383217,fa009787ffbc41be676f9a929379150dc6f3de87551a211609568d1c4e710c9c,classreg.learning.classif.CompactClassificationDiscriminant,CPU / fitcdiscr,8,1
LDA,9,6,lda/feature_09/lda_feature_09_fold_06_compact_model.mat,c45cf9c616fbd54a10bf669db59edffd5c903a08aae0ed6a80e7247599e8c5ba,383194,085864d908c9339fc5a1cb971ea4f63dc604a31baf9a3e552eaf7b1fcaa51092,classreg.learning.classif.CompactClassificationDiscriminant,CPU / fitcdiscr,8,1
LDA,9,7,lda/feature_09/lda_feature_09_fold_07_compact_model.mat,8f144cde098cc2e343bbae3af344e40164cb197d8422ff5388045ad8ae0667cd,383210,47b06b130110a4f409d122eb602543981ca0e04181e16fd96b0b910db7fa4879,classreg.learning.classif.CompactClassificationDiscriminant,CPU / fitcdiscr,8,1
LDA,9,8,lda/feature_09/lda_feature_09_fold_08_compact_model.mat,7f008864271bea819a99f251ea8b476f3ed1391f41f9122be9d5aacd6ac282e4,383143,0023647e451e8afcb83d8dc54d43d09facb35d2ed899dfec35e03aae4be57dca,classreg.learning.classif.CompactClassificationDiscriminant,CPU / fitcdiscr,8,1
LDA,9,9,lda/feature_09/lda_feature_09_fold_09_compact_model.mat,4875ac9f3ad31f5352d35371832ebe1d2a6e1e069c848a0ad428a23b514b2d69,383170,96e531bbaeb5bfbf59625cb5bc96cc70fba4928f7a45ce79a3f7adf389948e68,classreg.learning.classif.CompactClassificationDiscriminant,CPU / fitcdiscr,8,1
LDA,9,10,lda/feature_09/lda_feature_09_fold_10_compact_model.mat,2b9e69d1324295bace137d56b802564217e019fd3ba8e864067041a8afb763a4,383221,2fc10a28597a748887ff707dec7289d19b3330f4128e641ddfbea24233c6b412,classreg.learning.classif.CompactClassificationDiscriminant,CPU / fitcdiscr,8,1
LDA,9,11,lda/feature_09/lda_feature_09_fold_11_compact_model.mat,e1c7b771fc0b499509f52dfd9f22b012b41a0407e1725b36baaa8ea585ba16b7,383169,0d8e1f42f2369d4f7d0f7cff5f5d1a7b5cc08394aa5a39961a52a5502a27ee04,classreg.learning.classif.CompactClassificationDiscriminant,CPU / fitcdiscr,8,1
LDA,9,12,lda/feature_09/lda_feature_09_fold_12_compact_model.mat,fad618567f437e8e3a26373465cc70c6ca6e848c05299932645c9524d7d2781e,383300,ee7e6628aa7a447e43e8d7d43877610fca352f45cd70bf93f4de34ca6cb1aa84,classreg.learning.classif.CompactClassificationDiscriminant,CPU / fitcdiscr,8,1
LDA,9,13,lda/feature_09/lda_feature_09_fold_13_compact_model.mat,7db4cbba25a8d586bd0171fb590bc7a32e6af7ba454895ac69ab7a5d406a918c,383272,be18d19a89aeabe8756ac6c9a0baa39a69a5921a0f3eb3a9745d05f0a748b503,classreg.learning.classif.CompactClassificationDiscriminant,CPU / fitcdiscr,8,1
LDA,9,14,lda/feature_09/lda_feature_09_fold_14_compact_model.mat,f36e2cb818a16349c14704725b578bdb7ddca52c098634759f1430ced5c2c2d0,383227,ec2b64f3a30a498f0c61d9ce95f4413de451345e3e336ddae9baa71fe3f1e0b5,classreg.learning.classif.CompactClassificationDiscriminant,CPU / fitcdiscr,8,1
LDA,9,15,lda/feature_09/lda_feature_09_fold_15_compact_model.mat,e457102e40b690ce6bfff9268289e9f2df78f37a19f72ec0a4f9b002fe5db2ea,383230,801640903c26c253169f74bcccadc93d1a617308a927ee08c6e1c0a3dfae3ca6,classreg.learning.classif.CompactClassificationDiscriminant,CPU / fitcdiscr,8,1
LDA,9,16,lda/feature_09/lda_feature_09_fold_16_compact_model.mat,53b944d503e61b366a2518d93b2cff093367a62e33fc143438942fec8c57b4b3,383252,15905fa2bdfbcd802fb2f362b2b816e5f8c54f741075b6562c59d4527e345864,classreg.learning.classif.CompactClassificationDiscriminant,CPU / fitcdiscr,8,1
LDA,9,17,lda/feature_09/lda_feature_09_fold_17_compact_model.mat,2dea10b477aae6ad61768bbc133a1282404ee683a3b66c84695c5c7e7fb9fc0d,383190,9cb6c010f3087923a7ed624b5d4d2e8f9f072cfae8affe70efa41a8d4bf4b626,classreg.learning.classif.CompactClassificationDiscriminant,CPU / fitcdiscr,8,1
LDA,9,18,lda/feature_09/lda_feature_09_fold_18_compact_model.mat,044259e878ddcaebeebf0337489d9fa2cca4f374ee60b98ba58dc047e79e3fa4,383220,023a9ebc826ef55f9504cad3555cbeabac1ad98902a58e98182235b88f39ef8c,classreg.learning.classif.CompactClassificationDiscriminant,CPU / fitcdiscr,8,1
LDA,10,1,lda/feature_10/lda_feature_10_fold_01_compact_model.mat,cb2517f7cb810259daadbb9834413c180a9ee42d87b95a08a08b2d72a0852de9,383181,115f4bcf6abc6428c0a5c080bca789a789ffaeb7bc2b2db0a451b57e8b85c4d1,classreg.learning.classif.CompactClassificationDiscriminant,CPU / fitcdiscr,8,1
LDA,10,2,lda/feature_10/lda_feature_10_fold_02_compact_model.mat,c405002f24b5dc7fbb285abc0630d3e0492f41aafbed39b99454efb6c2a16f57,383266,c025a75e47459d0b901ea0a5ce13f69a411c26dab5d776be70a3019bd32231cc,classreg.learning.classif.CompactClassificationDiscriminant,CPU / fitcdiscr,8,1
LDA,10,3,lda/feature_10/lda_feature_10_fold_03_compact_model.mat,85a74e3ed9ff68a3e41eecdff4dad6d6ddc9e54a89da44af7184c2a77be9607c,383224,a79291582c0ef154e9a7620139416f9cc1d8a68f472e13ab7e42aacc719376db,classreg.learning.classif.CompactClassificationDiscriminant,CPU / fitcdiscr,8,1
LDA,10,4,lda/feature_10/lda_feature_10_fold_04_compact_model.mat,c80580e5c48d296d90b9ebda777abaf87a6c4c8219c76f5bd7257167f7f8e7a7,383270,835310ae26f426dbc508fc85c4c17d62816b0479f36f28c798118ceea7493f35,classreg.learning.classif.CompactClassificationDiscriminant,CPU / fitcdiscr,8,1
LDA,10,5,lda/feature_10/lda_feature_10_fold_05_compact_model.mat,4cecf6abead4d5571287a7cbf8247921b11fa4ca1a42c92f80af628cc7280147,383326,7029a96e42a55067ea29ea4c35ede605c1586541451f55f4142cdd9413a2b08c,classreg.learning.classif.CompactClassificationDiscriminant,CPU / fitcdiscr,8,1
LDA,10,6,lda/feature_10/lda_feature_10_fold_06_compact_model.mat,7ecc28c1abe6e3773170a740349b75b76df005404df7045649a71c16ad926997,383248,41fb48d82861818afd66ba8cc1fc3326b2b532933d5e2c801e610abe015ef093,classreg.learning.classif.CompactClassificationDiscriminant,CPU / fitcdiscr,8,1
LDA,10,7,lda/feature_10/lda_feature_10_fold_07_compact_model.mat,76b19bcab4f8538389b3cf8b56313b79c36dc64c6321e295502414fc3e7c32c9,383211,8646662d514594308c9125f528bf51b86482b99af3dbf6fdad74bd04e878d599,classreg.learning.classif.CompactClassificationDiscriminant,CPU / fitcdiscr,8,1
LDA,10,8,lda/feature_10/lda_feature_10_fold_08_compact_model.mat,60de76bc4fc847b7fec19b64fd2e6140caedbfaf1e975f59378149bab1935df5,383280,493d3e159bdaf19be8fb8df9e4bcb93e6163442d294485ee377e5741721b4bd2,classreg.learning.classif.CompactClassificationDiscriminant,CPU / fitcdiscr,8,1
LDA,10,9,lda/feature_10/lda_feature_10_fold_09_compact_model.mat,8e5701735866a9495c379785dad76d50e6872ab5d20fa2755a2b18a26fff87ea,383248,e72f2184d62589df837563184df5a5f66fdcb0368fe94cb2bef359d0bbad1843,classreg.learning.classif.CompactClassificationDiscriminant,CPU / fitcdiscr,8,1
LDA,10,10,lda/feature_10/lda_feature_10_fold_10_compact_model.mat,fb098378a8a5b66119a21a68c65aa37ec3845dd22196b529d2ea0b7dff6fb9fa,383227,a7ea4d6f7528f5e1fccc47903c67cf9effea6dd4b1ee0e60db6f986a7e642240,classreg.learning.classif.CompactClassificationDiscriminant,CPU / fitcdiscr,8,1
LDA,10,11,lda/feature_10/lda_feature_10_fold_11_compact_model.mat,4ae0508abd5ae745cd8882f523503a45818f7c709a0ffcfa5bfadebd73e023fa,383292,5d8f31cf1552b7f5e297a7036079b39cc9fec5bfe75354e660cbce57b896b070,classreg.learning.classif.CompactClassificationDiscriminant,CPU / fitcdiscr,8,1
LDA,10,12,lda/feature_10/lda_feature_10_fold_12_compact_model.mat,1e97bd6f003da2bfbff1f396188268d0d28a8e0f12d95f5a725cd6e8ca89e793,383248,a494286fb7a612571d7a79f1af2f4de0907b24e3b8c43ed1c5a5e2f4c2d99e93,classreg.learning.classif.CompactClassificationDiscriminant,CPU / fitcdiscr,8,1
LDA,10,13,lda/feature_10/lda_feature_10_fold_13_compact_model.mat,5c68990ef39f2f0ba2db40f9ad4dd967597264b0eb1a9024197e76e8c62b2a8c,383229,9c6bc7243d309fd02b332ef42d1a5ab7ffa2e4badec279b7a08067bd66e8aa3e,classreg.learning.classif.CompactClassificationDiscriminant,CPU / fitcdiscr,8,1
LDA,10,14,lda/feature_10/lda_feature_10_fold_14_compact_model.mat,8afaf05eecd3cfcda434bb008e6d7a5b103b608aabb3648238384e1925d9d1b4,383322,4df745fa6f2bef90a1d1c7eb5a4da258539dbeeaeb00063569c4f209065ec55d,classreg.learning.classif.CompactClassificationDiscriminant,CPU / fitcdiscr,8,1
LDA,10,15,lda/feature_10/lda_feature_10_fold_15_compact_model.mat,e8650d066919fa49f2700477a4ff89d46bc0e5a094f898bb15431fff11cac337,383290,f3783ce8669349db8fa87f5b79eaac08d29cc6a0e3d18f83b42bd0fc0ba9fe52,classreg.learning.classif.CompactClassificationDiscriminant,CPU / fitcdiscr,8,1
LDA,10,16,lda/feature_10/lda_feature_10_fold_16_compact_model.mat,035c447f2b3904e709c1bebe7b82a9c38a8cab0176867c6538bb3c12d7dd4c69,383233,5c86338868cb268e48e08a0ceeaf6847fd49995005c729c3a2447912b678ffa9,classreg.learning.classif.CompactClassificationDiscriminant,CPU / fitcdiscr,8,1
LDA,10,17,lda/feature_10/lda_feature_10_fold_17_compact_model.mat,8e8edfb573d5f42d2f335edaadb5f279dc678a79a6fb31ce5a2a08470f9404e5,383183,34ad0e792165a65026a5f0067a8fadcd84516c79944d069e0f10bce3a529934a,classreg.learning.classif.CompactClassificationDiscriminant,CPU / fitcdiscr,8,1
LDA,10,18,lda/feature_10/lda_feature_10_fold_18_compact_model.mat,e6fcbf96fe7fa8f64d6d071dfcdea37891f640103b04c62bd378f54e01647122,383336,32225ff2f5ed006d753f15f22dab2deb6cdd0510fdbbb67edb5c731892ee458b,classreg.learning.classif.CompactClassificationDiscriminant,CPU / fitcdiscr,8,1
LDA,11,1,lda/feature_11/lda_feature_11_fold_01_compact_model.mat,c147212617134c45488dcaa2425d6f6af058d8cfb8acdc20bcc265349b1f91a5,383281,11b35214ec4d41c0fe86411ea8efa27f3798472916642a01074a55a2232709d4,classreg.learning.classif.CompactClassificationDiscriminant,CPU / fitcdiscr,8,1
LDA,11,2,lda/feature_11/lda_feature_11_fold_02_compact_model.mat,f8087655eb07cc92a2c543170c95d72265f2c23b98f462d93eb8d064b9b3d261,383273,b2cc87862013a6cf36d11ccb4c3ea2f5de7f61619d21f51745e93788d03c0e98,classreg.learning.classif.CompactClassificationDiscriminant,CPU / fitcdiscr,8,1
LDA,11,3,lda/feature_11/lda_feature_11_fold_03_compact_model.mat,fb41d852901bed8896f7dded908fbe4182074a710ff1e09c11117ff4bc182ec1,383285,8a8e565eaece4974ecb19b8c560394efa2dbd4f233c7de4c886d9166d2ae5838,classreg.learning.classif.CompactClassificationDiscriminant,CPU / fitcdiscr,8,1
LDA,11,4,lda/feature_11/lda_feature_11_fold_04_compact_model.mat,101774fa02c2033da11e99e23e73c2958be9322e83bfd2d871f185f7ab7e1f64,383261,b6a97c6b28467bfbbc8d6c6bf807e0005fa9fadaab810b3d7ded73fda17f5e30,classreg.learning.classif.CompactClassificationDiscriminant,CPU / fitcdiscr,8,1
LDA,11,5,lda/feature_11/lda_feature_11_fold_05_compact_model.mat,27dfd7ad37e7bec0b527198916ca459d34ed8fd2ac40083e10e9bb76dc4fbd03,383221,b741ea348e8b946b5c527b3fb47072aeda914c604e199c187d62936f4538c00b,classreg.learning.classif.CompactClassificationDiscriminant,CPU / fitcdiscr,8,1
LDA,11,6,lda/feature_11/lda_feature_11_fold_06_compact_model.mat,66f8606c0ab3af08a55fec358097f4bb7eba6e75167a7e0ce84b16d12e7bbfa4,383290,93e8e237ad91df04e6a75f195e20d21d57d342677038aedcef130dedf6abbfa1,classreg.learning.classif.CompactClassificationDiscriminant,CPU / fitcdiscr,8,1
LDA,11,7,lda/feature_11/lda_feature_11_fold_07_compact_model.mat,efbdff508a8565f544456f04081651145c1f0de989d87365fbe8764c065cf331,383291,490ba925c8c7d3f21c87b7e7bf262d4ebc36416b23dd6241a17308c0ae85c6f2,classreg.learning.classif.CompactClassificationDiscriminant,CPU / fitcdiscr,8,1
LDA,11,8,lda/feature_11/lda_feature_11_fold_08_compact_model.mat,793660cf35457b813b9335cfc9a2c591475bfdc5acc782267de545bf535d220b,383266,4947455e783a4540d8c32d7fe51a303f0dc94ec634840bc23174d427bf28ce04,classreg.learning.classif.CompactClassificationDiscriminant,CPU / fitcdiscr,8,1
LDA,11,9,lda/feature_11/lda_feature_11_fold_09_compact_model.mat,84128aa1cd43bd69cbb92c6bffffa7084c092eff57d81d08a46a877b93073325,383226,6c6247d4ba09e64b6162a5cf684e46a1e473eabe7c36cea47fd66e29e0eb0007,classreg.learning.classif.CompactClassificationDiscriminant,CPU / fitcdiscr,8,1
LDA,11,10,lda/feature_11/lda_feature_11_fold_10_compact_model.mat,10d82015c08df878a9fc0aa6900b84ce8fb54cbc2df35f1d76a5320358a18e0f,383261,85412a4d4f6b9e8903d4ab3e9575aad0f642b93727d953dfbe8f018bab2679c0,classreg.learning.classif.CompactClassificationDiscriminant,CPU / fitcdiscr,8,1
LDA,11,11,lda/feature_11/lda_feature_11_fold_11_compact_model.mat,8554738d5cb5a286b7cfafb2e448a37a5c61078294c331b6a6a87f66097c3cf1,383289,1bedf1d342144a24e9d53b321e8c74b4a0bc66ee2220b7f6d2150a406e895a96,classreg.learning.classif.CompactClassificationDiscriminant,CPU / fitcdiscr,8,1
LDA,11,12,lda/feature_11/lda_feature_11_fold_12_compact_model.mat,1cf4c50adbc515ae58d7cdf52f8ea0af908306aca352ee95bce17d7a2c6c4e0e,383259,e0781bd3cea3ad422a188b5eb9a74d54d54f13c28ec3c835a627e79d5b20e83a,classreg.learning.classif.CompactClassificationDiscriminant,CPU / fitcdiscr,8,1
LDA,11,13,lda/feature_11/lda_feature_11_fold_13_compact_model.mat,28d808d3959042598fc2dfd3624c24fef5a0d217c33320dd5f5ef8f2c9e4be41,383281,c759fd1b79ce47cd8cb9c5d4e5f2b0ab8dde32d30a63642182416755c7340eec,classreg.learning.classif.CompactClassificationDiscriminant,CPU / fitcdiscr,8,1
LDA,11,14,lda/feature_11/lda_feature_11_fold_14_compact_model.mat,57e652c3fa42baa8ad7f03099321f1da059a35ce82b5ec890f0630b34ed8aee0,383257,2e487a4e8a8cc44e93f1aaf95a057e53151a37d1d744a4f48701f6d99ccc9c2c,classreg.learning.classif.CompactClassificationDiscriminant,CPU / fitcdiscr,8,1
LDA,11,15,lda/feature_11/lda_feature_11_fold_15_compact_model.mat,60d3c041d7b430f65d85f666211126867149d6c8013e992937d694fb7fe7be29,383280,6cfa86b0612b5725ea607ebf211164a8961a76a55bf506b9a7dcf3c3fd602510,classreg.learning.classif.CompactClassificationDiscriminant,CPU / fitcdiscr,8,1
LDA,11,16,lda/feature_11/lda_feature_11_fold_16_compact_model.mat,52f812fe1f4c573c13c6b6e261654ab8a5b8569005cd2688770441e12418b4ab,383292,fb65cdbaf9340c2318bf197adbe3654ac119d40029a0d1422a116f8d5e4735d9,classreg.learning.classif.CompactClassificationDiscriminant,CPU / fitcdiscr,8,1
LDA,11,17,lda/feature_11/lda_feature_11_fold_17_compact_model.mat,644f8515ad40652a22ce334d737a8ba43de831db0e308eeda97ed47e9ad3b523,383234,05bde14f551760ba4324d693e46a9f44d209d67140e7ffaa406b4b03540f8d4b,classreg.learning.classif.CompactClassificationDiscriminant,CPU / fitcdiscr,8,1
LDA,11,18,lda/feature_11/lda_feature_11_fold_18_compact_model.mat,52851edd996da480e6fc5df2c34987508980ce8aaa6091d1ae57f8e121812947,383314,67fd6e4a67d35526c0886dd9e7d69db72f2f1411abd420508d4fd93454b46362,classreg.learning.classif.CompactClassificationDiscriminant,CPU / fitcdiscr,8,1
LDA,12,1,lda/feature_12/lda_feature_12_fold_01_compact_model.mat,73f03d7770a9e8098414b177b5ee77e3614dd17a17c7f88d5989d81e5004517d,383275,24b815cd425dc4e29c86c77f058610766fe6dfada26e4ef215caa40eef88269b,classreg.learning.classif.CompactClassificationDiscriminant,CPU / fitcdiscr,8,1
LDA,12,2,lda/feature_12/lda_feature_12_fold_02_compact_model.mat,4ebc99b81070987cbcebb23e73519efe7b4c308ed7b4ef4f8a4d63bae0e9beda,383199,c1f9c370736c570a864d076d369de6852452236dc44ad7f7bf9e1f4f3fcd6eb5,classreg.learning.classif.CompactClassificationDiscriminant,CPU / fitcdiscr,8,1
LDA,12,3,lda/feature_12/lda_feature_12_fold_03_compact_model.mat,d6165da400de45d0d0f10eb3b45b8185b50951449f201e9aa86c0e295c673238,383250,a7ef56a933f200b9d755a7232e4185b7c5528ca3a8c53e3b1eef11f91353368a,classreg.learning.classif.CompactClassificationDiscriminant,CPU / fitcdiscr,8,1
LDA,12,4,lda/feature_12/lda_feature_12_fold_04_compact_model.mat,dcb29242b1c9f0bb5bd5507db720b680f546cce3c1be73c34bdca65a41c4cea0,383350,d8c529030523d6bcaacdc513ac7740c1420372cfac79c72eda16dccee73d1651,classreg.learning.classif.CompactClassificationDiscriminant,CPU / fitcdiscr,8,1
LDA,12,5,lda/feature_12/lda_feature_12_fold_05_compact_model.mat,ad43e9575015ad62820955662e27092090333811b61b38ea46807d600bdc8479,383291,316dfcdb20ae2141c900035443350f8c5f5419e66f788b0f0939dfd661723a1b,classreg.learning.classif.CompactClassificationDiscriminant,CPU / fitcdiscr,8,1
LDA,12,6,lda/feature_12/lda_feature_12_fold_06_compact_model.mat,7a5e8d4b51ae02cbc1f2de67a9f7c60d5ef243a601f2111ca9e4ab1cc903fb26,383319,fe7497856f3a849228f3ea12f4ce79b19079ae923820be18c868cbce0520934a,classreg.learning.classif.CompactClassificationDiscriminant,CPU / fitcdiscr,8,1
LDA,12,7,lda/feature_12/lda_feature_12_fold_07_compact_model.mat,fe19287cb9d139c824b04a36490d2a6e41e1a55a46b5deda2e99ce54c9cdcdf4,383310,ca0e5a11a25d115085e17a7ea6b3891e20f8de335056f9970f41e3542818e397,classreg.learning.classif.CompactClassificationDiscriminant,CPU / fitcdiscr,8,1
LDA,12,8,lda/feature_12/lda_feature_12_fold_08_compact_model.mat,35cb2d30de653e366f1595c1da9e1f118c03fbc8657f93ee1c3c3601f0ab5c7a,383278,6289415691e77286deedfbd2a55d7491a462a0cd7f9416bf01823d0754305e3b,classreg.learning.classif.CompactClassificationDiscriminant,CPU / fitcdiscr,8,1
LDA,12,9,lda/feature_12/lda_feature_12_fold_09_compact_model.mat,819940bc78bfce1d96ccf6808a15d3d9d1233156a3ffcb30d514dad2e9ccdf86,383304,7c26b5f684141817346ec505b47eaafa0a37e8f7793234e2dec1d3eb87822845,classreg.learning.classif.CompactClassificationDiscriminant,CPU / fitcdiscr,8,1
LDA,12,10,lda/feature_12/lda_feature_12_fold_10_compact_model.mat,208559508c90cddc2958dea5c8bae07ee9903dafc2cdba89ee56c00445485d4c,383304,6b5341481df3a6bc48c9dd4ba0af97ef72e8fc1228a2e0de2567edfd454b86b3,classreg.learning.classif.CompactClassificationDiscriminant,CPU / fitcdiscr,8,1
LDA,12,11,lda/feature_12/lda_feature_12_fold_11_compact_model.mat,df5671b9cfb99b2374c39e0f7451a43f44e5fbabe5526d91109dd7962caba536,383240,99ce36bb1e36fe4381ece7fb42d48d699e005400d0d8c6a664125d82488b0ac0,classreg.learning.classif.CompactClassificationDiscriminant,CPU / fitcdiscr,8,1
LDA,12,12,lda/feature_12/lda_feature_12_fold_12_compact_model.mat,39a6600b6213a3912b4c0d9959b27738145c256d65f91104d945ea17116f82ce,383293,d5812e827cecc70e9e74b5a54baebb63599472176addc41fb470fb8a042bf4e9,classreg.learning.classif.CompactClassificationDiscriminant,CPU / fitcdiscr,8,1
LDA,12,13,lda/feature_12/lda_feature_12_fold_13_compact_model.mat,3db7358ad7b99c3cc40981599fa3929458ea40abac3afdc78910d706c0ddd6a6,383267,84b3927d5bbbb096c4330b5319801f413e7e59b7d8152550320294dfa18b1799,classreg.learning.classif.CompactClassificationDiscriminant,CPU / fitcdiscr,8,1
LDA,12,14,lda/feature_12/lda_feature_12_fold_14_compact_model.mat,83badb7e03351e6c8e915c1bfdd50bf7d6f2ad145825edbcbe29be66b62427af,383283,dda299c1b9e3480c1b2abad4f7e111cff96d40508c074d89441be74a9b89cf84,classreg.learning.classif.CompactClassificationDiscriminant,CPU / fitcdiscr,8,1
LDA,12,15,lda/feature_12/lda_feature_12_fold_15_compact_model.mat,f1541311361f3e313c7968db4d9fe9e145454c63e93bf3f1a8c585d662eb87dd,383281,3adf1115a70f7433a5d09841e5c841dea3bbe5369d47aabba931c560f9e4a158,classreg.learning.classif.CompactClassificationDiscriminant,CPU / fitcdiscr,8,1
LDA,12,16,lda/feature_12/lda_feature_12_fold_16_compact_model.mat,b76533be910851229351fd0645e4aa9502e68eec44d87468851ccb3a23a7bfbb,383232,78473805a3db130c8b78bcd044be316330105c8c191b21799811e029cdab0e34,classreg.learning.classif.CompactClassificationDiscriminant,CPU / fitcdiscr,8,1
LDA,12,17,lda/feature_12/lda_feature_12_fold_17_compact_model.mat,5cfd23d132036af2d1b395bcb1b67f30a07832a1276a50f2e5d61050b7528c27,383348,45e0604593c35075e92906539659217070b3965143dab7d2747aa93f57f0fa98,classreg.learning.classif.CompactClassificationDiscriminant,CPU / fitcdiscr,8,1
LDA,12,18,lda/feature_12/lda_feature_12_fold_18_compact_model.mat,fd5037925bc7095f1d4fb3ea63686ef9535c0275bf4229990288a41ab8a8717e,383255,38cccdec4584b28943bbef7ddadf987ab7ab7f9e87eb6171f1f8b2f5d1e512ed,classreg.learning.classif.CompactClassificationDiscriminant,CPU / fitcdiscr,8,1
LDA,13,1,lda/feature_13/lda_feature_13_fold_01_compact_model.mat,ad0d04cd0a17717e41d8475f4d96dff71d0a6caf1b5a571ce0becb1879ca6091,383271,698afe91c8227a292d6000cf3ea9dd074ca61cf3a1de297281346b12c4a63a51,classreg.learning.classif.CompactClassificationDiscriminant,CPU / fitcdiscr,8,1
LDA,13,2,lda/feature_13/lda_feature_13_fold_02_compact_model.mat,135a38fc1b76e49f01e413623cf813f2f0bba53e2be64d5c9fd45e2b445cd04d,383249,19a3f6174e87ef4d86b4fb64745aff71c07751a4bc43f2410c5d4ca63f1eaa0e,classreg.learning.classif.CompactClassificationDiscriminant,CPU / fitcdiscr,8,1
LDA,13,3,lda/feature_13/lda_feature_13_fold_03_compact_model.mat,521cfee6000b6ade4b72f8bfe401e0b2355b41f28d87d16c8593a523ee9ada64,383305,a4f84f39b26568231bced534c81a4e90ace1d6250723b05fa5a8b2c40a1633c3,classreg.learning.classif.CompactClassificationDiscriminant,CPU / fitcdiscr,8,1
LDA,13,4,lda/feature_13/lda_feature_13_fold_04_compact_model.mat,f062bed18d10ee81152df05b9d8ac6dbd22f234807c4f86c2b4506b19a398b14,383224,e74504bdd07e2aaf6bc21f03cf9197dfa77b4a58735854a417dac957534b60f8,classreg.learning.classif.CompactClassificationDiscriminant,CPU / fitcdiscr,8,1
LDA,13,5,lda/feature_13/lda_feature_13_fold_05_compact_model.mat,56f15639dff790cfd095b4681b2087e2d16ef53dc08cdf041b8d8491bcd7f536,383235,ba1d37713618cb292b70bd0c3bc0aac85919f520703c80288cde63dd18e63ad3,classreg.learning.classif.CompactClassificationDiscriminant,CPU / fitcdiscr,8,1
LDA,13,6,lda/feature_13/lda_feature_13_fold_06_compact_model.mat,2bdf6cd09c45b402b7efad8cf8638d79563cef57d5ea5225be4981c1e33b65e4,383281,74ce689420f22b736a7c79c14c8592f523f50658519fa4f65a9ab742b0114a88,classreg.learning.classif.CompactClassificationDiscriminant,CPU / fitcdiscr,8,1
LDA,13,7,lda/feature_13/lda_feature_13_fold_07_compact_model.mat,064e8c1c7ca4994a9c10a2bf1440b484c3417c53b7c3de2c9f004f232c13eb96,383235,459fae118f9d8ad124df6f2a5a23317e78eb881ab392df99215e2198537a39a2,classreg.learning.classif.CompactClassificationDiscriminant,CPU / fitcdiscr,8,1
LDA,13,8,lda/feature_13/lda_feature_13_fold_08_compact_model.mat,f1c704daf20623e84240ca9c6869e20682013fd33fe687e819618f62f27ae661,383245,60b82746767488f6c7603d0edbe131e40225a20fe0bf1b25ae9ea126301281bc,classreg.learning.classif.CompactClassificationDiscriminant,CPU / fitcdiscr,8,1
LDA,13,9,lda/feature_13/lda_feature_13_fold_09_compact_model.mat,e2d0a08f9f6f8820d51c61010c31a3d6a02b863998caa4505a65497db61468cc,383198,5b6466cdea18c2892f8d55f80e9a3be2ac949258bd83311374861c2eaabe8794,classreg.learning.classif.CompactClassificationDiscriminant,CPU / fitcdiscr,8,1
LDA,13,10,lda/feature_13/lda_feature_13_fold_10_compact_model.mat,189670f92439e4182ad001f15a539a8e7442b5d38da3d8cca8b8a660d8eac38b,383260,7fe8d6fd2f67d3fa771eab9eca03c1b999bcefe3b84c1838f2446a41d84657fa,classreg.learning.classif.CompactClassificationDiscriminant,CPU / fitcdiscr,8,1
LDA,13,11,lda/feature_13/lda_feature_13_fold_11_compact_model.mat,b6dc47d506733bdedbdf7c5023eb0bc42816bafd4f10c7d56a51c1141dd99ff0,383276,bd473117ea706f322a8225a0bd315fdea8852aa0c54ca2d7f394f20c419275d9,classreg.learning.classif.CompactClassificationDiscriminant,CPU / fitcdiscr,8,1
LDA,13,12,lda/feature_13/lda_feature_13_fold_12_compact_model.mat,2993266ad0b08a3792a616992ff8cf938c48008257805286354c795d801e4260,383215,ff749dd4cf557d8bdb73288445497313e332396c6da0683590d16c5d400ed06c,classreg.learning.classif.CompactClassificationDiscriminant,CPU / fitcdiscr,8,1
LDA,13,13,lda/feature_13/lda_feature_13_fold_13_compact_model.mat,4334d480e205d7a401da0c131745957b7cef2b7cfbe1659580b3b5b4d2069e9a,383279,888934869356b77bdacb65bf9be1023f8f6f17addf1390da38be9058459f6568,classreg.learning.classif.CompactClassificationDiscriminant,CPU / fitcdiscr,8,1
LDA,13,14,lda/feature_13/lda_feature_13_fold_14_compact_model.mat,2f4e7065732ab4e681175a122218ec68fef7e23c238d9ea28584c7350810269c,383251,3ce5c3df8007e7590661ec63dabe16bdca3770036c245496a94b09de72eed3c0,classreg.learning.classif.CompactClassificationDiscriminant,CPU / fitcdiscr,8,1
LDA,13,15,lda/feature_13/lda_feature_13_fold_15_compact_model.mat,3455167823849abba4be7b317e4c3a93fdc935da1816380d40cf9635b03ea485,383296,761171f11bb9506f8f255c11ff61dc9d7c32013b54681b0f678bb38a05a4db72,classreg.learning.classif.CompactClassificationDiscriminant,CPU / fitcdiscr,8,1
LDA,13,16,lda/feature_13/lda_feature_13_fold_16_compact_model.mat,8e5b9d2ca983ae2b19517ed32cec590d1caae20f6236b47202a9224c350ae55e,383292,9e38896249ed75d6e707682600c12babb4f51f32d4590ba270d1ef1ed42afb7f,classreg.learning.classif.CompactClassificationDiscriminant,CPU / fitcdiscr,8,1
LDA,13,17,lda/feature_13/lda_feature_13_fold_17_compact_model.mat,b4b95da797cc8917c6e29466525d948466a643b552eef54227411768ae570afe,383215,caeb123082c0445c2346405d69bcde3d0fa361e94ac2db3a16a694329a631518,classreg.learning.classif.CompactClassificationDiscriminant,CPU / fitcdiscr,8,1
LDA,13,18,lda/feature_13/lda_feature_13_fold_18_compact_model.mat,510f8248a6bf3c26ef3d6213b3a0a08cbb81c3c3a193cf60379e7f0d4f8011f2,383322,9fa0616f40f2b53b04c6be50d87cb0f3648bd5bf03e6e732ae41127f2da34a4e,classreg.learning.classif.CompactClassificationDiscriminant,CPU / fitcdiscr,8,1
LDA,14,1,lda/feature_14/lda_feature_14_fold_01_compact_model.mat,a6d8588d03aa2df14d6aad82997f1f0cefe50a36cfb48f3d0693591cc505f6f0,383262,639ff984dd0e6a7269c55c63d14d948a490e080c1926ffa39df978fa7cb962f4,classreg.learning.classif.CompactClassificationDiscriminant,CPU / fitcdiscr,8,1
LDA,14,2,lda/feature_14/lda_feature_14_fold_02_compact_model.mat,a19e4f4c414117983bc29269ddad0ac6e0cd1d4d76740afbb82a664d0573f628,383241,bed08efaec5f921024e5f6e76453a90d03bb875569e24078066b9e97b1cbc61c,classreg.learning.classif.CompactClassificationDiscriminant,CPU / fitcdiscr,8,1
LDA,14,3,lda/feature_14/lda_feature_14_fold_03_compact_model.mat,3ba464000555d88d7bb32b5e475f705424526f6e05a9d65182507ba74596d5f1,383293,1913f3ac5124f9324901d1f52ed33f6c21cd17efc6a905637f1021c4e3eb9036,classreg.learning.classif.CompactClassificationDiscriminant,CPU / fitcdiscr,8,1
LDA,14,4,lda/feature_14/lda_feature_14_fold_04_compact_model.mat,2ad306d468001d6055a0006c3958bfec381c05a4b8b2371a1b65f76e6ee2d984,383323,cf9028a6bfae1af24be2a86815d1d1db6d6b5f83c9fb8fc11fcc613bd7a30d59,classreg.learning.classif.CompactClassificationDiscriminant,CPU / fitcdiscr,8,1
LDA,14,5,lda/feature_14/lda_feature_14_fold_05_compact_model.mat,75b360c47962cde6ac25d8ffb11b7a0bd2071dff1165dd038ce5841467bbe9ed,383231,efd5b17c680fd237572156a74395edbb66909a3f1497c58c21a95e3335256973,classreg.learning.classif.CompactClassificationDiscriminant,CPU / fitcdiscr,8,1
LDA,14,6,lda/feature_14/lda_feature_14_fold_06_compact_model.mat,1b6efcda3acef030ab7cb96dca0a2dfc7ee8a9550119fae17b30134e833243b4,383237,ea68b93b50eaef698a006055c7719de6987d49d6e1b875a02f1d1fdae0a22bdb,classreg.learning.classif.CompactClassificationDiscriminant,CPU / fitcdiscr,8,1
LDA,14,7,lda/feature_14/lda_feature_14_fold_07_compact_model.mat,443980997657d191c876691b7c0baf9f1d595ae227de0307f0266da523201fbc,383257,7e6c39f5d4752bf9a7338b427d5104faa414794e0583086bc00101879e2049b9,classreg.learning.classif.CompactClassificationDiscriminant,CPU / fitcdiscr,8,1
LDA,14,8,lda/feature_14/lda_feature_14_fold_08_compact_model.mat,12c0ce4d607bb70996d6f92e067679464db762374d7ab3ff7dc21e5e4497a268,383217,5a35327546069dc7687394be38defba419c2797ee90a46e7ef725d17ff97bdaf,classreg.learning.classif.CompactClassificationDiscriminant,CPU / fitcdiscr,8,1
LDA,14,9,lda/feature_14/lda_feature_14_fold_09_compact_model.mat,b592909d205003a8cf8345c5965df9aa44b92f7be731da57ea119b77e568ef45,383239,a21e2f103efacd01fc6a465a23c556cacb368ea546beea7442eb44ec2fffb884,classreg.learning.classif.CompactClassificationDiscriminant,CPU / fitcdiscr,8,1
LDA,14,10,lda/feature_14/lda_feature_14_fold_10_compact_model.mat,21fd5d3501385775877ee35f3d2812f1bfb34e2aa88a321b3469a61da3fccc8d,383262,d0af39cbe40e7c224db6cb8ac0b1b3f6c6e1332ebbb024f7eb5b466423b15f25,classreg.learning.classif.CompactClassificationDiscriminant,CPU / fitcdiscr,8,1
LDA,14,11,lda/feature_14/lda_feature_14_fold_11_compact_model.mat,6be310ff148c3358dda0a2d41762b4463020e4146e8d148e7d09eba11723aa11,383262,f658e050a5c861c2ab5a31a9e7da7ee091c25de33ff71cd61df2cb84191119bd,classreg.learning.classif.CompactClassificationDiscriminant,CPU / fitcdiscr,8,1
LDA,14,12,lda/feature_14/lda_feature_14_fold_12_compact_model.mat,19b427f227b9666f93fcdeca01ec85dcbc2557331c3b9bb9106380df23add609,383322,66705cc21aa30a971faa871a191cdcfd6cc7a98a414e4d4425335683ee88d519,classreg.learning.classif.CompactClassificationDiscriminant,CPU / fitcdiscr,8,1
LDA,14,13,lda/feature_14/lda_feature_14_fold_13_compact_model.mat,3824149144a92781341f23221de8d93892047084a4be95f1c72a356dc483ad53,383280,17df8449b24513ec2ca1f2eef3dd3749618bb2d95071d689aeeea47f3568e8a7,classreg.learning.classif.CompactClassificationDiscriminant,CPU / fitcdiscr,8,1
LDA,14,14,lda/feature_14/lda_feature_14_fold_14_compact_model.mat,749f193fe3fcd5df983c17ba53e451a57d34ddd785a86e4ad4aa17922c2d4d59,383284,2658439bd5b55fe13bcfec6f15a168065744cd6217e4a084b8a6dd789cc2ec55,classreg.learning.classif.CompactClassificationDiscriminant,CPU / fitcdiscr,8,1
LDA,14,15,lda/feature_14/lda_feature_14_fold_15_compact_model.mat,04d0ff8377040ee6ee0e8d4694d77309c4c725c2bffe1a47e8e72e6df47de327,383305,42c07f3b5e83b7a80dd867b03f73352a815d6d63566a3861683165589a93d411,classreg.learning.classif.CompactClassificationDiscriminant,CPU / fitcdiscr,8,1
LDA,14,16,lda/feature_14/lda_feature_14_fold_16_compact_model.mat,18b89343009b7575ac923b3911c6b08aabc1a5e8707d779a12da6030c4a423b9,383239,bef93db01e99c4e6f72c011d5d3f44e110bc03640a8729153145dc734fe13734,classreg.learning.classif.CompactClassificationDiscriminant,CPU / fitcdiscr,8,1
LDA,14,17,lda/feature_14/lda_feature_14_fold_17_compact_model.mat,276279cb43a6dabb8c291c65dc76db10b4ba2bb6a9a060c5e073f12c1f5a8af1,383264,084b81232337cefbadda34eb9e8259a64cab37eba1285a1d75348af1cebd5da0,classreg.learning.classif.CompactClassificationDiscriminant,CPU / fitcdiscr,8,1
LDA,14,18,lda/feature_14/lda_feature_14_fold_18_compact_model.mat,4119abcf3f9e4263b10c7a0bd5f6fb341fdeedae45b32c7250109a761700716e,383260,305c53f0d92ed5f7cc8bd128ed70621ea955e87294cef6cdc0a77a8dc0ef2b19,classreg.learning.classif.CompactClassificationDiscriminant,CPU / fitcdiscr,8,1
LDA,15,1,lda/feature_15/lda_feature_15_fold_01_compact_model.mat,a76ff4f54e6e68b9f23f01274a89ff2e35150d39dde05d674703b10013daf24a,383259,e2257e90c176fce1e95989c61dea0b742e5a3de8d1fb5cddca64fdfdabaadd58,classreg.learning.classif.CompactClassificationDiscriminant,CPU / fitcdiscr,8,1
LDA,15,2,lda/feature_15/lda_feature_15_fold_02_compact_model.mat,2d1362f568ada0e68110b0a6976c4840b2c8e4f8f9cd96149d4971da0cde407d,383259,e4f1160ac74ec6cf491c54333f2e1abd090c68526527779d435614ac69caed72,classreg.learning.classif.CompactClassificationDiscriminant,CPU / fitcdiscr,8,1
LDA,15,3,lda/feature_15/lda_feature_15_fold_03_compact_model.mat,cb0f27c40f8ab515aef04641fd594552e4b95b81c29523c9d17925e34c007427,383225,0bb43ded61a13dc45997c7617bc7ea61513ab24932d7b4fb25339c07d02a3e5d,classreg.learning.classif.CompactClassificationDiscriminant,CPU / fitcdiscr,8,1
LDA,15,4,lda/feature_15/lda_feature_15_fold_04_compact_model.mat,9786e05a05749efdc11fff46754f85a11a10c435e3a73ca71d44bf47c21b4765,383237,a2afcac2e6bd620a4d69ff3316b1022e8173626882eb8a3683c28fabb14a4df5,classreg.learning.classif.CompactClassificationDiscriminant,CPU / fitcdiscr,8,1
LDA,15,5,lda/feature_15/lda_feature_15_fold_05_compact_model.mat,52314293bcd031ad9424c0697e23e3d763a90faafaeba4098d9e617c8bb1d042,383206,a5f83a8ccb655a6c991fdc1052cd9c15d6d0e38625f7995ed252316b2f0ad5da,classreg.learning.classif.CompactClassificationDiscriminant,CPU / fitcdiscr,8,1
LDA,15,6,lda/feature_15/lda_feature_15_fold_06_compact_model.mat,6bc37371a3c0698da2f88fe4cc1bc693ac4813fe9d014ca5d571f182792919e5,383205,1ad1e3dd420b2535f4b3545505e630c34cb1421c62167691a16f739809b87601,classreg.learning.classif.CompactClassificationDiscriminant,CPU / fitcdiscr,8,1
LDA,15,7,lda/feature_15/lda_feature_15_fold_07_compact_model.mat,74b5355a3328ffb6b7accde7efb87b2dc5b7351de9ef7641af521f7265142d1e,383309,3a62e5d7d38855855ce7559b23f9eb61def11175e01638b4f887d681d8855e73,classreg.learning.classif.CompactClassificationDiscriminant,CPU / fitcdiscr,8,1
LDA,15,8,lda/feature_15/lda_feature_15_fold_08_compact_model.mat,4a28816d4fb1a70e7d17ad6bea9e5c31e823623b530574d3745f1c9639b5ee08,383169,cc7d70e05194f7321f4e404f86399768d3ac848f93e74e39daf0a8b299b0fc22,classreg.learning.classif.CompactClassificationDiscriminant,CPU / fitcdiscr,8,1
LDA,15,9,lda/feature_15/lda_feature_15_fold_09_compact_model.mat,5e3336936f2319c8e1f9c6c676204ed7565c04789f4d18b48a50ff7e95d1c26f,383279,fefd49b9004e4f50e01a9140bb2d8efc3c6fc02cd48df306cc02b297e575f161,classreg.learning.classif.CompactClassificationDiscriminant,CPU / fitcdiscr,8,1
LDA,15,10,lda/feature_15/lda_feature_15_fold_10_compact_model.mat,d81d98744440c70df7c2a01cfc87f27ad8d56b8ef791d9359341875f1fe9736c,383310,d7b0507ac2a2deea4f696d57b7aed38f28b135b6247904e2f53eb9c5e938cdb0,classreg.learning.classif.CompactClassificationDiscriminant,CPU / fitcdiscr,8,1
LDA,15,11,lda/feature_15/lda_feature_15_fold_11_compact_model.mat,dc64051ef165f21e9705f8431b85bfffe4e300e78a97aedb760665dc7069c06a,383305,54169c85b7dd909f0974c07288262a0cfa5fac9ec2a9d8edd1069a9288d58d97,classreg.learning.classif.CompactClassificationDiscriminant,CPU / fitcdiscr,8,1
LDA,15,12,lda/feature_15/lda_feature_15_fold_12_compact_model.mat,66e586d96f435be95cebd2a666e477c4c4accd63593f77687b75c597ce9ff7b5,383271,68fbfa37cccfd84d8b573edca6505def0f05baf2dc078c96f1f70d6ddb5138a1,classreg.learning.classif.CompactClassificationDiscriminant,CPU / fitcdiscr,8,1
LDA,15,13,lda/feature_15/lda_feature_15_fold_13_compact_model.mat,32a50f30787d8199fce8560cadb1f16ae1766bd6431f728dd1123862e51fed47,383180,efe689b7c909636394ab0406bdaeda0b1d4bef22df94eb5c2c4da0cce518ad53,classreg.learning.classif.CompactClassificationDiscriminant,CPU / fitcdiscr,8,1
LDA,15,14,lda/feature_15/lda_feature_15_fold_14_compact_model.mat,8ddd46829a0684212754f4d17567ce67facd17121c59177e76856b2438358d3a,383233,d3e2692b64ec8fc85055f3ae2cca694e73bf5a4ef1d570050f8bde77b79ed76a,classreg.learning.classif.CompactClassificationDiscriminant,CPU / fitcdiscr,8,1
LDA,15,15,lda/feature_15/lda_feature_15_fold_15_compact_model.mat,7e825b64e7ea6e0b4af5517c4016aa755148446c3e30b45410658d4105e8221e,383189,44dbf267ac3dc08c5b72955d4219654e6866fe8ac89515d9d1cdc0d13cc54775,classreg.learning.classif.CompactClassificationDiscriminant,CPU / fitcdiscr,8,1
LDA,15,16,lda/feature_15/lda_feature_15_fold_16_compact_model.mat,806f4138d029b0b9d7cd88815f610702ae2f1c8500531d8558952029d10a9181,383227,42076482380396576a89c9f6898b4b6f809b341306477c7c2aa67f323607f675,classreg.learning.classif.CompactClassificationDiscriminant,CPU / fitcdiscr,8,1
LDA,15,17,lda/feature_15/lda_feature_15_fold_17_compact_model.mat,7602296c14ff67c9a67da9c787f4ee707236e3bda5f8cf469b5d6540d642214b,383237,a20663eaeba5f2a6275d144117000cce3891e4f358a545e7e5c713a0c99cbb65,classreg.learning.classif.CompactClassificationDiscriminant,CPU / fitcdiscr,8,1
LDA,15,18,lda/feature_15/lda_feature_15_fold_18_compact_model.mat,52d182f69187ff142bb54b3a6199d025d0705784ba132e6feec4ce4432ecf4d3,383222,d533a521aeab96cc401b062c9a89f11a586ce6b9a550e10224c2c0b993a39505,classreg.learning.classif.CompactClassificationDiscriminant,CPU / fitcdiscr,8,1
LDA,16,1,lda/feature_16/lda_feature_16_fold_01_compact_model.mat,853ca58f4f6446956d7d9072a6889b359d051800610f9030df621ec34ccfd120,383290,1ee609e03849a5fd646d00427f75781eed5db143f965f6a2c0af452a55211030,classreg.learning.classif.CompactClassificationDiscriminant,CPU / fitcdiscr,8,1
LDA,16,2,lda/feature_16/lda_feature_16_fold_02_compact_model.mat,29bec717586217659a6719de9f75ff829f5bc0f3a7cd77b2dc77a0ec15aaf7fd,383311,b3f845186bf711095fecd5f2ffcf98f5da9d8e6e7d91f2b895f9a0d9314fa5af,classreg.learning.classif.CompactClassificationDiscriminant,CPU / fitcdiscr,8,1
LDA,16,3,lda/feature_16/lda_feature_16_fold_03_compact_model.mat,088a021aae980709297e1ec23b131bb5355356f24ba5d0e5ff46e523d699e6d9,383265,dd848f671fc247d459313b9faa7d005c4e540ee4db6105c4ebe8ea4c0814e797,classreg.learning.classif.CompactClassificationDiscriminant,CPU / fitcdiscr,8,1
LDA,16,4,lda/feature_16/lda_feature_16_fold_04_compact_model.mat,efc9775a303e959623e38c1a7133c13c44e03a1f36909ab786f121a715b45567,383346,b17879d52e22b4da75d904c2a464db759031dd296d29b100e7fc5891e0a8c548,classreg.learning.classif.CompactClassificationDiscriminant,CPU / fitcdiscr,8,1
LDA,16,5,lda/feature_16/lda_feature_16_fold_05_compact_model.mat,4b2cb1358ffa3455185b24a13eee1c47f33f0ce84a051f253f275eaa58a46015,383315,797d43f38d5644ddd45e5f21fd597999c8072b2e25387c836e2ab7b2a678dffa,classreg.learning.classif.CompactClassificationDiscriminant,CPU / fitcdiscr,8,1
LDA,16,6,lda/feature_16/lda_feature_16_fold_06_compact_model.mat,78c7736708290ff8620a8fa9dfe5061543a84e7ba8b7d7328f4ae60d330c8bb8,383307,ef7021ff05c7625734cc041195d486dddf0722a6096f64b628ed30f548bc5469,classreg.learning.classif.CompactClassificationDiscriminant,CPU / fitcdiscr,8,1
LDA,16,7,lda/feature_16/lda_feature_16_fold_07_compact_model.mat,42527a18ac0ba6c10c8db13422d4050de163d1f9bf22522bf83527451e85be25,383293,f3e23cb7e38ad903e10cdf4467ff93042415db0ac0c6d5250e42be9c948b0f75,classreg.learning.classif.CompactClassificationDiscriminant,CPU / fitcdiscr,8,1
LDA,16,8,lda/feature_16/lda_feature_16_fold_08_compact_model.mat,f520df52f9e0bf405e624f7da4dc32be6e45c17644e4013a7c3c40650770d4a7,383283,94f00c5122fab37d0a226eed6414bb1543f1d2bce0579378063a8b535b86f4fe,classreg.learning.classif.CompactClassificationDiscriminant,CPU / fitcdiscr,8,1
LDA,16,9,lda/feature_16/lda_feature_16_fold_09_compact_model.mat,0a67069f792033a8a6d3f1c1ffb7b913257ef2568e3a9f235c6b4b6f57fd4a3b,383296,a4cbdd6fae31a098805fcedbae33d84943f100e25639b58575f238c243f46b4b,classreg.learning.classif.CompactClassificationDiscriminant,CPU / fitcdiscr,8,1
LDA,16,10,lda/feature_16/lda_feature_16_fold_10_compact_model.mat,0097db73baf5797542760f31de854a34540f18ea61ac0ee54668339223978cdf,383255,5a24433ef33fe71c8b3bd3367cdd5f41d2850e82348f61a9bcda466cf2be0c1b,classreg.learning.classif.CompactClassificationDiscriminant,CPU / fitcdiscr,8,1
LDA,16,11,lda/feature_16/lda_feature_16_fold_11_compact_model.mat,6ac159dbec70ef956e4d20d4c7a7e5518daae7c64df7023143294002a7069ae2,383308,4cf7b55a710f03101dfcf55a2ca85525a6af7f74096e2e1db2d865a0c325c568,classreg.learning.classif.CompactClassificationDiscriminant,CPU / fitcdiscr,8,1
LDA,16,12,lda/feature_16/lda_feature_16_fold_12_compact_model.mat,bd5c23a32faac39d7428995b5ee509014b8202cff8936731f89402c6577abc42,383377,aef9a20af1adc5f61cb486cef83907567ad2abf0a2de234f0bac76f7ad5c9208,classreg.learning.classif.CompactClassificationDiscriminant,CPU / fitcdiscr,8,1
LDA,16,13,lda/feature_16/lda_feature_16_fold_13_compact_model.mat,715478d80617e7d0a1d2e1ec055f4aa2efe30d9a726455669ad231daaa15f8c8,383303,32649f623155f8fdfb0f1e3c601a1f297070b7bbd6e62aa40f489435908c1acd,classreg.learning.classif.CompactClassificationDiscriminant,CPU / fitcdiscr,8,1
LDA,16,14,lda/feature_16/lda_feature_16_fold_14_compact_model.mat,e6dbb7aa39c0be99ff7c4dc7b93b340ccd62c1b14ba2c52a2e32e503586de243,383275,64e89c8aa87018f16034d0280ff0bba4d1d927cafc685d3e382d31423bd286ff,classreg.learning.classif.CompactClassificationDiscriminant,CPU / fitcdiscr,8,1
LDA,16,15,lda/feature_16/lda_feature_16_fold_15_compact_model.mat,96d24432b88ed8bee9d09dd9118489b24c5e98621dc2b424fbc4e4ac87a78622,383305,5f77be6966583ecce31c370d935a343f0153a0012f5a11c72cce22324ce572e7,classreg.learning.classif.CompactClassificationDiscriminant,CPU / fitcdiscr,8,1
LDA,16,16,lda/feature_16/lda_feature_16_fold_16_compact_model.mat,83b2a83c687f4b07268b231df4786cd646c31aac628f762f9a52b49220866c74,383340,2e1ada9ba80e3769059802505d5c0b3589d7b90f3abe5735dddf0fd10d1c9c90,classreg.learning.classif.CompactClassificationDiscriminant,CPU / fitcdiscr,8,1
LDA,16,17,lda/feature_16/lda_feature_16_fold_17_compact_model.mat,d654e786db671346ef4b715c746ee43a61f6dc306d13e1759bbbd97b8c72b1b6,383299,914c093f2e220f68967fa53501775e76563146e1dc990ffbff8738dd18590650,classreg.learning.classif.CompactClassificationDiscriminant,CPU / fitcdiscr,8,1
LDA,16,18,lda/feature_16/lda_feature_16_fold_18_compact_model.mat,14b848018ade40c29f7ef3cf58d965b4bbf3d3b31ba8b7f42a6a43ca8df5518b,383296,16e65f9b13bcba25abf3d66d587b92f85981b22b07a3b13130452936fa646964,classreg.learning.classif.CompactClassificationDiscriminant,CPU / fitcdiscr,8,1
LDA,17,1,lda/feature_17/lda_feature_17_fold_01_compact_model.mat,7e151979be7a19b059d4cf827958038261ee5890b8984df8d780ac7ad6abc989,383341,39b58515bdb0ad20cf691d7be9111c12a48b40ef0d0b535a64b6f1c2c9f74602,classreg.learning.classif.CompactClassificationDiscriminant,CPU / fitcdiscr,8,1
LDA,17,2,lda/feature_17/lda_feature_17_fold_02_compact_model.mat,d7fdee30408114ed9861441828faee2c65ecca618e166c31b540e95034668fd4,383321,b32016747de2d1a1c9ec03321693f13d2d0d1621d651dd47ab53dbc4d5af8edc,classreg.learning.classif.CompactClassificationDiscriminant,CPU / fitcdiscr,8,1
LDA,17,3,lda/feature_17/lda_feature_17_fold_03_compact_model.mat,6543e0ac55f27d838a9234e5039d8361832009c4463b12aaa61b5ec169c74866,383281,6237ceb7d54aca3839f8b7aa61388c83721eb7e343d164819bcc52a18cdcb0bb,classreg.learning.classif.CompactClassificationDiscriminant,CPU / fitcdiscr,8,1
LDA,17,4,lda/feature_17/lda_feature_17_fold_04_compact_model.mat,d4615c07707d3379fcb845e4de7eae010cfb730a2fbe019a1107cc92f2ede781,383290,20c4533cbb14dc8ac9f67518c770581d4d21c4fced0e415fb14aee008f478e7c,classreg.learning.classif.CompactClassificationDiscriminant,CPU / fitcdiscr,8,1
LDA,17,5,lda/feature_17/lda_feature_17_fold_05_compact_model.mat,fa123039ec887f8727e07cea8a869c31f646d192b0af821688ed3530dec2b739,383290,2f0deb008e147366c4abbdd1f597e22d252cb4220439eea6d80e08c99ad12331,classreg.learning.classif.CompactClassificationDiscriminant,CPU / fitcdiscr,8,1
LDA,17,6,lda/feature_17/lda_feature_17_fold_06_compact_model.mat,b176bbcd365cc2f85f2698da0f5c5f08fe6c1d371c213053668eb153d929a006,383299,0754e5a6b8b0d48bf7317d7df3e95af76a240bfcdaf657a8b4e32158d9f629f1,classreg.learning.classif.CompactClassificationDiscriminant,CPU / fitcdiscr,8,1
LDA,17,7,lda/feature_17/lda_feature_17_fold_07_compact_model.mat,cdab77e7d5033efb6e3d7ff3715d215e45ebf9675fb2c6609586a9fc353fbcb6,383258,aab06a4cc3ed31b9d36c072c3b8cb022741032962d37d94a14b4f3204e71dd2c,classreg.learning.classif.CompactClassificationDiscriminant,CPU / fitcdiscr,8,1
LDA,17,8,lda/feature_17/lda_feature_17_fold_08_compact_model.mat,496087858f9665d804c1d2d81c6bfe752fb2834e5242efd5af3a76ce349b2d01,383284,e4eacb276cb25c59f9ca1541d09947a549de6dd4ef5245638a84366cff1aaf1c,classreg.learning.classif.CompactClassificationDiscriminant,CPU / fitcdiscr,8,1
LDA,17,9,lda/feature_17/lda_feature_17_fold_09_compact_model.mat,bd48ded1b7db2ee8b5791ed98d1d5ba339c74371659a4d02abea669135cb9545,383283,a199356bb262c231e4ab33848acf3015a01e2bb6db2c94c25c5cf48d3d2dba0b,classreg.learning.classif.CompactClassificationDiscriminant,CPU / fitcdiscr,8,1
LDA,17,10,lda/feature_17/lda_feature_17_fold_10_compact_model.mat,f8e4993f2c469301e3791d8f8bef787261fe5c22ac60b77cbc8450825d2956e1,383371,f48071e9571c1865d3959e2b7c1f5b77c5be8e535f6d2f4dafd74af8b46406be,classreg.learning.classif.CompactClassificationDiscriminant,CPU / fitcdiscr,8,1
LDA,17,11,lda/feature_17/lda_feature_17_fold_11_compact_model.mat,02ce0e3c3247edca2b1edb40f704df9dce0e59c7d9d75cd1efc130eec006f9f3,383357,6885f8b6a3df614b8d4f84f0d2366b4509b034de64913586e84e5f11b05cbc06,classreg.learning.classif.CompactClassificationDiscriminant,CPU / fitcdiscr,8,1
LDA,17,12,lda/feature_17/lda_feature_17_fold_12_compact_model.mat,e7cc79a36a0b80bc605d34bb144d459171cf080355adf0dbe7aa67a12e4d4ec7,383311,70a0f4bdc1f90c12a69079f9087b7a73be28107c87df4ea6131ace3aab134531,classreg.learning.classif.CompactClassificationDiscriminant,CPU / fitcdiscr,8,1
LDA,17,13,lda/feature_17/lda_feature_17_fold_13_compact_model.mat,4770ccb07da2a5b89c37cb8296f991d142d6325d181f9f19b8ca9c4fae13384f,383353,3c6273d530fd105d2a4acfb0bcd5d153999202228db4fb28e71ef0c8b17e9446,classreg.learning.classif.CompactClassificationDiscriminant,CPU / fitcdiscr,8,1
LDA,17,14,lda/feature_17/lda_feature_17_fold_14_compact_model.mat,ee2fd098e535baef7a461f00f1a7b49bc6d8f9d343d235eb9e6df274916c2a0f,383258,f47f7f7b051f82489da7b345a286b9a2ee82910bbb98ff2aad309fe34cb6d727,classreg.learning.classif.CompactClassificationDiscriminant,CPU / fitcdiscr,8,1
LDA,17,15,lda/feature_17/lda_feature_17_fold_15_compact_model.mat,f02450274a383933f1d0918800b46d2c8f7cb58ea60301e11e28f043fc309646,383371,4e37c3156952ec80fb0340f2abbdee5395865c37367030caa24b52879475dda4,classreg.learning.classif.CompactClassificationDiscriminant,CPU / fitcdiscr,8,1
LDA,17,16,lda/feature_17/lda_feature_17_fold_16_compact_model.mat,83345f68cfcb726a4ed615812bd806b86a853ccc4860edea79091382425c9af4,383274,42c59b74b105486987f572b7c54d071f46c547a83737da07dad949a68e26f527,classreg.learning.classif.CompactClassificationDiscriminant,CPU / fitcdiscr,8,1
LDA,17,17,lda/feature_17/lda_feature_17_fold_17_compact_model.mat,7ed2b7e3240c8f4a51cbaeddf2fcb0705cd09cc177d3c28485f538bd5cc67298,383305,44b97b51a8aeee16456fdfe481739ec4c9de7871ef68fe6d2a597e44e68e6182,classreg.learning.classif.CompactClassificationDiscriminant,CPU / fitcdiscr,8,1
LDA,17,18,lda/feature_17/lda_feature_17_fold_18_compact_model.mat,2a37c55a38453891d2c56e7f010a75b08d344e2356fe86b5bd652ba6aef539df,383299,aca0d499905a57460a86110cb2a3c3b77f5fa1ae665afb2396ce10881a9398b2,classreg.learning.classif.CompactClassificationDiscriminant,CPU / fitcdiscr,8,1
LDA,18,1,lda/feature_18/lda_feature_18_fold_01_compact_model.mat,62552b1f1fb2b15c2345edd63e095b212d54c9f42cfe372f1eaa4b733242f60a,383338,c504a55ab0f72934b0454809548c98a959f2f4098f5e5de231635de3994e8be7,classreg.learning.classif.CompactClassificationDiscriminant,CPU / fitcdiscr,8,1
LDA,18,2,lda/feature_18/lda_feature_18_fold_02_compact_model.mat,58d437d127b2232a95baee8425cd315d1c4432e8be25ba66766ec250817772d3,383341,2accf3a5f916e310f427e684ae7e0f7fea6d003c909d98038eec6f0c61b99d00,classreg.learning.classif.CompactClassificationDiscriminant,CPU / fitcdiscr,8,1
LDA,18,3,lda/feature_18/lda_feature_18_fold_03_compact_model.mat,94c961fc6ad8c8a7c44e1b7249d05bf3c3d55442e7589278d067d3637ace4a2e,383283,c5e62c719a3c0e9351be85022e909c2437994d377e15eb5cd1496f29dc66f2e3,classreg.learning.classif.CompactClassificationDiscriminant,CPU / fitcdiscr,8,1
LDA,18,4,lda/feature_18/lda_feature_18_fold_04_compact_model.mat,22d0844624b10251261663cdbc946084d6c0bed6de07c1ce27682bc6baa26332,383315,900ec7488a336ef833c1f5c4473a1d7e78b419c77dada4dab5e1275534b64ef7,classreg.learning.classif.CompactClassificationDiscriminant,CPU / fitcdiscr,8,1
LDA,18,5,lda/feature_18/lda_feature_18_fold_05_compact_model.mat,7f4fc62685ee831584b17e8dd8a94bb7bf7fe1e330099d0dfacc4853880b8abb,383274,af441577bf21fe3774b97233eae02e1e51a68328c3dca68186506f3b543e4ca9,classreg.learning.classif.CompactClassificationDiscriminant,CPU / fitcdiscr,8,1
LDA,18,6,lda/feature_18/lda_feature_18_fold_06_compact_model.mat,f7ed5e776aeaff15defade94f09f2d6a97a90545edcb0f10d644810615baddc6,383310,c7892d5cfe14324798b6d3b8b4e21c672f1f019b0d023c609322064d55d57004,classreg.learning.classif.CompactClassificationDiscriminant,CPU / fitcdiscr,8,1
LDA,18,7,lda/feature_18/lda_feature_18_fold_07_compact_model.mat,0b5a08f183ba3f99568d2ec5c1a9937498e61a1a89c245157557775fdda80c8e,383365,4411518ad1770bf2b771dd309b6927051539453be5db6c80667428e98d1adade,classreg.learning.classif.CompactClassificationDiscriminant,CPU / fitcdiscr,8,1
LDA,18,8,lda/feature_18/lda_feature_18_fold_08_compact_model.mat,255fa1e947951dbb80b2de3cf8cde4bc2067b76bcb8b5e14b91f2b60ef8ada34,383287,f83dab6d28faf7dfc79266e0432050bce81b29b78a0f1e35a9cdcda78acea3b1,classreg.learning.classif.CompactClassificationDiscriminant,CPU / fitcdiscr,8,1
LDA,18,9,lda/feature_18/lda_feature_18_fold_09_compact_model.mat,bd81d46c7adf590b1afa99d27ddbba7a00ca185e0a6a9d45257cce5f09e292a9,383308,6b9151b23a1b28c1717a22cf55fcdb2868cb844d273c9a80cd9e314d653a0818,classreg.learning.classif.CompactClassificationDiscriminant,CPU / fitcdiscr,8,1
LDA,18,10,lda/feature_18/lda_feature_18_fold_10_compact_model.mat,b6fdde45844fe79634752ba408ad10dd226bad86d81439b3217fa18e293ad868,383286,d59ff958be2590e6c3d1132acac2d266e028be79a4989ac4b40651befcf5ecf0,classreg.learning.classif.CompactClassificationDiscriminant,CPU / fitcdiscr,8,1
LDA,18,11,lda/feature_18/lda_feature_18_fold_11_compact_model.mat,75d6c27bd2bace2a8a5da5b0564148e72ec7986da76c875c761af91caee631e0,383333,10ed2aa81bbc453a6f86d1dff09bdd8864c8d19c6714936d2f7ffd9444c409a5,classreg.learning.classif.CompactClassificationDiscriminant,CPU / fitcdiscr,8,1
LDA,18,12,lda/feature_18/lda_feature_18_fold_12_compact_model.mat,1500fb2e92c5f3996da6ee91ff51806e4a891dcce28cd7603174ed1a86893638,383284,c705acf6dc66ac363626fb723da5aaa2452bdc9fa12d2d8756771e35399d48f4,classreg.learning.classif.CompactClassificationDiscriminant,CPU / fitcdiscr,8,1
LDA,18,13,lda/feature_18/lda_feature_18_fold_13_compact_model.mat,21e8f66d57c61cb977c4ae0db190087040cb7f7ee0f67f46caad59f47ae432f9,383317,982447c99712e8bd1acfd1934894a4884b0ddd9e90402490e6c01dd1d1769a17,classreg.learning.classif.CompactClassificationDiscriminant,CPU / fitcdiscr,8,1
LDA,18,14,lda/feature_18/lda_feature_18_fold_14_compact_model.mat,8621d8c7d685f0a15e74fcdd903a33f65c13244edf87cfb6f8e0bef41785e727,383295,d23ee57eed0efa56a0a00f7740fcd596063ce48854b4da8794b78dd7d8ee838d,classreg.learning.classif.CompactClassificationDiscriminant,CPU / fitcdiscr,8,1
LDA,18,15,lda/feature_18/lda_feature_18_fold_15_compact_model.mat,f94533091c6019f65a5955c9bb3d94fa78688b8bc039c043fec82641c9e9d5d0,383343,1a1727cf559347aced51f7b5b5dd462e9ed821ba1904f4feefba74f570203bbb,classreg.learning.classif.CompactClassificationDiscriminant,CPU / fitcdiscr,8,1
LDA,18,16,lda/feature_18/lda_feature_18_fold_16_compact_model.mat,dd88bfdec895014f2f76cf66a4672ac167c51cb3b63114cfad6ce28522a9cf78,383317,6592db2daf8cba1e663f55ee7968287c8ac569db96480d7f9899bbf8818e7c89,classreg.learning.classif.CompactClassificationDiscriminant,CPU / fitcdiscr,8,1
LDA,18,17,lda/feature_18/lda_feature_18_fold_17_compact_model.mat,f580cc6735c2809fa8d74d61c33b40a9be38531f0c4aba56557d9e513ae2d700,383386,21bd6515b7bcbf9a5312a071118a96dbce09d77dd2e76de80708ad33c4bd5bc0,classreg.learning.classif.CompactClassificationDiscriminant,CPU / fitcdiscr,8,1
LDA,18,18,lda/feature_18/lda_feature_18_fold_18_compact_model.mat,4c49bfbc3d743b84282b7d0372036e8d890c9010972cebaf4d1b2a9825e2bd42,383299,abc2cb5ea170cc7bce5fb3edab738ac36b982fcd2038a24ac4ca8c2e4b391b25,classreg.learning.classif.CompactClassificationDiscriminant,CPU / fitcdiscr,8,1
LDA,19,1,lda/feature_19/lda_feature_19_fold_01_compact_model.mat,e167292fbcd381dd59159c2fb76655ee7b3e5fdf0d7d072adf3dc4706315dedb,383299,0c01007998da946f91f56f26fd9fc9cdd18542ac8aa3c07cc6376245fd7aba53,classreg.learning.classif.CompactClassificationDiscriminant,CPU / fitcdiscr,8,1
LDA,19,2,lda/feature_19/lda_feature_19_fold_02_compact_model.mat,a08e1a22df2ad4963f95eb8d960f887294bc90398587151ce18fcef419d823f4,383297,4b876021ceabf3f18de4c4a87eacf938723f8820bccdf6b2608b271716eeb5dd,classreg.learning.classif.CompactClassificationDiscriminant,CPU / fitcdiscr,8,1
LDA,19,3,lda/feature_19/lda_feature_19_fold_03_compact_model.mat,295958b6174231680c6d7c8dc28c895b3eeabde7d36640186f12795341bc5232,383356,48cd0364925897281e4b99898c383e1c7ba4e9d525b0d030c25c260c91ba615b,classreg.learning.classif.CompactClassificationDiscriminant,CPU / fitcdiscr,8,1
LDA,19,4,lda/feature_19/lda_feature_19_fold_04_compact_model.mat,8b9200b45750b114d217141d93b1d0322d8446643ffd06b6f0a1791314782f3e,383278,a50c25daf52524143d37fd8aeb1d10c4a2f4417a2ab7f5c50f0bb3d1a084beac,classreg.learning.classif.CompactClassificationDiscriminant,CPU / fitcdiscr,8,1
LDA,19,5,lda/feature_19/lda_feature_19_fold_05_compact_model.mat,1b2ce46151c77b19aa6ae212ffb9dfab8528349c80639bd368478cf7cf2bf7d4,383364,c5d99e86c9a74045e8e7970476cef2b75acfeaef4714be2e1676d7df3068a067,classreg.learning.classif.CompactClassificationDiscriminant,CPU / fitcdiscr,8,1
LDA,19,6,lda/feature_19/lda_feature_19_fold_06_compact_model.mat,b2ec8816e928768ce0fd3fe018c55eab2196464285bf03cde8900286ac22a864,383266,ed2dbe51c6f393b73db67d4bd44ac810247649c6c5a149235c154d2cd948ceda,classreg.learning.classif.CompactClassificationDiscriminant,CPU / fitcdiscr,8,1
LDA,19,7,lda/feature_19/lda_feature_19_fold_07_compact_model.mat,2c4b7e1b7ff04d316505db140433918f210c6e86a61d803cf49eef1414d6b7eb,383366,8e43d281f70910e2ee0c06bf9ac11401dd13acd0fd90ac439793f112b42a1660,classreg.learning.classif.CompactClassificationDiscriminant,CPU / fitcdiscr,8,1
LDA,19,8,lda/feature_19/lda_feature_19_fold_08_compact_model.mat,07ade7aa37e8bda53df4256d180d58cf62ff96b9f3ba8b4236c8b1baae704f56,383358,59eb036a18478d90db0dd228a5017481faa6d86c4243b21bfab1a6b77a5a0705,classreg.learning.classif.CompactClassificationDiscriminant,CPU / fitcdiscr,8,1
LDA,19,9,lda/feature_19/lda_feature_19_fold_09_compact_model.mat,0c0fa0df14ededad95e0cdb642ff559f00f546ff103991d386c96d6208cb5f32,383255,1f88a1904c005d44083a2f5f1ba4997e10bc0f76993d62bf91c9bca137133766,classreg.learning.classif.CompactClassificationDiscriminant,CPU / fitcdiscr,8,1
LDA,19,10,lda/feature_19/lda_feature_19_fold_10_compact_model.mat,3fbbdb36a10cc33fc3715286fa943468bdbbd03267628a7245025760115c1684,383300,de9f49d974321b6784c6cf9a47f2a91357cd5e405596dcce63b1ad82dbc56985,classreg.learning.classif.CompactClassificationDiscriminant,CPU / fitcdiscr,8,1
LDA,19,11,lda/feature_19/lda_feature_19_fold_11_compact_model.mat,a8ef9730acf34bec3f43d90360e691bcad1904a2b681cacc4c9e31f26b67ebf6,383322,69ce83ae4ac14a015e97c505268f4660428afdb5990ba7af3ff8ac3ea1c219f0,classreg.learning.classif.CompactClassificationDiscriminant,CPU / fitcdiscr,8,1
LDA,19,12,lda/feature_19/lda_feature_19_fold_12_compact_model.mat,6d46d1c97119a8100acb41acf4158c2d4291659e19ea70937c6dcbc2e442ee91,383366,121265af2cb8db7719aa45bbe60cad7692751c9cb25d4f57405088a73c44404c,classreg.learning.classif.CompactClassificationDiscriminant,CPU / fitcdiscr,8,1
LDA,19,13,lda/feature_19/lda_feature_19_fold_13_compact_model.mat,8ba64156258a41abc1822e3180a1442127a72e0ad1fc50234de3929d6a6a93d7,383327,757458d6c3d86ffd033311399039fd50e26e9b195151e409e6d546261cb517b7,classreg.learning.classif.CompactClassificationDiscriminant,CPU / fitcdiscr,8,1
LDA,19,14,lda/feature_19/lda_feature_19_fold_14_compact_model.mat,85c5a19bac6a6aa5aebe56b01442239b8e07c0c4881a6bb11b6fa6eacd1e4536,383299,b43655051c2e20d707ae71b15b86182d41e317a35695a762bbac2fbae257132b,classreg.learning.classif.CompactClassificationDiscriminant,CPU / fitcdiscr,8,1
LDA,19,15,lda/feature_19/lda_feature_19_fold_15_compact_model.mat,430a32e4d321bf803899b3bfba00d0361ec35e9c315c04722bd5f217622cb97b,383346,c2996e342be430eb4f7c1e7f55d86f1f86a650c80d4eac6929405ed2e7c51868,classreg.learning.classif.CompactClassificationDiscriminant,CPU / fitcdiscr,8,1
LDA,19,16,lda/feature_19/lda_feature_19_fold_16_compact_model.mat,bc0bac6d9d9b0149e7f256eb3e21322ce07c27a5ca5ddb529dcf50971038497c,383307,70e5728f318d3cd7cb7c88e005142b298cdd88bafe6fb4b50415e5e2c1ec26f7,classreg.learning.classif.CompactClassificationDiscriminant,CPU / fitcdiscr,8,1
LDA,19,17,lda/feature_19/lda_feature_19_fold_17_compact_model.mat,ed47548a58e43cfb317e1e9e86cdbd6a8a0646e558d7b668bfd1a225d0af9e50,383338,861e8dd3f53c0545da0890fe6dd68ca64fa2599be4790ff62571707656667632,classreg.learning.classif.CompactClassificationDiscriminant,CPU / fitcdiscr,8,1
LDA,19,18,lda/feature_19/lda_feature_19_fold_18_compact_model.mat,2715e1f80485ca29993b70db9e47e73418c1cb92e0756056b5c3d20f9e58e7f9,383365,96c6f0349832493a365c202acee87edecb701b0e882b7e45a16cb6234cdf55c8,classreg.learning.classif.CompactClassificationDiscriminant,CPU / fitcdiscr,8,1
LDA,20,1,lda/feature_20/lda_feature_20_fold_01_compact_model.mat,d7c5e93cb3fbe270672bd37461c84e14bc93afded9add668bd2f8ba663bdf31d,383311,6d362d6c486270ef1c840b168a76ed4a5a9fb33e1b3646b004ac8ba55d1c52da,classreg.learning.classif.CompactClassificationDiscriminant,CPU / fitcdiscr,8,1
LDA,20,2,lda/feature_20/lda_feature_20_fold_02_compact_model.mat,b4559d192cba2a2c55d20915dfc12f66c7c064b2360399e695f44baa0325138a,383284,fd51839469c28884e1d7752b8e80a7bd96b810a4e3df3c355ba4734bc0665015,classreg.learning.classif.CompactClassificationDiscriminant,CPU / fitcdiscr,8,1
LDA,20,3,lda/feature_20/lda_feature_20_fold_03_compact_model.mat,291fec75095f8dc4c97b949c08f1575f0a48c3c3c19e2a2a3b47ff6d0cacbcb1,383332,49542bcfe3cc118ad4fc0091d843bb169047c1d62d8d0435ba06bc8d2daf9911,classreg.learning.classif.CompactClassificationDiscriminant,CPU / fitcdiscr,8,1
LDA,20,4,lda/feature_20/lda_feature_20_fold_04_compact_model.mat,13399664dffdad97bbb1b83c3d7a76f23fb1bd799c7984a853efa0fefd83a2ce,383354,d6185d88d26cfe68496418c21218b5ff7cab9232c2bb2ba5eae1e8ff361d5260,classreg.learning.classif.CompactClassificationDiscriminant,CPU / fitcdiscr,8,1
LDA,20,5,lda/feature_20/lda_feature_20_fold_05_compact_model.mat,f203f14a578582d76c0355cc735718a3f11f19b5b39cb60b82d786cfc68147fb,383341,dc20e34a520592e081c597849dfd23842462256c873d1156b1ca21fe88122a11,classreg.learning.classif.CompactClassificationDiscriminant,CPU / fitcdiscr,8,1
LDA,20,6,lda/feature_20/lda_feature_20_fold_06_compact_model.mat,7a3ed8a09d0b2f04f998c70d54bdece155e6fb078720934e3bf794c516b6baef,383337,a3cc3a25d8cbc89db4bfcfc10657b9f380c1922a76031d2502a3a89337268774,classreg.learning.classif.CompactClassificationDiscriminant,CPU / fitcdiscr,8,1
LDA,20,7,lda/feature_20/lda_feature_20_fold_07_compact_model.mat,2f5c0ceb580d2ca119917cb9e69755ca6d4540314f0d3a2dcefc868390c0408c,383306,b55014e678b20ddea13680bcd6e8f49f8f9ac03fda9d07b4dd60a001de1aa705,classreg.learning.classif.CompactClassificationDiscriminant,CPU / fitcdiscr,8,1
LDA,20,8,lda/feature_20/lda_feature_20_fold_08_compact_model.mat,5948aeac69820d7f03f90fd73180d23afbe699b48bd79208b14f5c10fef17188,383276,a527252d6206c46e118b04e72c174d7ee6eac90fb25720ec078d0163efd7528e,classreg.learning.classif.CompactClassificationDiscriminant,CPU / fitcdiscr,8,1
LDA,20,9,lda/feature_20/lda_feature_20_fold_09_compact_model.mat,d88b0bd2938a7fe65fcb03eb5d7c276e6837cb9c98816fbe6867eeb951723129,383235,0ddabd03979336166a57bff9513dca41dde2147a2f2aaacf60bb71706439aa41,classreg.learning.classif.CompactClassificationDiscriminant,CPU / fitcdiscr,8,1
LDA,20,10,lda/feature_20/lda_feature_20_fold_10_compact_model.mat,fc5dc6bd74051aa8b60243274d4368acf6691b4636d88f33e1fc6b7d32b9af51,383259,9c89cbf29ceec540dbdd155d993637877fa5905abf30b2f928d23bb896763495,classreg.learning.classif.CompactClassificationDiscriminant,CPU / fitcdiscr,8,1
LDA,20,11,lda/feature_20/lda_feature_20_fold_11_compact_model.mat,6a73a7612cf939ffff1dc00968065baa22ea1bd9c8d5eeec0cfa80979607fd66,383308,1a9a96261bfd85d4afe2c5f709e789d65949d430bac877faf850d23b1e4b62ca,classreg.learning.classif.CompactClassificationDiscriminant,CPU / fitcdiscr,8,1
LDA,20,12,lda/feature_20/lda_feature_20_fold_12_compact_model.mat,5ffe1aa26a30b51ccbc5cfd5279bc500093a719d7459daf99c2e930afcd32fcd,383329,caccfa3569be5b11d3230b137fb425e941c946bf984284df40c89a6d71ebec70,classreg.learning.classif.CompactClassificationDiscriminant,CPU / fitcdiscr,8,1
LDA,20,13,lda/feature_20/lda_feature_20_fold_13_compact_model.mat,38f50f8507776ad7f74664ab1f3475ea450669f7109868bc023a71faee9360d4,383296,40ed1b21557cbfd753d84e86582c9fdeac9080b07033302db90ead1ec8af6fa9,classreg.learning.classif.CompactClassificationDiscriminant,CPU / fitcdiscr,8,1
LDA,20,14,lda/feature_20/lda_feature_20_fold_14_compact_model.mat,6a4aac0a9b813f1541efae34353a1ce776447a84b6617b912e36223fc0e1c29f,383337,5f9864628a93b388cf233ea1fa23172ef7e9c344672cdcb83e34fb05927823e1,classreg.learning.classif.CompactClassificationDiscriminant,CPU / fitcdiscr,8,1
LDA,20,15,lda/feature_20/lda_feature_20_fold_15_compact_model.mat,b725b32701ab5970a99014ea7ddca89ba9e7a234205c335303cb00a955ebe3c2,383261,c75830c97d5157517bec048794a81608086504e97b9e341236aeeef1b4834ca5,classreg.learning.classif.CompactClassificationDiscriminant,CPU / fitcdiscr,8,1
LDA,20,16,lda/feature_20/lda_feature_20_fold_16_compact_model.mat,12dfb75711c95fd4496f6ec856a42c4616ff9bb4f954f0b68e493d9f90968188,383308,c3635b44f30109b3e1c58066806d288527f7566eb4e49d7d641841dbac4c72cf,classreg.learning.classif.CompactClassificationDiscriminant,CPU / fitcdiscr,8,1
LDA,20,17,lda/feature_20/lda_feature_20_fold_17_compact_model.mat,19f85d7d817ade18dc85dc0264ef3d6135add83ac48b0ea83dcadf2a689568dd,383357,4ef75e0ca4914cb6ca7dbac2f13c5352efaf7b58c3c0b0c76152ecdb645f3f96,classreg.learning.classif.CompactClassificationDiscriminant,CPU / fitcdiscr,8,1
LDA,20,18,lda/feature_20/lda_feature_20_fold_18_compact_model.mat,c39290c14a58b7232a20d668a64dab447027d1b2008c85df101dd8f871826d7c,383349,4087ccbfbdf904216843695e6d46f02bf2aceefc62dd847ec2d5f222bb54a7d4,classreg.learning.classif.CompactClassificationDiscriminant,CPU / fitcdiscr,8,1
LDA,21,1,lda/feature_21/lda_feature_21_fold_01_compact_model.mat,a101faf7a0c3954b67953bb7c9fb6de6cf43649b51fcbc37b3ff053aada3c367,383321,d45ad08958ab3c65776f6a128a78683ee63cf369177667e98f6fc07af850b57b,classreg.learning.classif.CompactClassificationDiscriminant,CPU / fitcdiscr,8,1
LDA,21,2,lda/feature_21/lda_feature_21_fold_02_compact_model.mat,2b036c268b4b0b322f2c17856c1b85a810f9889b9ec9b3b3d311e260881b7212,383306,5d9021e1c9be11152a009266f713c78d3b63eea6163ab32ff600299118ede007,classreg.learning.classif.CompactClassificationDiscriminant,CPU / fitcdiscr,8,1
LDA,21,3,lda/feature_21/lda_feature_21_fold_03_compact_model.mat,ac7eaa22230f0d1de542f130398f87dcdeb2be5840c7ae006099f70aa01b2d04,383362,3a788c8b0be349ae44b2dd64d5fab28f7d7df2ec3c748d5bf2e1e5c66141071b,classreg.learning.classif.CompactClassificationDiscriminant,CPU / fitcdiscr,8,1
LDA,21,4,lda/feature_21/lda_feature_21_fold_04_compact_model.mat,6388a4d4bc8b7c8f836916aeed2dba8504a34081821aba73ac5639ff6b9cf5fb,383359,c3ecc4115871963044c35cc8f4b0b60e6a5284284e74401995e783d4c82501b1,classreg.learning.classif.CompactClassificationDiscriminant,CPU / fitcdiscr,8,1
LDA,21,5,lda/feature_21/lda_feature_21_fold_05_compact_model.mat,9d1c9076d53c42fccfb97c5a88b637ca783de3da5d1d9e0cb22ba1f46766d2e2,383273,7f018b6c9b589107754c10e86db2b90527f530c02af5213c1f33354ea1bc3368,classreg.learning.classif.CompactClassificationDiscriminant,CPU / fitcdiscr,8,1
LDA,21,6,lda/feature_21/lda_feature_21_fold_06_compact_model.mat,76e8cd6965c725557b7eae994632b0253846c331c3fd5df88c752d695b979870,383367,94e034bcfb1bd95d1194cb97894e7148f302da1d9d97d6e904f88c92f4270d48,classreg.learning.classif.CompactClassificationDiscriminant,CPU / fitcdiscr,8,1
LDA,21,7,lda/feature_21/lda_feature_21_fold_07_compact_model.mat,8811cde5ad4d8e03ea62312357c6b9806ea829af16cf70f113d65ae60f4e8fb4,383377,fd5e527f5f5f9baa684572ea1bdca00d389220e2f7619740869013a6665af123,classreg.learning.classif.CompactClassificationDiscriminant,CPU / fitcdiscr,8,1
LDA,21,8,lda/feature_21/lda_feature_21_fold_08_compact_model.mat,a47f91e9bf4707eb45501d5ce30ac6187f08bf10101825ec9e2b4d7cf75184e1,383328,c49f93e74602e05fb2805c629940292d62c53e18bc35aa7dc36d97605b46532c,classreg.learning.classif.CompactClassificationDiscriminant,CPU / fitcdiscr,8,1
LDA,21,9,lda/feature_21/lda_feature_21_fold_09_compact_model.mat,0e1747536d077981215e2b7aaed65ac894ad238c76ba1731dff72cf42e215523,383286,789b856df1e6342545c7406609ea1bd2182ce9d1da977ed92ca450ca42d65cae,classreg.learning.classif.CompactClassificationDiscriminant,CPU / fitcdiscr,8,1
LDA,21,10,lda/feature_21/lda_feature_21_fold_10_compact_model.mat,7e18d831350b8badba3a0784b0c9fc34268893579eedc6c9c73f7e08af2d8fa1,383353,c5c531ced7c8131f65c4c2fbc45f70ec6e9fd01895ede89402aa615cc0807cef,classreg.learning.classif.CompactClassificationDiscriminant,CPU / fitcdiscr,8,1
LDA,21,11,lda/feature_21/lda_feature_21_fold_11_compact_model.mat,a6c356ac2ce91b54155f6706357f023bd2f3548e279090c1f9b85e0132a18f8e,383322,abf9dc6836c1a8697b0318939a6dff9b1b08d0544e9795212991cb179db98818,classreg.learning.classif.CompactClassificationDiscriminant,CPU / fitcdiscr,8,1
LDA,21,12,lda/feature_21/lda_feature_21_fold_12_compact_model.mat,d2b38325baf76b2595b21bda95e1c84f5141c1ec93550e3cbd293be08415e7ac,383358,fd773217fd9faf525f3ea21c00c476ef07b0e54182feb7d1c05e235e371d20ff,classreg.learning.classif.CompactClassificationDiscriminant,CPU / fitcdiscr,8,1
LDA,21,13,lda/feature_21/lda_feature_21_fold_13_compact_model.mat,d9ee8fe3984c546b3f944eb7abefe242f678fbdd464ae9a47914976246bfb6a7,383358,3fd593cf133ed100e605a896e18cc021a6bd393e247c6447c3cfaf353ba90c2b,classreg.learning.classif.CompactClassificationDiscriminant,CPU / fitcdiscr,8,1
LDA,21,14,lda/feature_21/lda_feature_21_fold_14_compact_model.mat,ec0dc32207b43e3211839da76c0747310a240e798f30bdcaa14ed0b0bb03d48f,383389,aa25b104e1e16ca05e2e0cdb05e5013df047abd1bd9fe9d97157949d7f3b1cc0,classreg.learning.classif.CompactClassificationDiscriminant,CPU / fitcdiscr,8,1
LDA,21,15,lda/feature_21/lda_feature_21_fold_15_compact_model.mat,237fd75b9ad62aef32ebb076ac8337aa637fe8136ba080b25995b137de4bdb0b,383335,bc56e5411c8fd6d84e5be8d3fe96597ca821284d3c3c26bdbf48bc914db7cb99,classreg.learning.classif.CompactClassificationDiscriminant,CPU / fitcdiscr,8,1
LDA,21,16,lda/feature_21/lda_feature_21_fold_16_compact_model.mat,0425d040dd9506bfb2b96bbf0b3b84bfb567c49b0066a0c62691bfe253b019b8,383339,3ddbcdc3d488130adda3ac931475eb66c820beff96d131a553d68aefe7184e20,classreg.learning.classif.CompactClassificationDiscriminant,CPU / fitcdiscr,8,1
LDA,21,17,lda/feature_21/lda_feature_21_fold_17_compact_model.mat,da7351149f000d18d99bb5db4065d783cb10a82eaa77e859d5ae6f640b4526e7,383277,0d1795af4e07c2c84a045ad40b26af83c1358ee4e3175b695abf8b43e21e2ff3,classreg.learning.classif.CompactClassificationDiscriminant,CPU / fitcdiscr,8,1
LDA,21,18,lda/feature_21/lda_feature_21_fold_18_compact_model.mat,f89e318555aecfd2f5c43b607768a9e5af6241cae96181ec807a2fb8afb113ae,383287,a1709dd1c4ef2f07b09782ba05d43230d612e2f2c97ef93bda380e72cef32500,classreg.learning.classif.CompactClassificationDiscriminant,CPU / fitcdiscr,8,1
MLP,1,1,mlp/feature_01/mlp_feature_01_fold_01_compact_model.mat,6168c0438837cecbb780dfe91830dacc4bfffd25fcd5c5e7d0e96cb56930a673,207433,ca2028c5bfbccef29309c4f1c51a1d0c50a55509539ed1aef65c7f8a9ef443ea,classreg.learning.classif.CompactClassificationNeuralNetwork,GPU / fitcnet,8,1
MLP,1,2,mlp/feature_01/mlp_feature_01_fold_02_compact_model.mat,c84bcf88bcf97ef54a056d2c44ff4cac68d5b424a3a463ac329bb87d25f03b92,207444,4b63c109ef839b9c9efae4611a908f5746950b732551f3b306e5087d922fbf6b,classreg.learning.classif.CompactClassificationNeuralNetwork,GPU / fitcnet,8,1
MLP,1,3,mlp/feature_01/mlp_feature_01_fold_03_compact_model.mat,2e144b8a32105c9a7f23df746455f0910c181b7c1b7cc79c0368949bd9d8453f,207437,c22be174e43e03f1a37757f402be8366c38dcd237658825f5cf725c08fe82320,classreg.learning.classif.CompactClassificationNeuralNetwork,GPU / fitcnet,8,1
MLP,1,4,mlp/feature_01/mlp_feature_01_fold_04_compact_model.mat,99efcca63941de8ce610a96c1ea88cbf4aba7a24ecd48da2e2b62d7eccc1803b,207460,33db8952ce1cef8be73f71c1cf8d99c5c3ff2d2b60eb4713a5f470ff00096c88,classreg.learning.classif.CompactClassificationNeuralNetwork,GPU / fitcnet,8,1
MLP,1,5,mlp/feature_01/mlp_feature_01_fold_05_compact_model.mat,5cb132dfa5211d86ab3e7902f8ee10af4613be460e294b1b0f6b9c4b8b43fbb5,207416,6338817062758a6873a6ed586b446852498f4839e0946823ee5b4372fce7e768,classreg.learning.classif.CompactClassificationNeuralNetwork,GPU / fitcnet,8,1
MLP,1,6,mlp/feature_01/mlp_feature_01_fold_06_compact_model.mat,b89fdfd9aa19e7a0e662a7fc98d9d443c546d5004703cbf313e67c66b6f4d2aa,207444,b77933855ef440552f99e23e72c6925be3c4cd7745d3f4ae43c365e299d1459a,classreg.learning.classif.CompactClassificationNeuralNetwork,GPU / fitcnet,8,1
MLP,1,7,mlp/feature_01/mlp_feature_01_fold_07_compact_model.mat,e133f253dbf4e32ab7462bdbd8f9bee4b43ad98c1ef48328df3f60c1659a0caa,207463,5cb379a390010eb1a87e95d678eaebd9e6c1ec9fdb6d14b20ce3f5caf455149d,classreg.learning.classif.CompactClassificationNeuralNetwork,GPU / fitcnet,8,1
MLP,1,8,mlp/feature_01/mlp_feature_01_fold_08_compact_model.mat,b1373d207ee4a7b00db0f514ad181cd3ea11a347f206556a25d6024d3c05640d,207408,1bc82eaf49c5c5ad26d9814823020c4199cba56ac1222d9a0959049f994d7ab6,classreg.learning.classif.CompactClassificationNeuralNetwork,GPU / fitcnet,8,1
MLP,1,9,mlp/feature_01/mlp_feature_01_fold_09_compact_model.mat,31a46caf0188333eb2c008e4fb9bba7215ab9dc289534c981a5fc3c5cc3f9ec2,207439,2db8988d633d8a8f7ade19819ba8d7e3d23e350b674b50ecfe6ff520d0d98af2,classreg.learning.classif.CompactClassificationNeuralNetwork,GPU / fitcnet,8,1
MLP,1,10,mlp/feature_01/mlp_feature_01_fold_10_compact_model.mat,27a22b09b4b1f3ab24c77697ebb83a41101030b31e552cad2d4393dbca8458e6,207440,610d2e2c543cf761996bac2c781935c46332e20930e713fe78fb4ba2b15edf71,classreg.learning.classif.CompactClassificationNeuralNetwork,GPU / fitcnet,8,1
MLP,1,11,mlp/feature_01/mlp_feature_01_fold_11_compact_model.mat,b0d0767e8f8765d763639267b6ea0b3b629da549c8ecd1f9b076efbe7a9e5241,207406,2b91acb33f62da694e813a47e6d102cd046966c8b7f8ae53aacced1736a34a85,classreg.learning.classif.CompactClassificationNeuralNetwork,GPU / fitcnet,8,1
MLP,1,12,mlp/feature_01/mlp_feature_01_fold_12_compact_model.mat,24711ddf31fa5cb1de97481f3c7533be61bec4072cad5356f4d672a11f71c971,207423,83d781e5e1758d9b86b625d8c911842b0b2b6587f2e66e77637e9eb5e8d5d6d5,classreg.learning.classif.CompactClassificationNeuralNetwork,GPU / fitcnet,8,1
MLP,1,13,mlp/feature_01/mlp_feature_01_fold_13_compact_model.mat,2f73321620e9c3182530e3403b90345dea01ab40556d9ab43b4888a9f8ea9f5b,207430,d70e295f9570c9f5bc3e11afd9ddda48ccd4704c5cd57cc3ea669b8e6fabcc5c,classreg.learning.classif.CompactClassificationNeuralNetwork,GPU / fitcnet,8,1
MLP,1,14,mlp/feature_01/mlp_feature_01_fold_14_compact_model.mat,4bb17a94ba78d3bef7e9112d823d48d694ea2667b1479b8e53a6e2b82ebcff13,207418,e1a9f8fe8d71aed7944ce3188f1a7efe4472106dc50f524c379ba99486978a7e,classreg.learning.classif.CompactClassificationNeuralNetwork,GPU / fitcnet,8,1
MLP,1,15,mlp/feature_01/mlp_feature_01_fold_15_compact_model.mat,b29e786436848d8010bf0e97b3dfc4fdb9acd89b3e8c0ff19ea7d2e5bcba9eae,207422,fcaa1dd048e0b59447ee0a71985121d99c7b6ca34add462cf2f49af7b31eef38,classreg.learning.classif.CompactClassificationNeuralNetwork,GPU / fitcnet,8,1
MLP,1,16,mlp/feature_01/mlp_feature_01_fold_16_compact_model.mat,fe2c0352a5c98cbe599f51e2b580386f908cae2288fd42d783794dcb991d354e,207430,40c6b189c3d2946d96831706358691df88585a5322967dd964d6ce1374e024f9,classreg.learning.classif.CompactClassificationNeuralNetwork,GPU / fitcnet,8,1
MLP,1,17,mlp/feature_01/mlp_feature_01_fold_17_compact_model.mat,fee92f87e334260db6bf432b9dad1d7c57dc9e18e7ff25efe199d745b1f76abc,207427,9a50d35b8e28e479f03bff454875684bf715e1ed8df5a692c42001f8a4f0ee82,classreg.learning.classif.CompactClassificationNeuralNetwork,GPU / fitcnet,8,1
MLP,1,18,mlp/feature_01/mlp_feature_01_fold_18_compact_model.mat,b3eb1cc88437bf5d14f90d17763718ce5a4b4338a1d6332b714c0d0a4090985e,207383,e73e035ed62813e041a5221332a09dccc17b0adb475b189c7811b3245826a8d4,classreg.learning.classif.CompactClassificationNeuralNetwork,GPU / fitcnet,8,1
MLP,2,1,mlp/feature_02/mlp_feature_02_fold_01_compact_model.mat,28760001936808d801c2d8e1fb5b2f254749d9d6dcb1e5ed9c23937314efd1ba,207468,c6aa2b8ea01094be867f1e747d7eebf04b2b2c8ddd70e61b3a5218530a35a71d,classreg.learning.classif.CompactClassificationNeuralNetwork,GPU / fitcnet,8,1
MLP,2,2,mlp/feature_02/mlp_feature_02_fold_02_compact_model.mat,ef08d58033c58aee2fb64fbbf8f5533326f82ea42f8271d2897f65b5278ed214,207459,3529db54bdd4debd21e8886f49cee2587b4202c3d534afdb25a5a637c6f6031a,classreg.learning.classif.CompactClassificationNeuralNetwork,GPU / fitcnet,8,1
MLP,2,3,mlp/feature_02/mlp_feature_02_fold_03_compact_model.mat,7fbe4edb0776aa188258cda24c5a1cd708976074fbdca5ecb53d4a7a671e7a34,207460,cf66b180410760a2d48d94777c52836b0707bca28cfa66142affb2dfaccf4a5b,classreg.learning.classif.CompactClassificationNeuralNetwork,GPU / fitcnet,8,1
MLP,2,4,mlp/feature_02/mlp_feature_02_fold_04_compact_model.mat,28c7e0a498bc9505db90b21c553916ab29cbc97786749dd4904c59ac2a55b6c0,207468,ceb07e7ad1cc7ee35f12a24152649212e0295fb685ff77c27b3f8d06e39cfd9a,classreg.learning.classif.CompactClassificationNeuralNetwork,GPU / fitcnet,8,1
MLP,2,5,mlp/feature_02/mlp_feature_02_fold_05_compact_model.mat,55e6c78141d92b90c9657a35bbb90dcd39ad559117d0c1df97c04cbf8d7f7317,207455,7d3d0754cde4f28cb43f6769ad4f7e18ef3fdf5d5b8c6eb2ed013489dc55920e,classreg.learning.classif.CompactClassificationNeuralNetwork,GPU / fitcnet,8,1
MLP,2,6,mlp/feature_02/mlp_feature_02_fold_06_compact_model.mat,b22b7888d78857fa4fa16e39cf9cd3503c4866f3da767269c52d1ddcf210ad71,207486,6dff0008296452663f5a60a90c35c33fdf21ba0ef306980555775a50b34d3899,classreg.learning.classif.CompactClassificationNeuralNetwork,GPU / fitcnet,8,1
MLP,2,7,mlp/feature_02/mlp_feature_02_fold_07_compact_model.mat,fb9257f8c011bf2b434c25ee81f1c455f3072f3fc095d95b340f830cc52aa47d,207499,6b16abda514eeb7f7ff9c39e100e9e57b9004897a9c9a5bd55aa3ff3711f1a6c,classreg.learning.classif.CompactClassificationNeuralNetwork,GPU / fitcnet,8,1
MLP,2,8,mlp/feature_02/mlp_feature_02_fold_08_compact_model.mat,6824fcc0dbdd60173734c3ee219a094ffd1da077b3009b5e434c35f2fbccc8a2,207478,a498a9c3dbd17086bdee43bd029f210702d3890a6cbcfe2d67c7c2a87c7fc71e,classreg.learning.classif.CompactClassificationNeuralNetwork,GPU / fitcnet,8,1
MLP,2,9,mlp/feature_02/mlp_feature_02_fold_09_compact_model.mat,8afd4c8c0f7614c64cefb1f988bfd5de953b88c2087ff8184cc3f7bba0c116cd,207466,bef998d528b3216e7b7b5207caa094d87d921c8e74cd0664acbdc521ce6bcda5,classreg.learning.classif.CompactClassificationNeuralNetwork,GPU / fitcnet,8,1
MLP,2,10,mlp/feature_02/mlp_feature_02_fold_10_compact_model.mat,9922e61d197bdee43215ccea607fc1e43238842d54882b8073612a048fc72bc3,207503,61877c88d824aefd775c3ca4446235548c392fcf2e122113d880290b9cddec57,classreg.learning.classif.CompactClassificationNeuralNetwork,GPU / fitcnet,8,1
MLP,2,11,mlp/feature_02/mlp_feature_02_fold_11_compact_model.mat,2d22ae9e1cbe51624e8a87f11b441c52ed85178e5e37cbd6a0cf59e138ae5540,207463,d63807813c1442dae1d06d92ee08472f25475dbf21084d2423beacecb986bc9e,classreg.learning.classif.CompactClassificationNeuralNetwork,GPU / fitcnet,8,1
MLP,2,12,mlp/feature_02/mlp_feature_02_fold_12_compact_model.mat,f889de6ac9ec34b4bfef5e91f3fbef9019347fb898b186e2c3e268701f023e43,207490,6628f22a12567c4632193edc3518bda02bdbf917c7f337a19bd7ee637aa43b32,classreg.learning.classif.CompactClassificationNeuralNetwork,GPU / fitcnet,8,1
MLP,2,13,mlp/feature_02/mlp_feature_02_fold_13_compact_model.mat,7a7398b01aeec25479796e6bb16d70b8cd4d69cb430942962baa75c82152552b,207481,27fad52bd52668836e260b0a5a259ab2ff92a4a721a3a65bdc8d1257f97ad939,classreg.learning.classif.CompactClassificationNeuralNetwork,GPU / fitcnet,8,1
MLP,2,14,mlp/feature_02/mlp_feature_02_fold_14_compact_model.mat,2c12c7ba6a523734d4cbc1364267d476f182edf94dba3d6ab47556936ab59225,207479,24312fb0c257a95633e2dcbe073bdcfc937b6d8fb6384334b10766f86418cb33,classreg.learning.classif.CompactClassificationNeuralNetwork,GPU / fitcnet,8,1
MLP,2,15,mlp/feature_02/mlp_feature_02_fold_15_compact_model.mat,bdd8c8bd1b0196846200ae567f182ce4b554160d1c3fdb896c9cc76647df6765,207467,edfb9b0a574791f17b02fd8acd8e6a1964249114f73f3a830a327892aadaa782,classreg.learning.classif.CompactClassificationNeuralNetwork,GPU / fitcnet,8,1
MLP,2,16,mlp/feature_02/mlp_feature_02_fold_16_compact_model.mat,8973677ca776e56d5424525c275d186b696ac99045d3b87f330222690f39637a,207471,7794def0f6f93233ba118b822663e6b947ee76c4f1decb0f487c1492c247288d,classreg.learning.classif.CompactClassificationNeuralNetwork,GPU / fitcnet,8,1
MLP,2,17,mlp/feature_02/mlp_feature_02_fold_17_compact_model.mat,456944044b4176fbfaeb21da7ce75484a95c56fc33f4f59233d1ba3ec8520782,207470,4ef4d17d44887f77861b79261b48ebb160dc37ed53d64edae5377b4194eddf68,classreg.learning.classif.CompactClassificationNeuralNetwork,GPU / fitcnet,8,1
MLP,2,18,mlp/feature_02/mlp_feature_02_fold_18_compact_model.mat,3fa9da4e07628759242bf6c2b61294543300233968086bef01d3773d92123bfb,207480,80ae41735ff8ffb6a8e3915f1a31b18097e80497960dd0d2835d8b7e5a9c91b8,classreg.learning.classif.CompactClassificationNeuralNetwork,GPU / fitcnet,8,1
MLP,3,1,mlp/feature_03/mlp_feature_03_fold_01_compact_model.mat,3a9a1455b2d27b315f822f6cde12b33d7632b6e1c22e5382b142b79b38b87773,207442,c52617fe3722a9eff7a03c9cdf633158ea3834d9626d94da69cc105f6f1cf2f1,classreg.learning.classif.CompactClassificationNeuralNetwork,GPU / fitcnet,8,1
MLP,3,2,mlp/feature_03/mlp_feature_03_fold_02_compact_model.mat,4b1801225aacbc2e61f6bb2b4fa14696f10eeb9843ee33204f9b8e64fc63e9e9,207436,45118c6a5e32918262fcf852d31303cb483e32eb6da24b38aab8f29048ff30ab,classreg.learning.classif.CompactClassificationNeuralNetwork,GPU / fitcnet,8,1
MLP,3,3,mlp/feature_03/mlp_feature_03_fold_03_compact_model.mat,d81830135be1a4454aa1da4326be72a472e937246fabd03729682ac0433c730a,207434,5551ad434334742f1ea2aa8a1b5bdae7d5b4ecd37462f0c2dace585cac4a94d8,classreg.learning.classif.CompactClassificationNeuralNetwork,GPU / fitcnet,8,1
MLP,3,4,mlp/feature_03/mlp_feature_03_fold_04_compact_model.mat,8c2e428a9a91887cdb6e93a6decc4ee4fc07f201b48181572b1325fa58ec0c70,207435,9960974f50fd96baf08cbad5d2714f18936bd1179297de12f89f91b9ca32ea32,classreg.learning.classif.CompactClassificationNeuralNetwork,GPU / fitcnet,8,1
MLP,3,5,mlp/feature_03/mlp_feature_03_fold_05_compact_model.mat,664c514587b93e0316bdb4e183086d0ecbad7f9223d9f467e9e6a0b3d7be64ee,207461,fad230612454f0b9100c3e1e8f3d71059fccc62855487dc1de5fb5f411a16f37,classreg.learning.classif.CompactClassificationNeuralNetwork,GPU / fitcnet,8,1
MLP,3,6,mlp/feature_03/mlp_feature_03_fold_06_compact_model.mat,68ebaf42fe72a8d0475123a45c7eee6ef5addfd0268c8d09bc3e442c57ebce29,207453,3a8304571d86e1c54c60bb48f37bce23303961719eedf7d3a5696aac22d60a8f,classreg.learning.classif.CompactClassificationNeuralNetwork,GPU / fitcnet,8,1
MLP,3,7,mlp/feature_03/mlp_feature_03_fold_07_compact_model.mat,259f8b6751c1566984adc9b08d5ba5d2aa6f083ae40da3c27106558eac2b2b32,207449,e15d9eec57c9ae79b04102778095336087beb5833f1f72615b4b2bf3fe2abb75,classreg.learning.classif.CompactClassificationNeuralNetwork,GPU / fitcnet,8,1
MLP,3,8,mlp/feature_03/mlp_feature_03_fold_08_compact_model.mat,fa6f378b3c6b731057c99b7ba4a8a150b144924dbd8ec6bc823d487225794d6b,207437,041f591c830f9e15041214ef5389ed67a86b5f9ee9ee13c439a0571da5db848c,classreg.learning.classif.CompactClassificationNeuralNetwork,GPU / fitcnet,8,1
MLP,3,9,mlp/feature_03/mlp_feature_03_fold_09_compact_model.mat,0e3b08b36fc5c61e60cb015d5e226091953b38e327db5bd08ba5af3dba90f552,207458,c15dfb4ae33eeb3d03bb81845f6a3120b79997f98e7bc292f435e9725ba40748,classreg.learning.classif.CompactClassificationNeuralNetwork,GPU / fitcnet,8,1
MLP,3,10,mlp/feature_03/mlp_feature_03_fold_10_compact_model.mat,ee194cd4981143d2f3b62191a66edd4f50566caf782f9c0cb8e186cf40c95db6,207415,e0d4d01786da883dfef39999e03d45945a19775c7797df5cf5e9697e225028fc,classreg.learning.classif.CompactClassificationNeuralNetwork,GPU / fitcnet,8,1
MLP,3,11,mlp/feature_03/mlp_feature_03_fold_11_compact_model.mat,e904c5359476c3e5e09a288589a618e80c366cc123bed010ea228d17965a790e,207416,9ee145118fc9fae152f27f1e5cd7b3f4194f84e5d3261141d79ea3f99355a856,classreg.learning.classif.CompactClassificationNeuralNetwork,GPU / fitcnet,8,1
MLP,3,12,mlp/feature_03/mlp_feature_03_fold_12_compact_model.mat,a4df383f6c96d9d73e3560d49b35fb2660c9bd19a5d117f5cbdf387a581da46e,207430,0dce9623b06c7ddda3da32273fe50baa573a6d23a9855965064291ccbdf2a9ab,classreg.learning.classif.CompactClassificationNeuralNetwork,GPU / fitcnet,8,1
MLP,3,13,mlp/feature_03/mlp_feature_03_fold_13_compact_model.mat,f728a812147fecbec45f25b5a8bfc04387ec735755d4305e9506569365a397e5,207462,389749254a7e6abe9390693201e54991ab6ffdfed340620af2e7c6d89172a422,classreg.learning.classif.CompactClassificationNeuralNetwork,GPU / fitcnet,8,1
MLP,3,14,mlp/feature_03/mlp_feature_03_fold_14_compact_model.mat,06cdbc46c2d66b1fdc359168b1003f390067e0a7a8c9d37b13f0a310d936f9bb,207430,5cb87cf3bcd61434196eb8e0d2bd2b5ab8246d9fd1c6a773e233da8e40713b95,classreg.learning.classif.CompactClassificationNeuralNetwork,GPU / fitcnet,8,1
MLP,3,15,mlp/feature_03/mlp_feature_03_fold_15_compact_model.mat,cf34236ecc0ef61526eae9f39922a734d04da7e1ecfbd9f45ced7d82e0749586,207423,72f21726942614bb6b1ed82a73fb36b9e6f1ad0e2c21d20bd1fa62d32d0d9749,classreg.learning.classif.CompactClassificationNeuralNetwork,GPU / fitcnet,8,1
MLP,3,16,mlp/feature_03/mlp_feature_03_fold_16_compact_model.mat,fc493f7c89872fc33aba0e492e3e1a95104619ae5f4ecd17a49f576c6cb69e9d,207428,3af1a34eace4fa1cfba72d3db9b81c106a13ad41855a0a6a269b6d069ed22b7e,classreg.learning.classif.CompactClassificationNeuralNetwork,GPU / fitcnet,8,1
MLP,3,17,mlp/feature_03/mlp_feature_03_fold_17_compact_model.mat,85f0617da994ea2c64f7662001d442030d373fa19c823b734f14d67a2200f6ad,207444,fe300434b9b9c8dd726be0566d14439cff172a804cf2557ea83a1323c85ff3e6,classreg.learning.classif.CompactClassificationNeuralNetwork,GPU / fitcnet,8,1
MLP,3,18,mlp/feature_03/mlp_feature_03_fold_18_compact_model.mat,5addf79858e897b39100a7cc3b18977977ad5d1ef753eb1e372afd8e891df507,207427,c9455186ba789a8d7e5fc32b36a2ffa117fd0291da036b7fbe22cf62ee637271,classreg.learning.classif.CompactClassificationNeuralNetwork,GPU / fitcnet,8,1
MLP,4,1,mlp/feature_04/mlp_feature_04_fold_01_compact_model.mat,06bd0fc2a898f0f7cbaf3f85775e1a61b1dc60bf1e31b34c642353aec7e456ab,207464,42f536990cbfcdd9c63d5facd56ad8407e6740fcb14590da853ca1ba47b4c2e8,classreg.learning.classif.CompactClassificationNeuralNetwork,GPU / fitcnet,8,1
MLP,4,2,mlp/feature_04/mlp_feature_04_fold_02_compact_model.mat,ed568a082d3525f053ae535ec67c835e45c5c9eb092d6f89b03a8ec5795df957,207458,5fa72850ecf4feeb684918979c66d3f77405e1b61d372504e6ba36a98079efd2,classreg.learning.classif.CompactClassificationNeuralNetwork,GPU / fitcnet,8,1
MLP,4,3,mlp/feature_04/mlp_feature_04_fold_03_compact_model.mat,8c00acb69316e3e26e0dfa7d37090350eee9f3e1b7188047ac95038513afbdfe,207462,f1f836e8f31044a1e6b22bf59012a0ea41948e825ab53913322361d64f05726f,classreg.learning.classif.CompactClassificationNeuralNetwork,GPU / fitcnet,8,1
MLP,4,4,mlp/feature_04/mlp_feature_04_fold_04_compact_model.mat,c4160bf61a46af4b3b1b4516c549bd9463358869385d2be2053410de0e6658df,207447,6c5145fff410c80ab503e3a4f02146d3b7dcc2d29f62b50e54dfa4d963407d33,classreg.learning.classif.CompactClassificationNeuralNetwork,GPU / fitcnet,8,1
MLP,4,5,mlp/feature_04/mlp_feature_04_fold_05_compact_model.mat,e9a0c648d664519fe4148f28c7b34d60f4d3d87867f7a409c86d828245766820,207453,620406574b2acc54c14e475df451216a07aa6ad38974aa881e0777ccc6546c0b,classreg.learning.classif.CompactClassificationNeuralNetwork,GPU / fitcnet,8,1
MLP,4,6,mlp/feature_04/mlp_feature_04_fold_06_compact_model.mat,476389a6ebc88eb93b9f465df43103082de817c63c2881322c45ae9b530388e4,207467,bdee30284ddaa0b39c22a22585b35fc5524ec25d17be23b1459d12f5c2afcf61,classreg.learning.classif.CompactClassificationNeuralNetwork,GPU / fitcnet,8,1
MLP,4,7,mlp/feature_04/mlp_feature_04_fold_07_compact_model.mat,ac6da08bdfde53bac4558ffc7642d71e1600580f25cf8a725c464237d5189322,207448,6449d80c932c84bf782428e339fa3016545f13bf84f27af27d6a1a6ee195eda1,classreg.learning.classif.CompactClassificationNeuralNetwork,GPU / fitcnet,8,1
MLP,4,8,mlp/feature_04/mlp_feature_04_fold_08_compact_model.mat,c529c923dd5955e4fc1a33667671daf2827745ff752ce306d1acc81531e5e09e,207456,8d9d2fe81455789bed6fa986aec0472196509edc8dca435e27419639fde1011e,classreg.learning.classif.CompactClassificationNeuralNetwork,GPU / fitcnet,8,1
MLP,4,9,mlp/feature_04/mlp_feature_04_fold_09_compact_model.mat,a26bcd2dd1fec99dc10d2bc562af30169079cfafee66749e009dbfce4af5f55e,207459,3069eccc09b0e07740bebc95b41b0f8f2a9fc06c38ee9fd9d637fb3bb399cd55,classreg.learning.classif.CompactClassificationNeuralNetwork,GPU / fitcnet,8,1
MLP,4,10,mlp/feature_04/mlp_feature_04_fold_10_compact_model.mat,078d18acd3d1dd2f6bb612f056984e7f78e7f70e2588dc0010693ef6f032bdbe,207458,7656cf00cda427bb0017ba6c944e71e65dd69e1a09e11ea954c1a3652498ac13,classreg.learning.classif.CompactClassificationNeuralNetwork,GPU / fitcnet,8,1
MLP,4,11,mlp/feature_04/mlp_feature_04_fold_11_compact_model.mat,e3f63b3de24a90fe90fea7819cdf476c226de027622c1d0f94a1317c63459fe6,207473,50bfcaf2c59e88d969f165c826b3e22cdc1e72abd5c4caf9644bf98dba84138d,classreg.learning.classif.CompactClassificationNeuralNetwork,GPU / fitcnet,8,1
MLP,4,12,mlp/feature_04/mlp_feature_04_fold_12_compact_model.mat,980a85529f3be6ae589ee4d295159f23c8465aa7dab1cc693bd656cbe300c647,207434,2585b51fc4038fa49fff7fc94d930d45e46735ea2e64f0eec6b8702c9444cade,classreg.learning.classif.CompactClassificationNeuralNetwork,GPU / fitcnet,8,1
MLP,4,13,mlp/feature_04/mlp_feature_04_fold_13_compact_model.mat,8e36b5680665ec96d1fa81e86634dc034665b560f2ffb2556bc8e35ed277d8f0,207470,3ade485d50a3f7e5076e05806617e8ab2cbb3e9661d9feada41ce24501f600ab,classreg.learning.classif.CompactClassificationNeuralNetwork,GPU / fitcnet,8,1
MLP,4,14,mlp/feature_04/mlp_feature_04_fold_14_compact_model.mat,b5786447c0fe65a6f8b61102e309ac53c6373e6a60d804a08c996ef04980bbad,207480,ececa4c7ecc78e04ce3cd54e8e59916e24e9ad1e9f12330918b9aa30ed94a17c,classreg.learning.classif.CompactClassificationNeuralNetwork,GPU / fitcnet,8,1
MLP,4,15,mlp/feature_04/mlp_feature_04_fold_15_compact_model.mat,984679c4487650eb0cc1e2e7703749ea1823ae3d7121b6fbcb302f947de8d3de,207497,ac5d7087fe0ced9b90b98d5bd9bc22cefdea706cf5c9daa4f22d56bfb0b8e3da,classreg.learning.classif.CompactClassificationNeuralNetwork,GPU / fitcnet,8,1
MLP,4,16,mlp/feature_04/mlp_feature_04_fold_16_compact_model.mat,20a9834733e70c0b503c5040c9982e6161c85e7dd32a125ad16521510c0b55ff,207451,3da1a62dd84fb85b32f6e12d72e52b9383c5463ff39f3153459f9eda3cc9f4ea,classreg.learning.classif.CompactClassificationNeuralNetwork,GPU / fitcnet,8,1
MLP,4,17,mlp/feature_04/mlp_feature_04_fold_17_compact_model.mat,cb4b22581e371e8d1156d182e83b33566b515cfaf0d7c1ddfe939b2f9e0da7ed,207485,0052ddea5568b9efb1951ae980ef1dd29c3da4a484fe47766ecc430d1f02fee6,classreg.learning.classif.CompactClassificationNeuralNetwork,GPU / fitcnet,8,1
MLP,4,18,mlp/feature_04/mlp_feature_04_fold_18_compact_model.mat,a735479973f82bd61e0e9a505aeef7088f862e184283fe4e1e4ff9ce02edef8a,207466,dc4d13d24d7e0e1b67e1be48623bcb4bfd723fe9354e3a3ee0d48fff37e1388f,classreg.learning.classif.CompactClassificationNeuralNetwork,GPU / fitcnet,8,1
MLP,5,1,mlp/feature_05/mlp_feature_05_fold_01_compact_model.mat,498a8152d338786679852483b0c20b8bdb9a4b633e3adbf0c444a0d2ebfc5bed,207498,6af98f2a3087fea437cf926a8183c3fc8f18a32323dc6dd2c15f391bc07a6139,classreg.learning.classif.CompactClassificationNeuralNetwork,GPU / fitcnet,8,1
MLP,5,2,mlp/feature_05/mlp_feature_05_fold_02_compact_model.mat,43c028f6862d151399d3d86d9ddd5f102b4e7f1e135463eae786537ba193565f,207464,8ecb8c89ff71aef88482aff4682778e1269d96f34648650d3a94384dfc53da7b,classreg.learning.classif.CompactClassificationNeuralNetwork,GPU / fitcnet,8,1
MLP,5,3,mlp/feature_05/mlp_feature_05_fold_03_compact_model.mat,4da4392c2bb44e0d0694423a39a5635f471ee6584e25474aa9bcff0ced9fd19f,207503,da60a396e5e4deef491eaf6847e7f392ec915afdc1d1ab33a25251a4585f0156,classreg.learning.classif.CompactClassificationNeuralNetwork,GPU / fitcnet,8,1
MLP,5,4,mlp/feature_05/mlp_feature_05_fold_04_compact_model.mat,39d06309fe691efaaeb9e3532aeae22a474282fdf5126c74fd1d596b076b2ed4,207469,ce5c020e551d06aad2ef52c2b412c598c93fe9fc57e617e85ed39bc176ebebbd,classreg.learning.classif.CompactClassificationNeuralNetwork,GPU / fitcnet,8,1
MLP,5,5,mlp/feature_05/mlp_feature_05_fold_05_compact_model.mat,6f384c2651a94189594c5b72c08737a70f41bc459c2b1388f9cace45c70fdcc5,207480,9a4974c09d534672ed7e6b7e4971b7780645e32cbe2f76cb874dcc51a3065553,classreg.learning.classif.CompactClassificationNeuralNetwork,GPU / fitcnet,8,1
MLP,5,6,mlp/feature_05/mlp_feature_05_fold_06_compact_model.mat,dd16246f113c25efa878ffea03a61a7b694ac4edbf97017290d90d82c0859348,207493,10a3d84b240c59b1aa224f5f8650b9bbdbd062a6dc65f733fea811f525d03a82,classreg.learning.classif.CompactClassificationNeuralNetwork,GPU / fitcnet,8,1
MLP,5,7,mlp/feature_05/mlp_feature_05_fold_07_compact_model.mat,9fdb5c357485785f1f9d67e179aa56eb93cd4354c01edc2fb01714289284a80a,207473,3b6ac5307ce10d266c61e304e17dec7550142449df5c8dce6ef42d1adf95b2bc,classreg.learning.classif.CompactClassificationNeuralNetwork,GPU / fitcnet,8,1
MLP,5,8,mlp/feature_05/mlp_feature_05_fold_08_compact_model.mat,d8f7e52ca40ec3dd671bacadcd9bb9417e3a189bd9bf91f596ba65b659110182,207470,aa2b35ab7ce73863e27623b252bb8fdf03e48a6d60e3088156da6c39c5dece3b,classreg.learning.classif.CompactClassificationNeuralNetwork,GPU / fitcnet,8,1
MLP,5,9,mlp/feature_05/mlp_feature_05_fold_09_compact_model.mat,64fd8eb0106b1a3b02654815faead8019dacdaf03244c082796ba65b309bc586,207474,e150c1fc9f492c902af4618ed83909353c3073ae9e2298376c022750f10dcb8e,classreg.learning.classif.CompactClassificationNeuralNetwork,GPU / fitcnet,8,1
MLP,5,10,mlp/feature_05/mlp_feature_05_fold_10_compact_model.mat,0d985ee6afb8692278f32b2ce6fccaa9d00e1f686e13195462790a1591d844c3,207463,a5e53e35e80bb657f2f0598431f800e3050295cf18e0a2e5188bfef5a4383d08,classreg.learning.classif.CompactClassificationNeuralNetwork,GPU / fitcnet,8,1
MLP,5,11,mlp/feature_05/mlp_feature_05_fold_11_compact_model.mat,5fde000b343dc92b653822cea0a320cc9bbcc6eb7e4e93b0349567c283428084,207466,b071724e4f1a7add6e55c8449d7c42b5f03b6725dcc441e0c6fbc40c0bfe427c,classreg.learning.classif.CompactClassificationNeuralNetwork,GPU / fitcnet,8,1
MLP,5,12,mlp/feature_05/mlp_feature_05_fold_12_compact_model.mat,eaec9121deb7272fbaf71d9e97ba758f019222365ccb8b4bf011316b6e0bb1f8,207469,084b09fda4f0bad07781dc3480f79e662d3588b4335d905e555facbf15e76a39,classreg.learning.classif.CompactClassificationNeuralNetwork,GPU / fitcnet,8,1
MLP,5,13,mlp/feature_05/mlp_feature_05_fold_13_compact_model.mat,5b96d7ebdd22650dff308bea3ffc76de4f27256a76324f685fe98715d6926f32,207450,fca5a989526f3456012cc0c4d0c755cc1e06bdbf8b4011c45254459cc80f01c2,classreg.learning.classif.CompactClassificationNeuralNetwork,GPU / fitcnet,8,1
MLP,5,14,mlp/feature_05/mlp_feature_05_fold_14_compact_model.mat,7f8e0c79ebf8affdede326bba2a6b0f4e2f49574f92a1df660ae4ddd37793506,207464,65ee3db1881c8d45f3fad0f21c87be8faf5430a0d264a6a0130669a5938d458b,classreg.learning.classif.CompactClassificationNeuralNetwork,GPU / fitcnet,8,1
MLP,5,15,mlp/feature_05/mlp_feature_05_fold_15_compact_model.mat,547b5ef6817c08f9261ac363ccdc7bec6bcc50344bd9cb1238fcaac56cf63865,207489,47e0db56f3291979cd1478e70fe70c66068f78d326613936205026ace1b78ea1,classreg.learning.classif.CompactClassificationNeuralNetwork,GPU / fitcnet,8,1
MLP,5,16,mlp/feature_05/mlp_feature_05_fold_16_compact_model.mat,ec020788a23220c330c0f085ef90116f372667e291e0a714b34da8bf70a11c41,207498,0b0cb87beb0336f3a3ff9d7f0385dddaf479fd69a6574f8cc1aa905d53255d3a,classreg.learning.classif.CompactClassificationNeuralNetwork,GPU / fitcnet,8,1
MLP,5,17,mlp/feature_05/mlp_feature_05_fold_17_compact_model.mat,a5b6902f69b5001611d7fcaea2d91a611b2923c8e8aa0b178b4622197e899e8d,207452,40c62c051396b90c54eb4debf93cbfbb260a1af0588d147e8a98de357b1d7d0d,classreg.learning.classif.CompactClassificationNeuralNetwork,GPU / fitcnet,8,1
MLP,5,18,mlp/feature_05/mlp_feature_05_fold_18_compact_model.mat,e30d10d3d8a0df5389c322c870c924571ad71cc12405a7e8311c5e1df1c2bbbc,207470,2b1ef5efadc6d499575d0cd31a95d1f3873d2c0c2b72375f36362de482eb46dd,classreg.learning.classif.CompactClassificationNeuralNetwork,GPU / fitcnet,8,1
MLP,6,1,mlp/feature_06/mlp_feature_06_fold_01_compact_model.mat,dfff707d093084e4e7c86bd19c5a55cba6fa65a940511fa27882ac9b749369ce,207427,b0f019d46f96c8d5c9b75ed973dc0df5a3bbfebbbc79d02da2ca4b879f459f0d,classreg.learning.classif.CompactClassificationNeuralNetwork,GPU / fitcnet,8,1
MLP,6,2,mlp/feature_06/mlp_feature_06_fold_02_compact_model.mat,e7ae75514de656a082c18414fbbc455b11986a9387ffabd27941c16eab2d4090,207452,3234dfc86b3f98118ad061b1ded8be9971260bbf85f8119ca93ca8c3bf9b25ba,classreg.learning.classif.CompactClassificationNeuralNetwork,GPU / fitcnet,8,1
MLP,6,3,mlp/feature_06/mlp_feature_06_fold_03_compact_model.mat,1f2caca16529af43ab82cdc737f0a019a30698604698bfa947b5893324e9a64d,207460,7e87f3d8f7cc86ad4ab49445312b2e7fac764ff15d86befbf12675dbcfe9ee61,classreg.learning.classif.CompactClassificationNeuralNetwork,GPU / fitcnet,8,1
MLP,6,4,mlp/feature_06/mlp_feature_06_fold_04_compact_model.mat,084aebb97a8815825ffacc4c8a7a4eb548924507a1caef214a6ac7c7503929a1,207412,724e84140efc7511b9dd8918118e72bad6dab99a8f041d670856a189b5e75119,classreg.learning.classif.CompactClassificationNeuralNetwork,GPU / fitcnet,8,1
MLP,6,5,mlp/feature_06/mlp_feature_06_fold_05_compact_model.mat,f845a7cea9cc0d33baf6b9376ca9562d4fd9149571971232269781416c47b544,207448,8038a1c918a340b54135a69d97fbbd23532c6fa45cd142b123f69683cbcadabc,classreg.learning.classif.CompactClassificationNeuralNetwork,GPU / fitcnet,8,1
MLP,6,6,mlp/feature_06/mlp_feature_06_fold_06_compact_model.mat,a36e4b6f85667c9b9372f6566777ddba1707af05b208fe7ae00465b312adc1ee,207420,3ca4a002808099ff7b89e7629d87948476d92bb8e77887eab44a676575522b16,classreg.learning.classif.CompactClassificationNeuralNetwork,GPU / fitcnet,8,1
MLP,6,7,mlp/feature_06/mlp_feature_06_fold_07_compact_model.mat,8d5f3dbc371b66a0a8b2404069e2c560f3faa9dc4790835752fa90eac426d20c,207446,7f73148c03276f3f345ff3ab7f38b9b9ecdc077870532fa7ae9f839a28c684af,classreg.learning.classif.CompactClassificationNeuralNetwork,GPU / fitcnet,8,1
MLP,6,8,mlp/feature_06/mlp_feature_06_fold_08_compact_model.mat,01c47b1adb2d879d8e9e539655246c694d2cfbaaa175f38ff3cf35f0d6c9a605,207456,7fdde10c379c0bda059c12992b256eb80f3020e3ccf1bcc5f61e2dc7f8843a63,classreg.learning.classif.CompactClassificationNeuralNetwork,GPU / fitcnet,8,1
MLP,6,9,mlp/feature_06/mlp_feature_06_fold_09_compact_model.mat,479f42a749b12e78f6429ea63ab9afdec69f6fc79905b7eb8ad5f8cae337977a,207447,462d8bcee86ca9b87d139f8b47f345e5c941bf21cec45d0c50cfa57b5ba5a5f1,classreg.learning.classif.CompactClassificationNeuralNetwork,GPU / fitcnet,8,1
MLP,6,10,mlp/feature_06/mlp_feature_06_fold_10_compact_model.mat,c834fd7c163a27215195ac08fccb42b855f569e0900c824b3cf678287dff8a3e,207430,e85f674c40fb2d08768d6d9b837fc1a8dec2f15ef4dfbc6feea56ad4401701cf,classreg.learning.classif.CompactClassificationNeuralNetwork,GPU / fitcnet,8,1
MLP,6,11,mlp/feature_06/mlp_feature_06_fold_11_compact_model.mat,bbf1e9338993deefdf9b7a3b2df554b1e7a81a7355d68fd81bf111c45088a957,207452,58098ee57f6cedc314e2c075ea76857ef1131bc3e78c0d84ac44f8baf2d51520,classreg.learning.classif.CompactClassificationNeuralNetwork,GPU / fitcnet,8,1
MLP,6,12,mlp/feature_06/mlp_feature_06_fold_12_compact_model.mat,2e74881974580b353d45969d0c078151ca72af04628a95438742e9ce77009118,207416,00598a9d36d3bb0667b062c82dca99976166aab98c402ef0e73121ac6051d41e,classreg.learning.classif.CompactClassificationNeuralNetwork,GPU / fitcnet,8,1
MLP,6,13,mlp/feature_06/mlp_feature_06_fold_13_compact_model.mat,6e815a869943d723cb02b20e018fb24ad204e8e0f42fcb25f427436566c7e754,207472,b506ee09812c4a90b1bb09811e9b1c673b130ac871fc43f1de696c93bf3c2148,classreg.learning.classif.CompactClassificationNeuralNetwork,GPU / fitcnet,8,1
MLP,6,14,mlp/feature_06/mlp_feature_06_fold_14_compact_model.mat,f480b2086938fe45a3ffb91a141cd37bc45fe014cfe9177843980c77b26de41d,207420,c8734e61c61018162b55093b03e490ff41da6686b40f2f9982daafc453f3aa4e,classreg.learning.classif.CompactClassificationNeuralNetwork,GPU / fitcnet,8,1
MLP,6,15,mlp/feature_06/mlp_feature_06_fold_15_compact_model.mat,954e1a9ba0cb480375f32c592625ecb47562d608533d1ee46e814bc39dcc5bab,207414,d7b1f33f9680e5d32d78f792475c65f47ad7a39d810d3570ac3de119b7662054,classreg.learning.classif.CompactClassificationNeuralNetwork,GPU / fitcnet,8,1
MLP,6,16,mlp/feature_06/mlp_feature_06_fold_16_compact_model.mat,10cbdcd05003025772c1343be190eee9cadab1294040398dc01cdea8ec4c0aa4,207448,391d4e4dc3fdcf45cbdfdda329e37c01d90c1b570de967a9cf8971bd2fbb7e88,classreg.learning.classif.CompactClassificationNeuralNetwork,GPU / fitcnet,8,1
MLP,6,17,mlp/feature_06/mlp_feature_06_fold_17_compact_model.mat,b550fda043ab77e59f7a9f412fa045cb2c4d5243909a30c5061b9b27790d39c6,207478,4278e823e68439f77a2b16c1bac50e5fde0d03e3eea2df5ef0865c0a37823b5b,classreg.learning.classif.CompactClassificationNeuralNetwork,GPU / fitcnet,8,1
MLP,6,18,mlp/feature_06/mlp_feature_06_fold_18_compact_model.mat,2af07a50f7b051a50d33c4c77e6d31637ac7b0ec23c02ecd8382a56f04086b65,207462,9a3590b8cf5beab9d9f0db4978e72cf3bc6365f0df4d3427d16fa21d06da3874,classreg.learning.classif.CompactClassificationNeuralNetwork,GPU / fitcnet,8,1
MLP,7,1,mlp/feature_07/mlp_feature_07_fold_01_compact_model.mat,e4e58f6070956b4fc0c11f13b27154c77dca465f76a8c9c239fcb1bf88925fa2,207449,2ab0644d6f84191f0f10373cadbecc98920fbd227b72ab3e7e3da102d94239b8,classreg.learning.classif.CompactClassificationNeuralNetwork,GPU / fitcnet,8,1
MLP,7,2,mlp/feature_07/mlp_feature_07_fold_02_compact_model.mat,8ac97886eb5a8607634a464d29361d73816b4d50ef88e86fbbddcae336115f5b,207486,228a7b11c1e992706b8b3a914a570d284429b021fc341f469a290ebf2423b27e,classreg.learning.classif.CompactClassificationNeuralNetwork,GPU / fitcnet,8,1
MLP,7,3,mlp/feature_07/mlp_feature_07_fold_03_compact_model.mat,4021990018baa1fefd1445b3b462f74ed2160953a23678b947c464b82ac56d4a,207457,24eaf7a88980e36bfebf90ecdec8c4a4fd6b5c9cc2f7220bc74073ae4647b3db,classreg.learning.classif.CompactClassificationNeuralNetwork,GPU / fitcnet,8,1
MLP,7,4,mlp/feature_07/mlp_feature_07_fold_04_compact_model.mat,0bfb693d148873a64cb1e6cb8dd32a62c640b8ec56d6c68897b36042237fe8d0,207462,2862b3467590381281746f23170a4461157cd2760834fbd92a28ebfb3e6f0628,classreg.learning.classif.CompactClassificationNeuralNetwork,GPU / fitcnet,8,1
MLP,7,5,mlp/feature_07/mlp_feature_07_fold_05_compact_model.mat,6736645fd6c30ba4e3dab896206aadab6d8d92abeeca0e58ef5645ba8300b5a0,207450,1cf5c0d19e6e178a6cd76187c600c04c99f91164e5a576cf8b9f5f24ebbb347c,classreg.learning.classif.CompactClassificationNeuralNetwork,GPU / fitcnet,8,1
MLP,7,6,mlp/feature_07/mlp_feature_07_fold_06_compact_model.mat,32e864be560d9a68ba47ac7e02d395eb6dcf7e23ba49ea80367dc99449666b3f,207454,4081380f5e543e149b08a036002c7e63cbdfa6f8fa34d3113407310c6c8ac650,classreg.learning.classif.CompactClassificationNeuralNetwork,GPU / fitcnet,8,1
MLP,7,7,mlp/feature_07/mlp_feature_07_fold_07_compact_model.mat,b16d83973b1378d88e0e5164c7ac143f63410c1d3d2bfbcd93df7f4d18216d70,207463,517521bda6941e60fb3d61ff8cb96188b0bb2ab4832f5fd8587ee59d251f139a,classreg.learning.classif.CompactClassificationNeuralNetwork,GPU / fitcnet,8,1
MLP,7,8,mlp/feature_07/mlp_feature_07_fold_08_compact_model.mat,81806ca606bb32f863092883953abc08390c4b79ca2f6c0c695add0d9debed52,207439,aa1fffd3e906860747b7dc8d4e06a87b25cfe4feb31766114eed0bcad651c270,classreg.learning.classif.CompactClassificationNeuralNetwork,GPU / fitcnet,8,1
MLP,7,9,mlp/feature_07/mlp_feature_07_fold_09_compact_model.mat,804973eac3d6df5d276c04be0a3e74bd9e52daf733cb912b18b23fcfb125d185,207456,93c11c173bfae81e0e1c63ff612324102a7e489c556619656f89586bee73afd4,classreg.learning.classif.CompactClassificationNeuralNetwork,GPU / fitcnet,8,1
MLP,7,10,mlp/feature_07/mlp_feature_07_fold_10_compact_model.mat,965553e7be1bf0c28364cd5bbabc53a3e9c36a8788d78bf998ce15c44c24a486,207437,19b616489ac3fcc31ecaae41d3c43415a4cb96700cbc38ed8019308900f3b4c1,classreg.learning.classif.CompactClassificationNeuralNetwork,GPU / fitcnet,8,1
MLP,7,11,mlp/feature_07/mlp_feature_07_fold_11_compact_model.mat,55047dd589f1ea7b449bcf8a0117acdf5a3e1bba523feda995669e2a46127038,207456,85cff664207037ef32d695a230b85a7c2b681f7985549a39e86047e73579947e,classreg.learning.classif.CompactClassificationNeuralNetwork,GPU / fitcnet,8,1
MLP,7,12,mlp/feature_07/mlp_feature_07_fold_12_compact_model.mat,a0853440ad0e7487866b220f7b4d31919dee2e0a9e3f7e848d71cdd6841b4f8c,207464,b745f5da0ab2e6d38d1cb803b95e7aa93a0e00ce1b4c08f7af2677304ae04a62,classreg.learning.classif.CompactClassificationNeuralNetwork,GPU / fitcnet,8,1
MLP,7,13,mlp/feature_07/mlp_feature_07_fold_13_compact_model.mat,eab29529ea536e582ec8bb73bfdfc84ffd9d064a16668040e108f49e49fddeea,207428,b94b44c376dd7bf9048da0935a7a7529a4cee02a51f1e6c530cdaf3df979a999,classreg.learning.classif.CompactClassificationNeuralNetwork,GPU / fitcnet,8,1
MLP,7,14,mlp/feature_07/mlp_feature_07_fold_14_compact_model.mat,ef49072525a1db04d9f0d410f7856d819d5072226f9ab2cf709efd388f4c5a5e,207431,997c677ea624d0087c1a751a3fc252ebc270eb711c613209176d827f7b6fa97e,classreg.learning.classif.CompactClassificationNeuralNetwork,GPU / fitcnet,8,1
MLP,7,15,mlp/feature_07/mlp_feature_07_fold_15_compact_model.mat,65e23906803d3de281d2a93ef35cf2dcf7da1d7597c11da56290a357d9d2cae5,207483,afe7d773ea9ab9039814d14956c6feeb8b37e3b4118576198a4cd0380f11357c,classreg.learning.classif.CompactClassificationNeuralNetwork,GPU / fitcnet,8,1
MLP,7,16,mlp/feature_07/mlp_feature_07_fold_16_compact_model.mat,e500934ecc7cbe2606c8e4d1848d1b0cb5fee554bd98c6988b22573973897084,207456,e3943864336b92a356096f6c7d5672ce7c4e232f580814e8d6042792acb9d461,classreg.learning.classif.CompactClassificationNeuralNetwork,GPU / fitcnet,8,1
MLP,7,17,mlp/feature_07/mlp_feature_07_fold_17_compact_model.mat,2f09865d53bcab2f1d57036d24419b77b280071093d37f4a09c0df57164f9b07,207468,8bb42c2a48c434a274a139fc6b5a9c821cddd9e11cd2b8eff9a76eab24f874f1,classreg.learning.classif.CompactClassificationNeuralNetwork,GPU / fitcnet,8,1
MLP,7,18,mlp/feature_07/mlp_feature_07_fold_18_compact_model.mat,650251ff4795b0cd009ff8661a20969bb57991b2ff9b62d0c8c9381d8100b1cc,207434,ab3664236571163f6bb5af0f17e4ed3fd6932bedb1ffef0818724bd8aca39cdf,classreg.learning.classif.CompactClassificationNeuralNetwork,GPU / fitcnet,8,1
MLP,8,1,mlp/feature_08/mlp_feature_08_fold_01_compact_model.mat,2565e1505731a6ceca2fc334764be7d0730a2d76499757b3768e000772e668a5,207450,b88ef0c98a7eacf3f99108bba8832daf1c2af65c9f4b6adb117084dde4c1e11f,classreg.learning.classif.CompactClassificationNeuralNetwork,GPU / fitcnet,8,1
MLP,8,2,mlp/feature_08/mlp_feature_08_fold_02_compact_model.mat,f7a620787d9689196d7f1686fa6681ca97dfa2fd1f36792362f865cc5bf14086,207463,d039b8d46512a5589c70af2958a94538a0fd3ce7d91491324c215dd9c002f793,classreg.learning.classif.CompactClassificationNeuralNetwork,GPU / fitcnet,8,1
MLP,8,3,mlp/feature_08/mlp_feature_08_fold_03_compact_model.mat,444619c1cbb737d2b29091b445340b31345694d1cb5a6e0de4088db4491eeede,207497,f1ced731e120926ea486c878d993c0ee6f2cf6135fc5e71e3d6ee64be7c59f2c,classreg.learning.classif.CompactClassificationNeuralNetwork,GPU / fitcnet,8,1
MLP,8,4,mlp/feature_08/mlp_feature_08_fold_04_compact_model.mat,34e62b987dac07d751d81c80fc5a658f5934d3d29ed65becbe669ad5168f8ec0,207424,fec44d767c44acf4368fd597442d9be26dd2f1219fc98729b926d1c3ba30d035,classreg.learning.classif.CompactClassificationNeuralNetwork,GPU / fitcnet,8,1
MLP,8,5,mlp/feature_08/mlp_feature_08_fold_05_compact_model.mat,8e847c214ba77d3e9af037f288a2f32de4cf28ea06a4290107c3641e73660b30,207464,a49c7ce6262a50f972c4f4a0eb9d07712466fa5a55f00c7d5a91a1db64439bd1,classreg.learning.classif.CompactClassificationNeuralNetwork,GPU / fitcnet,8,1
MLP,8,6,mlp/feature_08/mlp_feature_08_fold_06_compact_model.mat,009ecda98dc35433e8297d4294e4995072b94198bb20ad046e7834f9c084cf38,207449,09bdb0292705d8c6900d759220c89385a571e04688af9f3526b521920667e2de,classreg.learning.classif.CompactClassificationNeuralNetwork,GPU / fitcnet,8,1
MLP,8,7,mlp/feature_08/mlp_feature_08_fold_07_compact_model.mat,485aac54652952b2b02c362bf6b97f0b38c200d275dd10c86513d78db2953104,207440,bc52aa2e10f8aba20b79b7ef39c7cbbc97f5dfd18da7a2364b5366828f9cd8a6,classreg.learning.classif.CompactClassificationNeuralNetwork,GPU / fitcnet,8,1
MLP,8,8,mlp/feature_08/mlp_feature_08_fold_08_compact_model.mat,a2d894662aadd1e977b710ed60f1ee0ce3e2029312b9024d69c4dafc1e2c4eaa,207454,f394b59a12621da16974bb7e792c3c8a09e70eb85adc107945ee4fc56b1326ec,classreg.learning.classif.CompactClassificationNeuralNetwork,GPU / fitcnet,8,1
MLP,8,9,mlp/feature_08/mlp_feature_08_fold_09_compact_model.mat,d0bad52ea982ff03e9c24d18aa124fb2a5493a7c7d6af708bff91cc0b16647a8,207466,153c716909d5d09728b26a526c32b3c6798fc121ce71096e1878ca890d49d1fd,classreg.learning.classif.CompactClassificationNeuralNetwork,GPU / fitcnet,8,1
MLP,8,10,mlp/feature_08/mlp_feature_08_fold_10_compact_model.mat,69785fe50b69764558daa70c17a3d4ba1daedc49c5eb9a293100e053fc81cdad,207459,7cad79b3e32c614243a38678bd82c7564cff30e106690e1f95567aa6bd6357f9,classreg.learning.classif.CompactClassificationNeuralNetwork,GPU / fitcnet,8,1
MLP,8,11,mlp/feature_08/mlp_feature_08_fold_11_compact_model.mat,c85870fc27488e9d9d24b1d69ba826c27bd27aced07a175fd07082d24f54a1c5,207488,03268a39e9e3ad4a04bdc0916ba7c7309aa3c0f6efb5dee3460833348caaebdd,classreg.learning.classif.CompactClassificationNeuralNetwork,GPU / fitcnet,8,1
MLP,8,12,mlp/feature_08/mlp_feature_08_fold_12_compact_model.mat,402b46cd289910bee38f33bbdd3c6c524fbb111b80c9ca7e0d1d03a3d7ec6566,207467,18e773cf7dbf26e0ce035b38aa542a53fafbe1c251888fe07d249dc48615c9d5,classreg.learning.classif.CompactClassificationNeuralNetwork,GPU / fitcnet,8,1
MLP,8,13,mlp/feature_08/mlp_feature_08_fold_13_compact_model.mat,b4594b742167a3824a2a48dfe976dbe45827a6fac4a68382afe5f54b0fe97d9a,207456,059a82965c00ef1b660a8418eac938f2839960d4f078aaf4ba7da4606330fbcf,classreg.learning.classif.CompactClassificationNeuralNetwork,GPU / fitcnet,8,1
MLP,8,14,mlp/feature_08/mlp_feature_08_fold_14_compact_model.mat,3f502d7c5398617b623f1a1544aaae56df61733680154b0712dfae1266a60c5f,207452,d28112296402ddc904a08137ff25c2de7dc82ee6ea74ffbb8889d7405e9cf0f7,classreg.learning.classif.CompactClassificationNeuralNetwork,GPU / fitcnet,8,1
MLP,8,15,mlp/feature_08/mlp_feature_08_fold_15_compact_model.mat,19ab4e118e87cb8f7792274bd5a22066787c1f33370a3519797d974839b7fe91,207446,26e0805f88c2a0762d024a7ee7efd1df6287d531982e6230bfbb9ce47a5ddbdd,classreg.learning.classif.CompactClassificationNeuralNetwork,GPU / fitcnet,8,1
MLP,8,16,mlp/feature_08/mlp_feature_08_fold_16_compact_model.mat,616d537ad5364c6ad59bd85b77835a42acda75c4fd060cb7146c4b7bba39210b,207472,df9e1699e3ee33780acf54eccadc9908d5011e502a895a984cf694834daf68c3,classreg.learning.classif.CompactClassificationNeuralNetwork,GPU / fitcnet,8,1
MLP,8,17,mlp/feature_08/mlp_feature_08_fold_17_compact_model.mat,859e27834fa6aefd5cd76646c93791ca2f27c2a19b17c733af3a512e79c596a6,207460,71eb494871db1b8fc246ce6213b46a53637e0c4e3158028f5bfd78f16673a2d7,classreg.learning.classif.CompactClassificationNeuralNetwork,GPU / fitcnet,8,1
MLP,8,18,mlp/feature_08/mlp_feature_08_fold_18_compact_model.mat,69c71237d150d532b49e0e5c662237915d7d1747fcbc87f10a5c2744ab92b205,207439,66bf583c9bfe667832f4befa69d16d440dd7a5387644203ed3bf1dc5a3c6584e,classreg.learning.classif.CompactClassificationNeuralNetwork,GPU / fitcnet,8,1
MLP,9,1,mlp/feature_09/mlp_feature_09_fold_01_compact_model.mat,1a0f59929451e66c9d844533dd778d5a3403d4c6b93fbf18df258f5e30d1c595,207439,694b9d3f48920b43ed9d4016cfcc0a233b7ded193fb13ac111a255187f93dfa9,classreg.learning.classif.CompactClassificationNeuralNetwork,GPU / fitcnet,8,1
MLP,9,2,mlp/feature_09/mlp_feature_09_fold_02_compact_model.mat,ca58d2859ef984cef853397e77dc86a9ea519bae9c9d3863762d8f840dabb37f,207493,027576be4938656413bed68770313a64d131a972f57c0347d915dc4f0e6aa720,classreg.learning.classif.CompactClassificationNeuralNetwork,GPU / fitcnet,8,1
MLP,9,3,mlp/feature_09/mlp_feature_09_fold_03_compact_model.mat,71b5eff058b6c2b782e4c08f0df759f98d94f2a14ceeab3bd91ebc2aa16a02a1,207438,7af3f0d0c65f41b3eba141ec4a33bab4f126b488cc8b547cd45fcce3be5d96d9,classreg.learning.classif.CompactClassificationNeuralNetwork,GPU / fitcnet,8,1
MLP,9,4,mlp/feature_09/mlp_feature_09_fold_04_compact_model.mat,7a1372154ff2e9b7adac9c9b3777c8ebba9fa6b9bd5e583b42b5b98cb9118521,207439,05b6b11cd3ece31a9130a881a96ae31b85513fa993d9bbc5d39327ad2df236f9,classreg.learning.classif.CompactClassificationNeuralNetwork,GPU / fitcnet,8,1
MLP,9,5,mlp/feature_09/mlp_feature_09_fold_05_compact_model.mat,73e80e9ccd771b207195255f7d11a046b548eff3cf8668baab619faec8f727f8,207449,ba98451f49368549ab443591a8d1958e1a0c2965aad0fb74ce07a51f21f4432e,classreg.learning.classif.CompactClassificationNeuralNetwork,GPU / fitcnet,8,1
MLP,9,6,mlp/feature_09/mlp_feature_09_fold_06_compact_model.mat,0ec2e268af48a3157f45aba2d6b609159d5dac5357def49ea51db64d92a5e896,207427,3d0591ffc4718a9a472f6c92c00d585f38a2c6fa1614cafb240713c4a140cd84,classreg.learning.classif.CompactClassificationNeuralNetwork,GPU / fitcnet,8,1
MLP,9,7,mlp/feature_09/mlp_feature_09_fold_07_compact_model.mat,53d60ec0368502a832d5257f18571ac0ab629831ac053d8b6fb1231dc53a17c6,207448,64dad07194981086b12c62d748527f42a30e8eeb6824653108c184198cb56846,classreg.learning.classif.CompactClassificationNeuralNetwork,GPU / fitcnet,8,1
MLP,9,8,mlp/feature_09/mlp_feature_09_fold_08_compact_model.mat,d4b817c037521ab8d9085a57ee1da57492f95709a32ff49bcf7b0d34ed6be61d,207473,0da61b6e814674efe3eaf51b6cf251005447b2ff842b34ae965b577189dfe519,classreg.learning.classif.CompactClassificationNeuralNetwork,GPU / fitcnet,8,1
MLP,9,9,mlp/feature_09/mlp_feature_09_fold_09_compact_model.mat,7eda8be1afd27142b011929f37b2d13ebc721f6d1da9ed5e9d069189a55d85f8,207452,131e0e342fa2678fc658bea3327d935e5844b36737ba37cca257aaa1dabf8d11,classreg.learning.classif.CompactClassificationNeuralNetwork,GPU / fitcnet,8,1
MLP,9,10,mlp/feature_09/mlp_feature_09_fold_10_compact_model.mat,320f3496ece1baa8772fa56d07db7f8badcabedf27c0ff3e657ddac8345eb451,207422,3c1d17105f4edfdcbcff950af32f2cbe8711d4c8a649700f492199c540eef17b,classreg.learning.classif.CompactClassificationNeuralNetwork,GPU / fitcnet,8,1
MLP,9,11,mlp/feature_09/mlp_feature_09_fold_11_compact_model.mat,8544726a3a42ba12e6638eba5b5c1412c1361aa9c3f8200064b2713645ae8f30,207458,46e6e2082f19f6fedc89b952a362a331f3de54610031eb43502c6810a244549c,classreg.learning.classif.CompactClassificationNeuralNetwork,GPU / fitcnet,8,1
MLP,9,12,mlp/feature_09/mlp_feature_09_fold_12_compact_model.mat,e0ff20bafc2f3415dedef195549e98248bd50980bd9547f0413ef31d91895853,207450,c943aa7cc45a80e61fbac7b27fb148141c2852377238771ca925ccafbca6d226,classreg.learning.classif.CompactClassificationNeuralNetwork,GPU / fitcnet,8,1
MLP,9,13,mlp/feature_09/mlp_feature_09_fold_13_compact_model.mat,8fa521c1f36297bb943020e4430fd3cfdf7a0ae0a1fab6db2a9b10078b177ac0,207424,5f724ea9023adc761769565e695c1d6b2ad485a8a87e3b55ba7cea05ff1817ef,classreg.learning.classif.CompactClassificationNeuralNetwork,GPU / fitcnet,8,1
MLP,9,14,mlp/feature_09/mlp_feature_09_fold_14_compact_model.mat,31432c8f7bf25bd9a154eb6c3ffb798778a24c6b46445e053805aac67f8f72eb,207434,9e9e03604a5ccca0f02edfe0c74ddcfc91568fa09f812bb6357720c26d71fbfa,classreg.learning.classif.CompactClassificationNeuralNetwork,GPU / fitcnet,8,1
MLP,9,15,mlp/feature_09/mlp_feature_09_fold_15_compact_model.mat,07fd011db4f4a0d5d2ced166f3486ef17791d381c38c40d4fddc932cc87c576e,207447,8b7350838f65a867854739d860e1d5262a87bab6c274dc15c5882c9344f65685,classreg.learning.classif.CompactClassificationNeuralNetwork,GPU / fitcnet,8,1
MLP,9,16,mlp/feature_09/mlp_feature_09_fold_16_compact_model.mat,665365662e381a988335f7e3e68a7b610061edc8d2f365e0287b0d01b22f126b,207452,2862c4d3da367bd5b66e23ecf55ebeaac28ff031156ea3a50f53b7a5af393077,classreg.learning.classif.CompactClassificationNeuralNetwork,GPU / fitcnet,8,1
MLP,9,17,mlp/feature_09/mlp_feature_09_fold_17_compact_model.mat,5bb446522b249f7b30dc41d126ac38806d7ff96d119b0eec284552d2cf7f5879,207431,96fa0498013c0ad1ca7510095b82e5e5fce461e75f5df66b5202e08f09893a8f,classreg.learning.classif.CompactClassificationNeuralNetwork,GPU / fitcnet,8,1
MLP,9,18,mlp/feature_09/mlp_feature_09_fold_18_compact_model.mat,25f8fdc0aa9f5dd6d1356bf1e82ab2d7794c22c9eda584c6c26fe7b404e17e6e,207436,7f0a40a856398c40ef7d90888cebd922e4b914f7c9b713fe15e2ba6532a78862,classreg.learning.classif.CompactClassificationNeuralNetwork,GPU / fitcnet,8,1
MLP,10,1,mlp/feature_10/mlp_feature_10_fold_01_compact_model.mat,d647bd71e459c9fca79c07bf1bad40e7a6cfd6534c91c6c83df52b52016c3da1,207428,1f37d1c39e137428f4fd437c6c56752ae722f67c89984e23b6b0ff0464c1d344,classreg.learning.classif.CompactClassificationNeuralNetwork,GPU / fitcnet,8,1
MLP,10,2,mlp/feature_10/mlp_feature_10_fold_02_compact_model.mat,2cf8018b4be0cbdeff1809deb50f5e4ab514b652200cdfd7281a0db835916137,207438,894c44b9972098589cb7f3918528683ca7dd92813f0481c7a137ee589623a2fe,classreg.learning.classif.CompactClassificationNeuralNetwork,GPU / fitcnet,8,1
MLP,10,3,mlp/feature_10/mlp_feature_10_fold_03_compact_model.mat,3c7b884fa354c2987325af4e8a9c7a9e23f5643258eeb4ad4295ac68bd322123,207451,1f6dad3c84de7ae56e7cd5af35f8dfaed41bdf594113084ec17825e25c55b936,classreg.learning.classif.CompactClassificationNeuralNetwork,GPU / fitcnet,8,1
MLP,10,4,mlp/feature_10/mlp_feature_10_fold_04_compact_model.mat,87efba5f9fe4fd68c3ac57d3e450cc6027f27c6433fac73c4a736c86efcb37f3,207442,2aff7e0c2a9fa100eebaa1da77a8d72ee91bc220c824acfaac582a7bf8886971,classreg.learning.classif.CompactClassificationNeuralNetwork,GPU / fitcnet,8,1
MLP,10,5,mlp/feature_10/mlp_feature_10_fold_05_compact_model.mat,683a6db467713fa72e283587f5310fd5956da18ca656503b24e9e8d96c7f3673,207434,e3f4d4cfbae7598583d7f650da3092d4dc017c46258fa1bc90f67c844780c0fb,classreg.learning.classif.CompactClassificationNeuralNetwork,GPU / fitcnet,8,1
MLP,10,6,mlp/feature_10/mlp_feature_10_fold_06_compact_model.mat,af315a710325e471580dfb41e6eec18c093408f59ba1a82487156ce16160a419,207415,fa32f43d78f9bc55073019746560b419519b0d141c8a37ef8bc8a9e82902d6fa,classreg.learning.classif.CompactClassificationNeuralNetwork,GPU / fitcnet,8,1
MLP,10,7,mlp/feature_10/mlp_feature_10_fold_07_compact_model.mat,5d0eb219ec68b1fa4965972cdef1e38c5112a5f0d9e32c7188b25597661d3a02,207424,38529d13c59033eef41778af9bdf051e24b88b1de43d3b9cfb6151456dbc1667,classreg.learning.classif.CompactClassificationNeuralNetwork,GPU / fitcnet,8,1
MLP,10,8,mlp/feature_10/mlp_feature_10_fold_08_compact_model.mat,886a7e02461c57f4a34f2d12d80ec4011f5c7d63184326d93271ca33ef23d54d,207439,6ef62ee6c3cffbf5a144cf7269cf671b8571ee734e99c88f6bdecb46099e52ba,classreg.learning.classif.CompactClassificationNeuralNetwork,GPU / fitcnet,8,1
MLP,10,9,mlp/feature_10/mlp_feature_10_fold_09_compact_model.mat,d015ed903c0dba580b3f92f7147be3f9e82e6d69760f8d953e469113d51076d2,207439,514821e05b8094e27a86d1889e1194d541d3caaf67ebf2bf0b57228b11f1e9be,classreg.learning.classif.CompactClassificationNeuralNetwork,GPU / fitcnet,8,1
MLP,10,10,mlp/feature_10/mlp_feature_10_fold_10_compact_model.mat,d39e4748abb091d19cab4c5c3ebb7c3bbcb8ab9243363873035f7dec23683ef2,207426,393500e115e1789b9eb2230850a8c866ad6315d04708bb7bed11791a178f4d42,classreg.learning.classif.CompactClassificationNeuralNetwork,GPU / fitcnet,8,1
MLP,10,11,mlp/feature_10/mlp_feature_10_fold_11_compact_model.mat,561548c8e9825205cccf63c28a336d7b5889451dbbdd848ceb2154f5194b3b52,207462,34083462a4e9dbe6371b12577329f9d4d20cb326d1ec4960b80d49c8042df969,classreg.learning.classif.CompactClassificationNeuralNetwork,GPU / fitcnet,8,1
MLP,10,12,mlp/feature_10/mlp_feature_10_fold_12_compact_model.mat,6bbb17c5a5380d6c0444ea26592775d6df6e973e6d379b84be612174dd027787,207442,8fab48399d9a6f6f5d70f197b78f14a876b32473e56b8086ddb718ed8222a779,classreg.learning.classif.CompactClassificationNeuralNetwork,GPU / fitcnet,8,1
MLP,10,13,mlp/feature_10/mlp_feature_10_fold_13_compact_model.mat,bfa80b3eebe92b057bb2a292643bebb41d4dafa1cb62a1f9ba978087f8204879,207426,4cc2e3a93b5770949ea51120b7ef5928616649b1f7d0509f9a63578fdab9001b,classreg.learning.classif.CompactClassificationNeuralNetwork,GPU / fitcnet,8,1
MLP,10,14,mlp/feature_10/mlp_feature_10_fold_14_compact_model.mat,10556ebb89f364a1001dc906a3483f3fe3142c7559f620b0756bd88061809b7a,207427,507ea165cdce64b1c3a4c8087817961a4b132575f6402034a99b83cb670c1f58,classreg.learning.classif.CompactClassificationNeuralNetwork,GPU / fitcnet,8,1
MLP,10,15,mlp/feature_10/mlp_feature_10_fold_15_compact_model.mat,6182bee1c70d45f5c4a80c694b07085928641148155a7f385de9fa2472e089ab,207449,e67a21c5d8970134df22b824f0a0891303824de2cccf164d533755852c3d9859,classreg.learning.classif.CompactClassificationNeuralNetwork,GPU / fitcnet,8,1
MLP,10,16,mlp/feature_10/mlp_feature_10_fold_16_compact_model.mat,1764925e1efa0fbf17a29f56c788f614354090bd8b6374eaddf63691ab96a286,207431,6dd10100cf95f39fac31a6aeef2484afbbb1c8332a208b7454e2adb724c0ee13,classreg.learning.classif.CompactClassificationNeuralNetwork,GPU / fitcnet,8,1
MLP,10,17,mlp/feature_10/mlp_feature_10_fold_17_compact_model.mat,8134af5590187e5aea81e95f2cbb42141e5d4c3427625bd9c37e3e7bba552e9f,207464,2904cf5ae48408674486e166731f2d554f403a2e6bf2d9ca1af328010fb3294b,classreg.learning.classif.CompactClassificationNeuralNetwork,GPU / fitcnet,8,1
MLP,10,18,mlp/feature_10/mlp_feature_10_fold_18_compact_model.mat,9ea8a996582680668c4664424a4124379c3d785a2c901a0405099a3335fe8ee7,207392,f13f4793d9f9b2ba1eb784eee128b2a3e65efd51338993ea0891e2aee9453fd9,classreg.learning.classif.CompactClassificationNeuralNetwork,GPU / fitcnet,8,1
MLP,11,1,mlp/feature_11/mlp_feature_11_fold_01_compact_model.mat,987b8284f127b05dfdc2a44e91f8bc0cc0070c2175790a1bca3535e19d705beb,207430,771b41f52fdc739ddc5beee8a8816ecfde6d85eb53f8b41b3bfcbcc95c7f449e,classreg.learning.classif.CompactClassificationNeuralNetwork,GPU / fitcnet,8,1
MLP,11,2,mlp/feature_11/mlp_feature_11_fold_02_compact_model.mat,addd8ce844daaa297c611a18ebe754d4b8fe5526ad73e5f3883d1fc5f60fa1fd,207416,4c0ea1c53e585fa5512af4fe3b885b5a09d026f2cd50922df873f929270f4a77,classreg.learning.classif.CompactClassificationNeuralNetwork,GPU / fitcnet,8,1
MLP,11,3,mlp/feature_11/mlp_feature_11_fold_03_compact_model.mat,1c1aef8e475c32f478599be2995f9becfa142d60480c711b08996b582fab7362,207423,f318d54022dcb205f1c67537d6480608af997b780157e81e82795457ba44ccbf,classreg.learning.classif.CompactClassificationNeuralNetwork,GPU / fitcnet,8,1
MLP,11,4,mlp/feature_11/mlp_feature_11_fold_04_compact_model.mat,74609e7b00db25e5c36c4603db460c1fd56745693c11f59d160fa77302c4fef9,207477,d17e4fc46559c8cbd410b48232bc3df56fb4678cb130f3d83bd26deb2f3627e9,classreg.learning.classif.CompactClassificationNeuralNetwork,GPU / fitcnet,8,1
MLP,11,5,mlp/feature_11/mlp_feature_11_fold_05_compact_model.mat,a39501184d5dd03ff915d24d8d17a87dd406a0b1e32c4911d328a43b560612b2,207439,511e2d33b7732e034dc53805326ddb6f1b3f6c5ec09006e50693aeb9eebee761,classreg.learning.classif.CompactClassificationNeuralNetwork,GPU / fitcnet,8,1
MLP,11,6,mlp/feature_11/mlp_feature_11_fold_06_compact_model.mat,df9673ebdce744d859eab701bb4d2836437510ea9efd9907a44cae96c758a2f0,207431,4c5b3a8e326a4138dad0f92ac826aa3c2cfd84db1a911299614aba8d7c51a37f,classreg.learning.classif.CompactClassificationNeuralNetwork,GPU / fitcnet,8,1
MLP,11,7,mlp/feature_11/mlp_feature_11_fold_07_compact_model.mat,69a8bb548b5cdd4f731841a643d63c2745afe2f8b3777a9ee32d7b67e3f05675,207422,c03790f47fd3fd8aec51660defda20c750a8b5deafca4cecdae98c23921a1309,classreg.learning.classif.CompactClassificationNeuralNetwork,GPU / fitcnet,8,1
MLP,11,8,mlp/feature_11/mlp_feature_11_fold_08_compact_model.mat,9a7a59e7128ec2b4fe3d3097ee9c3f0fb502fd4c150521354c252fdd352e55f8,207428,bc0cebb0c1abeeaf118dea9cab43f7fea34e15f98cdaef399111845738ef2458,classreg.learning.classif.CompactClassificationNeuralNetwork,GPU / fitcnet,8,1
MLP,11,9,mlp/feature_11/mlp_feature_11_fold_09_compact_model.mat,b8fbf122359b0711d5fd177914bdcbd7bb0443a0834c202adb9b10bfb0e0072d,207447,b4dad349f0cd7d21b925f7395b2467941957da7e7d0ffaf4a68b42ad9dad6d16,classreg.learning.classif.CompactClassificationNeuralNetwork,GPU / fitcnet,8,1
MLP,11,10,mlp/feature_11/mlp_feature_11_fold_10_compact_model.mat,63fb9b1a6ff8e25909c2695bd51b36b65c2e13922f7170e10848035769591965,207417,f1a20d08d54b73140ac8b6792637f6e512537df469408cb0f8b8e187e56e00ec,classreg.learning.classif.CompactClassificationNeuralNetwork,GPU / fitcnet,8,1
MLP,11,11,mlp/feature_11/mlp_feature_11_fold_11_compact_model.mat,7bbb73b0887537ac755cbdf3520b9ca3bd94c52fdd189d03d5d03af4620dae8f,207439,d269231e7bd3f7acf6659411ab34514982dd4a91a4c8a7c2bec2202004f64cfe,classreg.learning.classif.CompactClassificationNeuralNetwork,GPU / fitcnet,8,1
MLP,11,12,mlp/feature_11/mlp_feature_11_fold_12_compact_model.mat,de4ceb7097d0acbc5c6322adf7cdbbf6361e28e904fd3b06385f2bb05160c477,207457,83b4d9252038b83a738df9498110a81a9f046d472521229b99e928ec75ea4799,classreg.learning.classif.CompactClassificationNeuralNetwork,GPU / fitcnet,8,1
MLP,11,13,mlp/feature_11/mlp_feature_11_fold_13_compact_model.mat,3fc30b9f9b777c7664a0cbae0aec2aa96c37e7386601757769c86dea1922a8e6,207442,7235725b72d864ef42bea0742fcf01e8fa8c3760a6592cd5259e3b26d1ce09c5,classreg.learning.classif.CompactClassificationNeuralNetwork,GPU / fitcnet,8,1
MLP,11,14,mlp/feature_11/mlp_feature_11_fold_14_compact_model.mat,8dcc28e16c2aa7ef1373185f3e878d67b61c3529122b2269d7c37bd42f7b725b,207439,b5719b2d97bc3112b8ddba2a33386ca92a8ac7df487e923080003a7b7a01918d,classreg.learning.classif.CompactClassificationNeuralNetwork,GPU / fitcnet,8,1
MLP,11,15,mlp/feature_11/mlp_feature_11_fold_15_compact_model.mat,5be8f3a59ab3621f6f53e4d2b477c5564395036336acd5899fb8933a7c047615,207432,2fa7ec60c9a017250107df7572c2ae04fb18e06f15640ceaa21100d11471cea8,classreg.learning.classif.CompactClassificationNeuralNetwork,GPU / fitcnet,8,1
MLP,11,16,mlp/feature_11/mlp_feature_11_fold_16_compact_model.mat,4d9bd47f0d2404438e58244d5b0d7e2db0e08675540cb9cc0c148d223e0c8c72,207454,9fc056bdfc7b8ef2b79c4498235071b8d88137781613fafdd41dc895f68a322a,classreg.learning.classif.CompactClassificationNeuralNetwork,GPU / fitcnet,8,1
MLP,11,17,mlp/feature_11/mlp_feature_11_fold_17_compact_model.mat,b9ffdd1dd5a4702f89936d4bd10bad731c4cc145c957323863cd48aa359f2145,207451,1513e87adb6eb70c80fdf43a3a929f063ccc27e018171449a4ce2fccf45f0282,classreg.learning.classif.CompactClassificationNeuralNetwork,GPU / fitcnet,8,1
MLP,11,18,mlp/feature_11/mlp_feature_11_fold_18_compact_model.mat,e0c95a2ef76753d6cf1884e35f5647a50d1ddb4fed6c2f4a3bb16968453dbb14,207478,b640743cd4e550c87d983edfe2043cbc7ba01c5d7b0d7ad0d20a0cf9a0ecf862,classreg.learning.classif.CompactClassificationNeuralNetwork,GPU / fitcnet,8,1
MLP,12,1,mlp/feature_12/mlp_feature_12_fold_01_compact_model.mat,7bb2c005650130075511ee2545f16b1e5cbdabcde97b7e29f2ea801b9b4ade83,207435,0f436f8e9b1e9b7a2795c63e3225fdcf94b89e7485dbf4386e2553db41f839ea,classreg.learning.classif.CompactClassificationNeuralNetwork,GPU / fitcnet,8,1
MLP,12,2,mlp/feature_12/mlp_feature_12_fold_02_compact_model.mat,90ed2477e8c853e69b608fb4a35db095408a239f7580d26e546ec5b236e03803,207465,4f3d410cd0d6c854ff1df920235e21a5df87bb18ef949c469b43d571adeac6a8,classreg.learning.classif.CompactClassificationNeuralNetwork,GPU / fitcnet,8,1
MLP,12,3,mlp/feature_12/mlp_feature_12_fold_03_compact_model.mat,116096cc97006b5873e1883097f79980ba66126d75de5025ae9a1f8fadfa7d07,207466,a3b4cc5ff3249bff286c50177f0618ae7f0d1e2e594017e657abdb47becb90a6,classreg.learning.classif.CompactClassificationNeuralNetwork,GPU / fitcnet,8,1
MLP,12,4,mlp/feature_12/mlp_feature_12_fold_04_compact_model.mat,dab2f94cb8441a4e1eca32200c5c3d7cc56ea0d5ee173189fd8e9dd145ce52b5,207453,777c74db9d14858b95cb730ed9f765d12b3afbaccfcef0b76de7d35061ed3de5,classreg.learning.classif.CompactClassificationNeuralNetwork,GPU / fitcnet,8,1
MLP,12,5,mlp/feature_12/mlp_feature_12_fold_05_compact_model.mat,2b0864f5019dd7a34e304f6463a2bbb26aaf04f6ce71a6d4935ca25185c830e0,207475,7616292bf2a0483724faed0131c92bcbf08a964fd26041442d14593647329248,classreg.learning.classif.CompactClassificationNeuralNetwork,GPU / fitcnet,8,1
MLP,12,6,mlp/feature_12/mlp_feature_12_fold_06_compact_model.mat,2cd6904c5cc341a26b65dcb11556258799f03d0b32465d41488a5b29f22b6718,207444,1b16aafb42507f38787dab2dd551d94d3fc20d10e82ca4cfe9aefeda0fcffd88,classreg.learning.classif.CompactClassificationNeuralNetwork,GPU / fitcnet,8,1
MLP,12,7,mlp/feature_12/mlp_feature_12_fold_07_compact_model.mat,961d7bbca720b71ef8a421df94449d90765f848bab99ebbc5ad1670e889a24ba,207435,f210d03213f995b65772e1951bfe176b8cfd339c63f51d1ca8ae84b7be9a3fd2,classreg.learning.classif.CompactClassificationNeuralNetwork,GPU / fitcnet,8,1
MLP,12,8,mlp/feature_12/mlp_feature_12_fold_08_compact_model.mat,2ea8a80fee0080b9b4a485a35fa834c7b8955b472280b98cbf5f7132b1b02943,207464,1003953f269da8194ebfea796ae81a303392962fa381675474fedec8b2641877,classreg.learning.classif.CompactClassificationNeuralNetwork,GPU / fitcnet,8,1
MLP,12,9,mlp/feature_12/mlp_feature_12_fold_09_compact_model.mat,a82b0816313501d7006bc3b5a8c047eb798afafdff5b842a35ac97cd9789e763,207441,a4c3f0cb7a887bd72ebefe74859b6f91f8e5bb51cc096fc1799fa37d239e195d,classreg.learning.classif.CompactClassificationNeuralNetwork,GPU / fitcnet,8,1
MLP,12,10,mlp/feature_12/mlp_feature_12_fold_10_compact_model.mat,46ee6b322d49b484de3e9f225ab9e8f58518db996ff79bbba5c53c3a1a704380,207437,b683ef2b68707a48ae0be289b97b1ec3921e771803b32a14e68ee259aec4a439,classreg.learning.classif.CompactClassificationNeuralNetwork,GPU / fitcnet,8,1
MLP,12,11,mlp/feature_12/mlp_feature_12_fold_11_compact_model.mat,a00fded55132158f1f96451eda1fe9cce3f95aa7301fad06982f3dcc823e799b,207454,8780894886a09c6670233de3dd2b47586d25483f62cac63d1a591c1c0f4209f4,classreg.learning.classif.CompactClassificationNeuralNetwork,GPU / fitcnet,8,1
MLP,12,12,mlp/feature_12/mlp_feature_12_fold_12_compact_model.mat,9d5652d88ca974d3b6a008d190e103737a81227e70b3955e305754188acedc04,207442,e63200a0f4c29b91a0f52330b9dce2b7150e3cb6311f5962b79b409904a9a132,classreg.learning.classif.CompactClassificationNeuralNetwork,GPU / fitcnet,8,1
MLP,12,13,mlp/feature_12/mlp_feature_12_fold_13_compact_model.mat,58f3b2a2f6784c9f2ba75d165948ae71e6a09d4d166536c91030818f334961f7,207447,40aa6641fa6aa09c43f61e351e2ac1276a38e59614b6fec7df6b44a055b0b284,classreg.learning.classif.CompactClassificationNeuralNetwork,GPU / fitcnet,8,1
MLP,12,14,mlp/feature_12/mlp_feature_12_fold_14_compact_model.mat,96f26b54609d8d6ea42946ba54d7811daeb54507f17e13c89243952a2a318652,207490,05d27ab6e43e201279cb8b651fae8419d29eaaf1c5639e65639f8171c0303b3b,classreg.learning.classif.CompactClassificationNeuralNetwork,GPU / fitcnet,8,1
MLP,12,15,mlp/feature_12/mlp_feature_12_fold_15_compact_model.mat,0da57f805eac54f89d4db01f260293ae982144521f36c7c358bbfa7e340936bd,207448,65eafe1a105f4aa907f4b176dc2be495b54261aa30d96950d70bc862f16aa55e,classreg.learning.classif.CompactClassificationNeuralNetwork,GPU / fitcnet,8,1
MLP,12,16,mlp/feature_12/mlp_feature_12_fold_16_compact_model.mat,eb69c46c632cc74c1b6d387ec66260992cf972d7dc5b94b59b1b644a3c78eceb,207451,6319bc47825428b02339290ad9904249826a33cfc490e0e1a31cb8ec3077d7c1,classreg.learning.classif.CompactClassificationNeuralNetwork,GPU / fitcnet,8,1
MLP,12,17,mlp/feature_12/mlp_feature_12_fold_17_compact_model.mat,de2f54097919dae77a78c4f47f8769f6ef34caa37cb834c582d1235590c23063,207438,fa6c0bd28f6f3bc11fd9a79b69f445b0d4f0e2be01a0ce8d84ccdcedf5a80494,classreg.learning.classif.CompactClassificationNeuralNetwork,GPU / fitcnet,8,1
MLP,12,18,mlp/feature_12/mlp_feature_12_fold_18_compact_model.mat,4f0a06a3edbdafa58771541bc8edadd380063a38e65c4845fe7ffc4aed66772d,207463,734951cad8b2138436e1a66afb2bdcd522ccf99c7d44cd03e0cbbf9a2d464b2a,classreg.learning.classif.CompactClassificationNeuralNetwork,GPU / fitcnet,8,1
MLP,13,1,mlp/feature_13/mlp_feature_13_fold_01_compact_model.mat,9dd617ec43a51ac5f5991ed90d96809708deb1863a5e8ce3fa7edd58e60714b6,207442,7041cd53dc03fc3930175e28dfcc8c07186b0a922301ae14556e1f7f22c95e84,classreg.learning.classif.CompactClassificationNeuralNetwork,GPU / fitcnet,8,1
MLP,13,2,mlp/feature_13/mlp_feature_13_fold_02_compact_model.mat,7341cc428148b43cba1561ad008b1374b198af95df42817158c72e7b9219b1f6,207455,ec2a363863bc75b350a04d4b46660d9037c4f85da2c90991d05d80a03216fe21,classreg.learning.classif.CompactClassificationNeuralNetwork,GPU / fitcnet,8,1
MLP,13,3,mlp/feature_13/mlp_feature_13_fold_03_compact_model.mat,c8479970b400257d2362db6dc2b8d888eba7fb5729ed49b6d5b4b72d4740f9dd,207432,e9ef43e1921386bb3c618855920c00ba2a6091bdbd6256f14a2a7f22f7fbbd8f,classreg.learning.classif.CompactClassificationNeuralNetwork,GPU / fitcnet,8,1
MLP,13,4,mlp/feature_13/mlp_feature_13_fold_04_compact_model.mat,ca9944e704733fbcf83a18503f5eb81a2d646ae0fbcf158b1b5c6cfcffa3a14f,207434,535114aa2c42fd4dfeebadc3e846774f4f94974b188c2772ba1525af878e6c3f,classreg.learning.classif.CompactClassificationNeuralNetwork,GPU / fitcnet,8,1
MLP,13,5,mlp/feature_13/mlp_feature_13_fold_05_compact_model.mat,f567949582b73aa724810627d644338921ba737b38131baa76e4c2b672fd04e1,207435,0e882bc0a7a75322adbd7f8cd006eb89197df16640a623667f14e3ace07b1ddd,classreg.learning.classif.CompactClassificationNeuralNetwork,GPU / fitcnet,8,1
MLP,13,6,mlp/feature_13/mlp_feature_13_fold_06_compact_model.mat,a8cb034682cbead4c7e02f30c4963f93dd6f2e9a44d01004f6c02b1e8054bdf2,207429,f2caf25ba2332b9af1ad8affaed40e4dee4e70a7d1f6da0fd7611ac0ce175c6d,classreg.learning.classif.CompactClassificationNeuralNetwork,GPU / fitcnet,8,1
MLP,13,7,mlp/feature_13/mlp_feature_13_fold_07_compact_model.mat,5936319b4462b018b921ce16a3d4d96779f7250f5d372bdc4ce58b16fce29133,207440,7720dc693b36b116e29d05d6d78f962c0ed7c6df285c706a760b1e02aad169c4,classreg.learning.classif.CompactClassificationNeuralNetwork,GPU / fitcnet,8,1
MLP,13,8,mlp/feature_13/mlp_feature_13_fold_08_compact_model.mat,610c5277ef1b8428125ca92ad29abcd48278d293249e9db6ac47776d885fa91d,207454,8e6fd8931dd58530ef69a1dee90dd1530250054ece787e67fed50a70a12f3e6e,classreg.learning.classif.CompactClassificationNeuralNetwork,GPU / fitcnet,8,1
MLP,13,9,mlp/feature_13/mlp_feature_13_fold_09_compact_model.mat,95433c503692dbf038c5d909187be3c3feb26d6b6cb678c17b53ce89dfa89f5c,207420,542c26ff17fa8e9199be2df014bcf03a09d59e7a1e9f422e5ddc527a2cccb727,classreg.learning.classif.CompactClassificationNeuralNetwork,GPU / fitcnet,8,1
MLP,13,10,mlp/feature_13/mlp_feature_13_fold_10_compact_model.mat,adf45db21b802e47febf39feadd6c1b09b44979e8d03181761209c5ddbdc792a,207436,2f6c74341bcee81ce4bf0fcd36c6e5afd51c0f5de6f0ae99b83099fc57cbf950,classreg.learning.classif.CompactClassificationNeuralNetwork,GPU / fitcnet,8,1
MLP,13,11,mlp/feature_13/mlp_feature_13_fold_11_compact_model.mat,8adfc1c93310edf960686a826dbc4f3c3d089715e0556b641b98eeb309c953b2,207447,7a681ba6422034cc668dd7ef01bfe344ba57930a1ef079fdd34c38d713d539b2,classreg.learning.classif.CompactClassificationNeuralNetwork,GPU / fitcnet,8,1
MLP,13,12,mlp/feature_13/mlp_feature_13_fold_12_compact_model.mat,830d413c5c647346f81653afb47eea81a04b692ea23b11b33386894fc8f2a825,207412,0ba8f7ce8b6510fbbdede3fdcfddfd92f6239cb7fcdf3e190981f64b0ab42837,classreg.learning.classif.CompactClassificationNeuralNetwork,GPU / fitcnet,8,1
MLP,13,13,mlp/feature_13/mlp_feature_13_fold_13_compact_model.mat,375d5bc384f29ac8ed8bd0d824c43d4a2f27856bfa82d3111101607dd32c58db,207451,834dd9310a145d85f5fb17569745db53f6f3b21941624ea08021cff5455b8f1e,classreg.learning.classif.CompactClassificationNeuralNetwork,GPU / fitcnet,8,1
MLP,13,14,mlp/feature_13/mlp_feature_13_fold_14_compact_model.mat,2fd981e93593bd2c20790df5c187bb76a0317fb8930da36d7351f8845842fd2f,207460,8148ca337ea34b8e34cc28c5905f12292b8c948e40ed4fcb0eb3b14b6d3dfd33,classreg.learning.classif.CompactClassificationNeuralNetwork,GPU / fitcnet,8,1
MLP,13,15,mlp/feature_13/mlp_feature_13_fold_15_compact_model.mat,e2269d7f0cb78547c200dda84cf27595f1c666105fb087db93beb1da39be30ee,207407,e58cbf1b0b29fcbe400de9b725bb2250d9d9921d87d509da25cb9744286a438c,classreg.learning.classif.CompactClassificationNeuralNetwork,GPU / fitcnet,8,1
MLP,13,16,mlp/feature_13/mlp_feature_13_fold_16_compact_model.mat,72aa4879160a9e453d2ca10aa4bda104908c6845648d17fc809d8f33bcebb00f,207440,617a1e5ae25ccfea770fd89b61a9170b8e6e91d714e87fd3a15a1522b1bfac44,classreg.learning.classif.CompactClassificationNeuralNetwork,GPU / fitcnet,8,1
MLP,13,17,mlp/feature_13/mlp_feature_13_fold_17_compact_model.mat,1135b15dba3ada8d4a0806f3d9d66e76b700b260464b0fdb639d0fe62a28296c,207447,3223a100083570a11a43660c1d3596f40f2971b593a7f110cbaf0ec350ca6c99,classreg.learning.classif.CompactClassificationNeuralNetwork,GPU / fitcnet,8,1
MLP,13,18,mlp/feature_13/mlp_feature_13_fold_18_compact_model.mat,7dc9343f9a2998634b8e03f668c585b4d4177d1c49c8728860f48c70095c175b,207442,2f75d14b739ceeef40ee2dfc3804245ea1ca55b49b866df397c84c0400a98770,classreg.learning.classif.CompactClassificationNeuralNetwork,GPU / fitcnet,8,1
MLP,14,1,mlp/feature_14/mlp_feature_14_fold_01_compact_model.mat,c5c05b637b95010533cc2be6ebc654b2249d9955da01409ea5b77283213cb9ce,207450,eeb4cc53eb2d0cad8b10cd2b03d6d47a66df7bf6d2415741b91dfe42f3efcdce,classreg.learning.classif.CompactClassificationNeuralNetwork,GPU / fitcnet,8,1
MLP,14,2,mlp/feature_14/mlp_feature_14_fold_02_compact_model.mat,00b8adb24657c812a34d997c0c29db61aeec52a5c3ae4a9331477e50705fd34f,207432,36d001a03edba5b2d0412b24216ee5e2a51769c404a49e5056c3f5850a06d218,classreg.learning.classif.CompactClassificationNeuralNetwork,GPU / fitcnet,8,1
MLP,14,3,mlp/feature_14/mlp_feature_14_fold_03_compact_model.mat,c208eaf48db894a694f6dada566f5bc4b37b8fafac145607fa245d1c7f516527,207449,e845156f96dca8f5e14238ff185c504eea1568b1869b1d486c9b94185fe13b7c,classreg.learning.classif.CompactClassificationNeuralNetwork,GPU / fitcnet,8,1
MLP,14,4,mlp/feature_14/mlp_feature_14_fold_04_compact_model.mat,42083dbb5799633818d33ef8fcee2ccbe5313a57cbdf7e23c95cdf922d4841da,207435,741184f7c0d6a093fa12c2109530847aa85b2e316b0e00ae905db302b680b0d9,classreg.learning.classif.CompactClassificationNeuralNetwork,GPU / fitcnet,8,1
MLP,14,5,mlp/feature_14/mlp_feature_14_fold_05_compact_model.mat,002408ce1c6d122d07f7498c6c581fa97653aff5eee167aef0956812f1f6fd63,207438,8532c5d8d51ba7a81be027a6e5365fd56d3acdc7b284da9a298eb5b8c5af4137,classreg.learning.classif.CompactClassificationNeuralNetwork,GPU / fitcnet,8,1
MLP,14,6,mlp/feature_14/mlp_feature_14_fold_06_compact_model.mat,36004390950d125e6d1ac6c4783aa67abe627c27f256e4d5daa1dde7376e7e26,207442,b0cb7e37b5aafd0bcedfb3acc54fd9c5657a97cc8d82ede656f5658b2a2fc22f,classreg.learning.classif.CompactClassificationNeuralNetwork,GPU / fitcnet,8,1
MLP,14,7,mlp/feature_14/mlp_feature_14_fold_07_compact_model.mat,4042a890f6e5483b2a18ac1741a591231812685afe226847432f3e5b9355d507,207427,01cc5016207ad548cba101db87467b6759ad7c13494612130df4858251b5997a,classreg.learning.classif.CompactClassificationNeuralNetwork,GPU / fitcnet,8,1
MLP,14,8,mlp/feature_14/mlp_feature_14_fold_08_compact_model.mat,e7fdc993caae0959dcf489c2151228ca0bdfff45d9201c14669e900cf7408c99,207451,372d91180236f3e1ff179c0bb0a86b9776a9082e74738039db28cb5ad7efdef0,classreg.learning.classif.CompactClassificationNeuralNetwork,GPU / fitcnet,8,1
MLP,14,9,mlp/feature_14/mlp_feature_14_fold_09_compact_model.mat,71724cf0ca84934a574f0cbaef727fc2f4d6f8d0e9cf4d04063a72aadccd93a2,207435,1211a646ab5d74777a4d4835d2111c19a58f80fe789277af026478345aff6ae5,classreg.learning.classif.CompactClassificationNeuralNetwork,GPU / fitcnet,8,1
MLP,14,10,mlp/feature_14/mlp_feature_14_fold_10_compact_model.mat,79d88367c1c9300201c3070098bb42185e83142b8978312558830a8794f90fe0,207423,66ec2d25c60165c8cb57e6d637ee7079b7a8c4ff1a1e4c8785a84a005a281da5,classreg.learning.classif.CompactClassificationNeuralNetwork,GPU / fitcnet,8,1
MLP,14,11,mlp/feature_14/mlp_feature_14_fold_11_compact_model.mat,4708df88d1ed5a90ee44f46d0c16040b098be1d6f439d80a2a717081503b4d01,207440,d891a2318a0f6da77e04cdb87dea7c302e9edb960dc0784d6dcc004d960cdf0f,classreg.learning.classif.CompactClassificationNeuralNetwork,GPU / fitcnet,8,1
MLP,14,12,mlp/feature_14/mlp_feature_14_fold_12_compact_model.mat,eae5783f71ace52cb407c4f5ac280f7b9082e9a4d928aab9cf20175f93ca29fa,207439,f33bb0f5b663e49abc38f4dfbf865918b26e45e0ec55e9ff7b75cff65f3a6974,classreg.learning.classif.CompactClassificationNeuralNetwork,GPU / fitcnet,8,1
MLP,14,13,mlp/feature_14/mlp_feature_14_fold_13_compact_model.mat,026565288782cd5a89318c2471ecf6aab6571cd45bb9d3d18ec517096f8d4053,207439,1e55db90d6a6864d21b6bba24fbab7718998b6fea7c1feee5114346119079f9b,classreg.learning.classif.CompactClassificationNeuralNetwork,GPU / fitcnet,8,1
MLP,14,14,mlp/feature_14/mlp_feature_14_fold_14_compact_model.mat,591c7ca9e3936d60833a3ecd9a7dd7a7668937bb4b2e55c00d2a6cfb3b1df95b,207430,83ab005d7a079cc9bf2ade03ea987a753a54196a0094e66a328201f32ee882d6,classreg.learning.classif.CompactClassificationNeuralNetwork,GPU / fitcnet,8,1
MLP,14,15,mlp/feature_14/mlp_feature_14_fold_15_compact_model.mat,db3d0488945472cd37faa1f8530827c59f4445336c2beeedd328a54845a7cbb6,207438,5586c0b908ee9f7c8c22a5671378455ca8721485eb355309b07401e6492664ba,classreg.learning.classif.CompactClassificationNeuralNetwork,GPU / fitcnet,8,1
MLP,14,16,mlp/feature_14/mlp_feature_14_fold_16_compact_model.mat,e141222d83bde23b8dca2603a5e2241d33a0a7e36570bfa8826a4fd154f322ef,207422,af586ffb361475ab8da2da1e1d6cbd19e3fe2940eb9d6e18ee14b4c518c7c269,classreg.learning.classif.CompactClassificationNeuralNetwork,GPU / fitcnet,8,1
MLP,14,17,mlp/feature_14/mlp_feature_14_fold_17_compact_model.mat,a5aa31406c7c7e0d7b41feb827eb5a67d5b7c7cd49046707fde79b86f8cd4f48,207453,da7edd30d1af8a75093081e0cdfe5959cd4d13b191a66ed4227dff25c56508ff,classreg.learning.classif.CompactClassificationNeuralNetwork,GPU / fitcnet,8,1
MLP,14,18,mlp/feature_14/mlp_feature_14_fold_18_compact_model.mat,670a35727e9ade6ae14bebebc9421e8c5650e363403d2ffc701678f22320ae5a,207461,d9fd756c95930fef62e628b49a76a73252396a8e9d69594bff977b5aa55cdcf2,classreg.learning.classif.CompactClassificationNeuralNetwork,GPU / fitcnet,8,1
MLP,15,1,mlp/feature_15/mlp_feature_15_fold_01_compact_model.mat,bac53fdeac09b76624de19332fff9b1680b91c42fbfe33cf9101177783a0dc8b,207470,682dedf93feed45ea5bf7b4d726d4e82befecd2f08ff798c8c7121fd1f474ea7,classreg.learning.classif.CompactClassificationNeuralNetwork,GPU / fitcnet,8,1
MLP,15,2,mlp/feature_15/mlp_feature_15_fold_02_compact_model.mat,f45aab8d3375d16b0c6521d88e5c0f7804da6669217a36bc82bfc21119f3e6c6,207454,7d31124419e43654b5829ab164bf485d87ed04d3c7c9acd0a0c1d68908e83bfa,classreg.learning.classif.CompactClassificationNeuralNetwork,GPU / fitcnet,8,1
MLP,15,3,mlp/feature_15/mlp_feature_15_fold_03_compact_model.mat,fccd757c5e6ab0e5d8e5bf3cc65d7c6671408e5a81e5449d0aae292a6f658959,207438,a54e05c1d6bd6b88304c0510c58d59042ed84913dc8352bdbba84503b93b21da,classreg.learning.classif.CompactClassificationNeuralNetwork,GPU / fitcnet,8,1
MLP,15,4,mlp/feature_15/mlp_feature_15_fold_04_compact_model.mat,0a13760974f6cc75cba5b84c305067e50ae523ee26c80b8d38789b15dab17b79,207469,8e5989e3dd6549c6bf87d69cca0f4a10303df9d88caf6ca6dffb01a13280ed1e,classreg.learning.classif.CompactClassificationNeuralNetwork,GPU / fitcnet,8,1
MLP,15,5,mlp/feature_15/mlp_feature_15_fold_05_compact_model.mat,fd6f16de7396e273bcc33d60edd2fe38551424933b933b12b1fe732a933fab6b,207445,daa29356e650015f77314b6aab491ae3a2f77cc34a2963cbbd6d68db3f8e9df9,classreg.learning.classif.CompactClassificationNeuralNetwork,GPU / fitcnet,8,1
MLP,15,6,mlp/feature_15/mlp_feature_15_fold_06_compact_model.mat,4f5d0c4a787108633d8786b963b6d2a11080a051cc0f5e1908e71e69d63dd4c3,207438,7e2051b3bf0390e4dfdda937c718989b851587ce966377542357fed987c3d973,classreg.learning.classif.CompactClassificationNeuralNetwork,GPU / fitcnet,8,1
MLP,15,7,mlp/feature_15/mlp_feature_15_fold_07_compact_model.mat,a67962269320edf6d8a1ce79f970adcd858623bf67e5b1d148f07058a7b8ea71,207440,9441cf2f20b13324c253fee70e8ab85de23f065c49f296129b1759be78f91d9a,classreg.learning.classif.CompactClassificationNeuralNetwork,GPU / fitcnet,8,1
MLP,15,8,mlp/feature_15/mlp_feature_15_fold_08_compact_model.mat,1d985255f709ea061592fc6a9427af5154a09561df308a3d1fff72d20e7b1a3f,207430,59665cbfa36bdd31e29181e100b524cf8d2835ad186d306186d08bcf9254c763,classreg.learning.classif.CompactClassificationNeuralNetwork,GPU / fitcnet,8,1
MLP,15,9,mlp/feature_15/mlp_feature_15_fold_09_compact_model.mat,3948b88eab54ca327ff95f65450c9d0d3fd9e42b04e73ab63ea0f6b3af544e17,207474,d92595b885a0eff97f50893f499151e1614df5ba32ebce9fe1daefe2e3038e16,classreg.learning.classif.CompactClassificationNeuralNetwork,GPU / fitcnet,8,1
MLP,15,10,mlp/feature_15/mlp_feature_15_fold_10_compact_model.mat,7adfd358fb680252627c88b25e72198c5142140222ca8d665e74e7fb71c82a5e,207435,ee4fde55fecf04be8916b38de25ca039d2116838f836cdb3d590ade37834ea50,classreg.learning.classif.CompactClassificationNeuralNetwork,GPU / fitcnet,8,1
MLP,15,11,mlp/feature_15/mlp_feature_15_fold_11_compact_model.mat,1bdfec718181dc4e12a5ac05a62bfcb7c822b6334b055eb0fd2afa5898d13434,207455,c0a85b4fb511ece4db2c4e4284f5071457ccf2f5a43375c92fc6bbdf251f3c03,classreg.learning.classif.CompactClassificationNeuralNetwork,GPU / fitcnet,8,1
MLP,15,12,mlp/feature_15/mlp_feature_15_fold_12_compact_model.mat,581672c3e5285483d5deb87916ef50bd89d014af13252a30abed1384dc235a49,207455,f94d97f14cb70407753110cf32407f9b1a3834482f3b80a930b999362311565e,classreg.learning.classif.CompactClassificationNeuralNetwork,GPU / fitcnet,8,1
MLP,15,13,mlp/feature_15/mlp_feature_15_fold_13_compact_model.mat,046218ae8eb0dddd622d4fd27ff62e8ce487f697f06776ffbab2300a2f9e8669,207437,870e3da09b3b49e5d93eb4764bd75a488afa511b21c9c046d6f48933b8ff845b,classreg.learning.classif.CompactClassificationNeuralNetwork,GPU / fitcnet,8,1
MLP,15,14,mlp/feature_15/mlp_feature_15_fold_14_compact_model.mat,40ae14dc63ab57cb091073437421f7e9ee17327416aeaba9425f69e4bb10597a,207441,b29c3af09c15b0c4aedd4f2030fde6ee4c26a7d4db3c8afb37d7eb527782d8d7,classreg.learning.classif.CompactClassificationNeuralNetwork,GPU / fitcnet,8,1
MLP,15,15,mlp/feature_15/mlp_feature_15_fold_15_compact_model.mat,c4c1960cba8c5adf84f2e90eb91071131c57c9f6d068d56bbf1bb6caff811f94,207475,9750a2f5f12b96d4edb345457169be79fa90086e3ed6ca8968d6902eaee0091e,classreg.learning.classif.CompactClassificationNeuralNetwork,GPU / fitcnet,8,1
MLP,15,16,mlp/feature_15/mlp_feature_15_fold_16_compact_model.mat,3d1b3a3089e001c7dad046363c73712fc12b457fd3677732cb2626522168a6a7,207447,ca39b0da1f82a9517872722d2a1ea4bd1783ef9e62a7dac30b9faf61a5071a4d,classreg.learning.classif.CompactClassificationNeuralNetwork,GPU / fitcnet,8,1
MLP,15,17,mlp/feature_15/mlp_feature_15_fold_17_compact_model.mat,dcf8d320d815b76c2cf5ea5d89159320e51cf27cb9ca89d3c5b3bf0bd02b572d,207469,fb6b46932844ea857fa780cc76ee9233b84f11f2c7102ab2a2190e1214b9ddd3,classreg.learning.classif.CompactClassificationNeuralNetwork,GPU / fitcnet,8,1
MLP,15,18,mlp/feature_15/mlp_feature_15_fold_18_compact_model.mat,c51585dc3f955f4db486c72e3a9116101d565697c90e20f8b0dbf72167334679,207466,db055021a46f4d572c2ac7e58ae59889d382c0b046c1149a0c41d44bc977c972,classreg.learning.classif.CompactClassificationNeuralNetwork,GPU / fitcnet,8,1
MLP,16,1,mlp/feature_16/mlp_feature_16_fold_01_compact_model.mat,d92388b381be4f6022ee1c4c269e3b0303765bd62316890a872fbf40c7bf5279,207461,2d6dcb114441589fd3e6787057d12cff6e1c932c81e94c4057cc0af412ece8f4,classreg.learning.classif.CompactClassificationNeuralNetwork,GPU / fitcnet,8,1
MLP,16,2,mlp/feature_16/mlp_feature_16_fold_02_compact_model.mat,35fb814b58928f5a530a3afd23f84fae534ccb34901bd9bff810008ed78d8841,207461,65329a903ba34e796c86a5be7e521306bc83bb919aa9a6a9b72313aa90aaa7a4,classreg.learning.classif.CompactClassificationNeuralNetwork,GPU / fitcnet,8,1
MLP,16,3,mlp/feature_16/mlp_feature_16_fold_03_compact_model.mat,5b9a572df9086f26f683c3fced4a2cded3d17646fc52bd60a85e431d322ab0af,207437,1fc032581c6cbf3677007b7ff82a112b1b9a4866a9e4c9be71c29fd00f029203,classreg.learning.classif.CompactClassificationNeuralNetwork,GPU / fitcnet,8,1
MLP,16,4,mlp/feature_16/mlp_feature_16_fold_04_compact_model.mat,bd9b35cee7c067931d577108b6cb66c3302c0f9aff8bfebbf74cc67bad43e2cc,207450,217053f9e76b7c95e18369f67bcd1591cddecae0e1a7263755aa0c15577127b1,classreg.learning.classif.CompactClassificationNeuralNetwork,GPU / fitcnet,8,1
MLP,16,5,mlp/feature_16/mlp_feature_16_fold_05_compact_model.mat,4ded359d4aaa4431a04839d84431a0e0b833da4885e7437874743917517cd6d0,207423,f345115b06d70e9870df129b5126c01eb6ee2cd88f9865707f673bd18ffb7053,classreg.learning.classif.CompactClassificationNeuralNetwork,GPU / fitcnet,8,1
MLP,16,6,mlp/feature_16/mlp_feature_16_fold_06_compact_model.mat,b3cf8688833bfeb60ba792a1462b2ebcac8f7594089532a81ce7b7febe14617a,207466,b9c5a0812a91b9abfd3bccc44e34ce6c4d03fca1f00c11173f0ccf388faceaaf,classreg.learning.classif.CompactClassificationNeuralNetwork,GPU / fitcnet,8,1
MLP,16,7,mlp/feature_16/mlp_feature_16_fold_07_compact_model.mat,3260adcb29f1f0bb79808c12a5a7bc64a4eb8a7845a78afab3975660a48c9d1b,207426,1b169bfb69c349e6ab35df564e92ae8fe355c2a1c09cddfd6b3f7b796ee3a60b,classreg.learning.classif.CompactClassificationNeuralNetwork,GPU / fitcnet,8,1
MLP,16,8,mlp/feature_16/mlp_feature_16_fold_08_compact_model.mat,94c9c8a488a52c4318d0b64f4d3e9fe68e41d8f99d9adbb08fd6615e5e63882c,207436,a447fe638cdc96abd56d30c03adf52efd8244eec7888b67a459571dacce5500e,classreg.learning.classif.CompactClassificationNeuralNetwork,GPU / fitcnet,8,1
MLP,16,9,mlp/feature_16/mlp_feature_16_fold_09_compact_model.mat,70ad770969a001decccc082c1c89d5c300ff96d64363fffb9b8b2c8da93f2fd7,207441,da0215cbc2244db05e40a6481736d90f0b204ae6e61ea137061fa8703f07e400,classreg.learning.classif.CompactClassificationNeuralNetwork,GPU / fitcnet,8,1
MLP,16,10,mlp/feature_16/mlp_feature_16_fold_10_compact_model.mat,024f7f901e07a3d3ba0ec48752e217cf32edeb3b52d8f108bfdf0d8a2e88c4d6,207439,0c8c9e2823e3032214da6d46eb34f38d472e584658ba44a8428bed6e2616f811,classreg.learning.classif.CompactClassificationNeuralNetwork,GPU / fitcnet,8,1
MLP,16,11,mlp/feature_16/mlp_feature_16_fold_11_compact_model.mat,850a5e147084d63020824e03d17dad5ee16bb9b44fb9f4fecf1f6fac9ff8a52a,207464,367833083bdaa9d817e89cc7320c2a56bd5f655c21c57bdc51d4e0c46e560cb7,classreg.learning.classif.CompactClassificationNeuralNetwork,GPU / fitcnet,8,1
MLP,16,12,mlp/feature_16/mlp_feature_16_fold_12_compact_model.mat,8f2b1eaa2ab21f8c908c2a70bd2aeb86fd3cd098fbd2b9a4fd0f4423cbf11797,207454,4e45be013f6eb4cf1c1630830a72ef760797216ab4e8cffd73d6ba91f7d9a119,classreg.learning.classif.CompactClassificationNeuralNetwork,GPU / fitcnet,8,1
MLP,16,13,mlp/feature_16/mlp_feature_16_fold_13_compact_model.mat,4664b2d20b58f286fc4b8074e0475e6a4da59d0070421f54b356a7692a8a9255,207440,12cc4417200f7148382dac0285ab82e00f65561eebdce54ba17f61b755d3ce25,classreg.learning.classif.CompactClassificationNeuralNetwork,GPU / fitcnet,8,1
MLP,16,14,mlp/feature_16/mlp_feature_16_fold_14_compact_model.mat,5f7cdae15c5ff1a8072bc0f29bd5936057ae4e36588efd93fcd0202b7c207d50,207465,41339f67a93074aafdce28b83cd8689fd2852769b6ab404112d79f1ccfe423a4,classreg.learning.classif.CompactClassificationNeuralNetwork,GPU / fitcnet,8,1
MLP,16,15,mlp/feature_16/mlp_feature_16_fold_15_compact_model.mat,8350f51dd1da7812a30df563bb0b7756ec5d54c87b4ce392f9166af9e67615fc,207446,16e1f91ef819eddb7476bfd0323fa7a77248e40b0eae67848d2d5d86f74ca24b,classreg.learning.classif.CompactClassificationNeuralNetwork,GPU / fitcnet,8,1
MLP,16,16,mlp/feature_16/mlp_feature_16_fold_16_compact_model.mat,994bbbbd1ab31f3945a77658ede268e876e0e3bec44f3cef5cab0205a76bf325,207452,39b4df58381191318b194e966bde84b1549517524b5159c15233e334d4207579,classreg.learning.classif.CompactClassificationNeuralNetwork,GPU / fitcnet,8,1
MLP,16,17,mlp/feature_16/mlp_feature_16_fold_17_compact_model.mat,fdfc64086916efb4e14e0ef0941d669697fc23aadb3c40cf0886db471f163d5b,207421,fd5c81b4a7472215d20996af291954128c8298eca80974abf35e16d85623db06,classreg.learning.classif.CompactClassificationNeuralNetwork,GPU / fitcnet,8,1
MLP,16,18,mlp/feature_16/mlp_feature_16_fold_18_compact_model.mat,e3811be52e8581097ab7d9efd40d50dd3b429d10d9fad561b74e1f7a684650da,207423,fa4bf781e75bbb8ee38c2a835485459661aa90a7ed7a225288e55eec8b35ff79,classreg.learning.classif.CompactClassificationNeuralNetwork,GPU / fitcnet,8,1
MLP,17,1,mlp/feature_17/mlp_feature_17_fold_01_compact_model.mat,64ea63df5d613408381324a4bc8ad30e3a8b4194b7f0b1eba954e5964b956afc,207442,5344fc644bb9c70ced12362991a9249a2a41492f53bcdbeb0ad30648f1ad41d8,classreg.learning.classif.CompactClassificationNeuralNetwork,GPU / fitcnet,8,1
MLP,17,2,mlp/feature_17/mlp_feature_17_fold_02_compact_model.mat,d0d2caed5ff89c5b8317413ba8825f9b6951f8d289d1f76325cf5eb86fa7b21d,207453,26155a8f468fba783eff6788f4a714d505f69eff72b0100d4cc1fe5a3a7e852e,classreg.learning.classif.CompactClassificationNeuralNetwork,GPU / fitcnet,8,1
MLP,17,3,mlp/feature_17/mlp_feature_17_fold_03_compact_model.mat,a305ee03babaa7d71a56612d099e942eb09fd86b60918a4ca69a4f0d2538dab3,207467,0fc7c933faa9443acb94c0dec0c37e0c8e7da4daf0fe54486b43b84320abaffc,classreg.learning.classif.CompactClassificationNeuralNetwork,GPU / fitcnet,8,1
MLP,17,4,mlp/feature_17/mlp_feature_17_fold_04_compact_model.mat,b6b4ae9373db7b1b6472a298b23c19f5cfa61a93367a34624edbb2c92f48aac5,207463,37e6278a78e4691a6b3d06de0c6072f7f2278b026f8dc7658ab2a5a0db96de83,classreg.learning.classif.CompactClassificationNeuralNetwork,GPU / fitcnet,8,1
MLP,17,5,mlp/feature_17/mlp_feature_17_fold_05_compact_model.mat,1811b6ee5e0f48070447754ddd9262f301277de8fcb19aa0f45e4626ee3525b3,207472,db1c697fb47687837fc06e334edb0a62dcafba91bfb47f6dec2c967962d7d655,classreg.learning.classif.CompactClassificationNeuralNetwork,GPU / fitcnet,8,1
MLP,17,6,mlp/feature_17/mlp_feature_17_fold_06_compact_model.mat,a5f674ed2e8278dddde89bed93da4e406799bdf73e58388bce0860031ace9461,207464,004a703a792ad598c63d9c86bf71d686f2fd4edd3284c1590becf97d45675c26,classreg.learning.classif.CompactClassificationNeuralNetwork,GPU / fitcnet,8,1
MLP,17,7,mlp/feature_17/mlp_feature_17_fold_07_compact_model.mat,84cfe35f9bb2891a885bf93ffd6609750353aed639f30713b9e60fa2d34a024a,207453,e0f2a7c7b4fc359dcdeb363029a367851b26504bf7ba95b97a283b1e346f2495,classreg.learning.classif.CompactClassificationNeuralNetwork,GPU / fitcnet,8,1
MLP,17,8,mlp/feature_17/mlp_feature_17_fold_08_compact_model.mat,7d3319d87233501b84f4bfbe559a86d3345790a812d1fc78588f8d2137ebb1e3,207455,30ac91a8e8b1e2890b0e36788b66cc7c4ace5a5e3cc702974bd85e2107824ea3,classreg.learning.classif.CompactClassificationNeuralNetwork,GPU / fitcnet,8,1
MLP,17,9,mlp/feature_17/mlp_feature_17_fold_09_compact_model.mat,5bfca8336b38b64e586c8b981f8ba61961deab5b7788502cc03685bf1c77d5f2,207477,9e5a70ece6fdb43e2d7df8199eded018f1d6d02bfbf29a797ceabe3424fef0ea,classreg.learning.classif.CompactClassificationNeuralNetwork,GPU / fitcnet,8,1
MLP,17,10,mlp/feature_17/mlp_feature_17_fold_10_compact_model.mat,819d997c558dddbf3040ce1fce329898f115889ab0681657c94a64580839e79a,207481,bfffcf5a645707c9c074d4ac59f4bd1e04b04098fb37a8c0c85d075a41a6150a,classreg.learning.classif.CompactClassificationNeuralNetwork,GPU / fitcnet,8,1
MLP,17,11,mlp/feature_17/mlp_feature_17_fold_11_compact_model.mat,a6015f96f2fc322a0ec8e14fb8ef3980f0db91a31a807f6566eac9526105d25f,207463,0922259641a9e7b76168625c462430b5478b285cd02aa195b80347756627fcf1,classreg.learning.classif.CompactClassificationNeuralNetwork,GPU / fitcnet,8,1
MLP,17,12,mlp/feature_17/mlp_feature_17_fold_12_compact_model.mat,80fdd46efc1b7215dab32eced567c8231ded1660463dccb086515571a7d03552,207449,166a76f28672967b11f3a73e6d663ffc4141baa6abfdfb991377ef1a97fc14e1,classreg.learning.classif.CompactClassificationNeuralNetwork,GPU / fitcnet,8,1
MLP,17,13,mlp/feature_17/mlp_feature_17_fold_13_compact_model.mat,02782c92976d733a88b67b41e5863613c8a1623bb64d77bd622fbbe4cf7598d7,207450,6462d871270a5285e95af9de51930a8c77736f750d08cbb551988f476edd0e40,classreg.learning.classif.CompactClassificationNeuralNetwork,GPU / fitcnet,8,1
MLP,17,14,mlp/feature_17/mlp_feature_17_fold_14_compact_model.mat,5070555a43542d3c12fa37cb88a8cc557db838be81d5e6c8e769c9c94dc773e3,207436,b35a9a59dffe421548efefd2a02ee3ac666dd73b52a225bf0d74795df935c804,classreg.learning.classif.CompactClassificationNeuralNetwork,GPU / fitcnet,8,1
MLP,17,15,mlp/feature_17/mlp_feature_17_fold_15_compact_model.mat,f33f497c5fd9fa03bd6652a93f39a4c3cb7168f13493c59fab45b0c741fa499a,207442,6f347f13ef36f634a8b6244b603896185a837ebc4a4471c342dd4c1120f9ce40,classreg.learning.classif.CompactClassificationNeuralNetwork,GPU / fitcnet,8,1
MLP,17,16,mlp/feature_17/mlp_feature_17_fold_16_compact_model.mat,b385e3943340af9de5e1b5ab236a80bfeefa8ac25234238471dca6d405c9be8c,207446,159ad7326128f7fa546e5c56edad7208c9e9c8b2f6236918a7b2b2913874e4b7,classreg.learning.classif.CompactClassificationNeuralNetwork,GPU / fitcnet,8,1
MLP,17,17,mlp/feature_17/mlp_feature_17_fold_17_compact_model.mat,db4d01f618acfd9e5c66b193b78d220589fc8ebb9ad5a5cbebbc50d0cec4aefa,207439,947631bbc5adf59eea5ea3b7a94a69cb830105c153aa9412b8e0c517aee74149,classreg.learning.classif.CompactClassificationNeuralNetwork,GPU / fitcnet,8,1
MLP,17,18,mlp/feature_17/mlp_feature_17_fold_18_compact_model.mat,5a8dade50b403b851d6e86b6dcb07fe6a8a2306871cb4d05ef64e616a4cd63ca,207468,01972f60776cda3184db5054c34c622ee4dcecbeb5bdb5b728493989585736d1,classreg.learning.classif.CompactClassificationNeuralNetwork,GPU / fitcnet,8,1
MLP,18,1,mlp/feature_18/mlp_feature_18_fold_01_compact_model.mat,14bed9d24166da0340ff66897c7f88e02e93243a910e751579974a5123bd2754,207449,3a0047895ed7ad0c18d4b1a6a6b47ae44258ef8d645543bcc6c848e35efc759e,classreg.learning.classif.CompactClassificationNeuralNetwork,GPU / fitcnet,8,1
MLP,18,2,mlp/feature_18/mlp_feature_18_fold_02_compact_model.mat,b563b9c1b34d3fb98c94c80e928c4fc5c26fb4cd4555b0867c1f6a4413d3925b,207444,0df5b35763e77bace9affdc83baa5ddda21bc3ea26fb1af97ae11caf16a0ce01,classreg.learning.classif.CompactClassificationNeuralNetwork,GPU / fitcnet,8,1
MLP,18,3,mlp/feature_18/mlp_feature_18_fold_03_compact_model.mat,bd1e8e2e797d5e7367fa1d4d2ebdc21ce2906d79f8cc1ccd59f882acb93aa82d,207462,7e1d4e0e987e23b747b08ef9dcab702391cb9a7ef19425d8b2d90d7fcfef1188,classreg.learning.classif.CompactClassificationNeuralNetwork,GPU / fitcnet,8,1
MLP,18,4,mlp/feature_18/mlp_feature_18_fold_04_compact_model.mat,99f0c6000a205f44c172f43af1341d3269722d15f63f6828bef4da14b11605f8,207466,c26a0eb01d3583f513c6f858a9a2f7c8231b4e8798311b8c5b3adc40855bd960,classreg.learning.classif.CompactClassificationNeuralNetwork,GPU / fitcnet,8,1
MLP,18,5,mlp/feature_18/mlp_feature_18_fold_05_compact_model.mat,079551b0d0bea66e1089d066b47344ef6a5fb75002a665c70cccf4ea1568b8b0,207460,beb7a216685621e1c6078d93e1e23cf04cd667c952e53dcbeeaeb7a36a123a67,classreg.learning.classif.CompactClassificationNeuralNetwork,GPU / fitcnet,8,1
MLP,18,6,mlp/feature_18/mlp_feature_18_fold_06_compact_model.mat,687ccfc7b7eb4bac4854459ecb2f52b8b193b21904609146a3cc35153b3fa021,207444,b0f87e63200d9c42e599acb235a6b827fec1b8a4147cd51f37d5eae01e7bafb5,classreg.learning.classif.CompactClassificationNeuralNetwork,GPU / fitcnet,8,1
MLP,18,7,mlp/feature_18/mlp_feature_18_fold_07_compact_model.mat,796b891947f870649d6c55670e3b9a46453ce1b5d25bec3e580c8bd5c69cc5af,207455,5ee5084db3be612b82ee074c6eb8a2c3d2bd57f54fb785b94b5a43aedcb1217b,classreg.learning.classif.CompactClassificationNeuralNetwork,GPU / fitcnet,8,1
MLP,18,8,mlp/feature_18/mlp_feature_18_fold_08_compact_model.mat,569402fbfed933f1ca6ce756b3cbb52099ae216fde461f0705f50be53daf2ecc,207442,6a318e094ec97ae01df7718be5aae96b11aaa32744e5096fd3e4f3a4e5849ba9,classreg.learning.classif.CompactClassificationNeuralNetwork,GPU / fitcnet,8,1
MLP,18,9,mlp/feature_18/mlp_feature_18_fold_09_compact_model.mat,a36704a720913e7f5c1a89cdec8cfb2faaf190c2f9e362cb4ebfb23622513cd6,207468,ec9546c39cf1e10b82ca1fee919d8c9cb487932e584b7d3ecad53d3cc21ff91f,classreg.learning.classif.CompactClassificationNeuralNetwork,GPU / fitcnet,8,1
MLP,18,10,mlp/feature_18/mlp_feature_18_fold_10_compact_model.mat,7287de643f112d12f286e73848cd20f4f2eca6bad1b18733d9319fba0d4630e1,207453,354bb1a0641ca5c2d9c42f642ebd048fd6b11eeebbcf4ce3f357c11a16369f4a,classreg.learning.classif.CompactClassificationNeuralNetwork,GPU / fitcnet,8,1
MLP,18,11,mlp/feature_18/mlp_feature_18_fold_11_compact_model.mat,17247949551fc83285869aa68366ea0c467ecdfae49f1c481f052c85ac056c1e,207447,b98b9409437ffbba42cc9a65041100a875ba82d24d690ee4cb65661ffaa9d875,classreg.learning.classif.CompactClassificationNeuralNetwork,GPU / fitcnet,8,1
MLP,18,12,mlp/feature_18/mlp_feature_18_fold_12_compact_model.mat,3a2074f8b86b226e4bd8eed39fabed2265ac1634c14ed941461d7006895f8586,207487,7b2c07c7500e1a3220d94395a27df9d9a48b868340290eebf8497cae282a4ff1,classreg.learning.classif.CompactClassificationNeuralNetwork,GPU / fitcnet,8,1
MLP,18,13,mlp/feature_18/mlp_feature_18_fold_13_compact_model.mat,fac6bd46b056c9f920a3f0a3f5972c7a4e13b6f1fc345ff984bec102896bfa68,207450,8f9f1521b2ad49d69053be65ec40d9c5804e00c0e8d61c68617c814632f110e4,classreg.learning.classif.CompactClassificationNeuralNetwork,GPU / fitcnet,8,1
MLP,18,14,mlp/feature_18/mlp_feature_18_fold_14_compact_model.mat,51a142dfa140ebd7373585cf788a26de9be9f0772949868e52022ceda95a967e,207441,3fbace7a7fb35d4f382d9ec1f00aa5b6adc613ee794507a25c33dfb902d3e3fc,classreg.learning.classif.CompactClassificationNeuralNetwork,GPU / fitcnet,8,1
MLP,18,15,mlp/feature_18/mlp_feature_18_fold_15_compact_model.mat,dcaa57a3083d15fb96cc03a46cff58d7275f0dece1e52eaafcd9cf66a787af8c,207458,7472935768ad2c6f7e9059261b571aee09d83ca3c8a97100d2b02f7426eac770,classreg.learning.classif.CompactClassificationNeuralNetwork,GPU / fitcnet,8,1
MLP,18,16,mlp/feature_18/mlp_feature_18_fold_16_compact_model.mat,2b99ea6f63fe5f5f3c9b8b317de0accf99bccaa1158451df5cedb168c9520d6e,207433,b262d9d4395f2e469307ecfd782383ee5ed90288d9c565846b3cfe1059c3f5c5,classreg.learning.classif.CompactClassificationNeuralNetwork,GPU / fitcnet,8,1
MLP,18,17,mlp/feature_18/mlp_feature_18_fold_17_compact_model.mat,596762aac5ec8926eb751b69af700d9e4d3433c8b335c01060c4761438ada971,207472,96891f77e133275b3d71a511ae542489b87c30e749b53b3ecb1889f83428c70e,classreg.learning.classif.CompactClassificationNeuralNetwork,GPU / fitcnet,8,1
MLP,18,18,mlp/feature_18/mlp_feature_18_fold_18_compact_model.mat,4af30dfde94acec5fe670c4d768f75d5f14df942b652cb2adb06f5593aa17f4c,207466,78481bc912b28294bf1d76c6d7eb21aa1607c15bec06c1972eab9d563d431665,classreg.learning.classif.CompactClassificationNeuralNetwork,GPU / fitcnet,8,1
MLP,19,1,mlp/feature_19/mlp_feature_19_fold_01_compact_model.mat,c76e50af39f8c9a46b5a83d0860324c96f763219e95bcf2bf44cf6b80effa62b,207460,28ea3fc48451124af12ecf301c7722f03a3127595f848fbb200741f20f8b3205,classreg.learning.classif.CompactClassificationNeuralNetwork,GPU / fitcnet,8,1
MLP,19,2,mlp/feature_19/mlp_feature_19_fold_02_compact_model.mat,30201cdf7ccd69ffbcd1e2cf248c7c2593d067a358441434f1b381f496181ea9,207468,b4c5f49929ebd8a7d8686c35e236f135d3014dbf318cd95f08b9ddfd78c3ecd6,classreg.learning.classif.CompactClassificationNeuralNetwork,GPU / fitcnet,8,1
MLP,19,3,mlp/feature_19/mlp_feature_19_fold_03_compact_model.mat,5a2a8775cffa34e26754105df807b6c561e865773d30ba0f025efb4cda2b62b2,207467,26d95612a5d032926381e3db061e88f2ec90eeafd9a6eaa90dfff3b402fae63c,classreg.learning.classif.CompactClassificationNeuralNetwork,GPU / fitcnet,8,1
MLP,19,4,mlp/feature_19/mlp_feature_19_fold_04_compact_model.mat,70633cc9ff8fb7e9ef5410ab35e1df477a3803ca9d9058bae7072e59cac3d92d,207474,4b7851c10078d7d26c4ef7dde54aa01d54d7c9ea6bf34e51673c6044a5c9d2ab,classreg.learning.classif.CompactClassificationNeuralNetwork,GPU / fitcnet,8,1
MLP,19,5,mlp/feature_19/mlp_feature_19_fold_05_compact_model.mat,76da1282d55fa2963a6ff637401d633e7899cb3fe17c5979fe7603fd62480b91,207455,7fb1d4922d5a0e01755e9584b670b830f72c79daada4d63833e1235b9769c5f9,classreg.learning.classif.CompactClassificationNeuralNetwork,GPU / fitcnet,8,1
MLP,19,6,mlp/feature_19/mlp_feature_19_fold_06_compact_model.mat,07063488e461bca035c8408d3610f823954115594d1f04b9326863b3e8cfd4b2,207478,eead881a549cac972f9cc127d4bcce7e312d98fb2d77c02668ac5fed9e01f4c2,classreg.learning.classif.CompactClassificationNeuralNetwork,GPU / fitcnet,8,1
MLP,19,7,mlp/feature_19/mlp_feature_19_fold_07_compact_model.mat,dd0089d24bd7c0344301661157eb7b9d7665aca34f9d7acf1089bc2b500a5fc3,207514,c2a5a704fa9296a6a176aa3743066d4b841cbf26b6f5f69f95570cee9932fbac,classreg.learning.classif.CompactClassificationNeuralNetwork,GPU / fitcnet,8,1
MLP,19,8,mlp/feature_19/mlp_feature_19_fold_08_compact_model.mat,8451e1dd4f95d60481b92ac8a2e654e8ac5f85b9a888203fca66b1addc7f6eb7,207455,67cf97eeed51d7b2bbc0d8dab9abb3bfd94b1b209df64ea31bd3c4721cd7a1c0,classreg.learning.classif.CompactClassificationNeuralNetwork,GPU / fitcnet,8,1
MLP,19,9,mlp/feature_19/mlp_feature_19_fold_09_compact_model.mat,569b74f5c40bb98f9b5c1d70d38f8ddb99768d9d40e5d813a780a16e4e8d521c,207449,a08178510a278bfd48e7217d9108cc3a82ba45a55b5b135887f879206bfa5a81,classreg.learning.classif.CompactClassificationNeuralNetwork,GPU / fitcnet,8,1
MLP,19,10,mlp/feature_19/mlp_feature_19_fold_10_compact_model.mat,64590eca8fd8c283fa762c8ff051dcfbabd1936b28d9a95775bb2e09831a3a97,207466,f2feb42ea9acb03620d1fe0685aa1cc53e1efcf8ef1f298c1d99b36bda608f95,classreg.learning.classif.CompactClassificationNeuralNetwork,GPU / fitcnet,8,1
MLP,19,11,mlp/feature_19/mlp_feature_19_fold_11_compact_model.mat,5d0631143ca687ee75fe3600d3563c5a39c8fdb5576e2ad185b5069764b9fb80,207474,562041291bf6e734d0ed3e5eccd70eb0933abd8528decff5c617a2acd637d254,classreg.learning.classif.CompactClassificationNeuralNetwork,GPU / fitcnet,8,1
MLP,19,12,mlp/feature_19/mlp_feature_19_fold_12_compact_model.mat,6c91a7ce200649daec762f7c7facd257ec9e48bc394d58c10323cf364d5aa6eb,207471,d9aa8523a3f232481b56f502e8559577ae4479daa1d8025992b248b41e2369a2,classreg.learning.classif.CompactClassificationNeuralNetwork,GPU / fitcnet,8,1
MLP,19,13,mlp/feature_19/mlp_feature_19_fold_13_compact_model.mat,3940e625b36739ec9ffb3886cf399cec1422ca36362eca9be72f90cb8b29ce82,207457,2172dd6bdbe0b0f1260721db128441a30b8288f12c6ec523c26e2facd0e17656,classreg.learning.classif.CompactClassificationNeuralNetwork,GPU / fitcnet,8,1
MLP,19,14,mlp/feature_19/mlp_feature_19_fold_14_compact_model.mat,45d0a046d7374fc01f47440dfc44af07990924355dcb222465ef297ce7d59caa,207470,275b0dc17a4750ff0c54c1c381d020547f25aa79edd49c058abb7a12da6f38be,classreg.learning.classif.CompactClassificationNeuralNetwork,GPU / fitcnet,8,1
MLP,19,15,mlp/feature_19/mlp_feature_19_fold_15_compact_model.mat,69f911b7689435335c32e0e4468f15db9a74efbc33b1126a51c64abe724caf13,207452,66fb86835b04f6445fc097f8d62ecfe50ed2278aa06f38e0ea707008fecbe75a,classreg.learning.classif.CompactClassificationNeuralNetwork,GPU / fitcnet,8,1
MLP,19,16,mlp/feature_19/mlp_feature_19_fold_16_compact_model.mat,f6dac533af810b51bf2b1d54776c24754de0d6ef61f4a13454cc65d148d0ff92,207473,9b32db216ff6e7686920a8956ce2c9a204a9e1233e932a097f142c784a37bfed,classreg.learning.classif.CompactClassificationNeuralNetwork,GPU / fitcnet,8,1
MLP,19,17,mlp/feature_19/mlp_feature_19_fold_17_compact_model.mat,4c6fb564ecdcb85b0a8f2a2104c5410bf79bcd4e4694a873219f67808f75cf5b,207482,a10f9b0985f36ab3bbab72802a509194223652f145453a107e52825c3f30d863,classreg.learning.classif.CompactClassificationNeuralNetwork,GPU / fitcnet,8,1
MLP,19,18,mlp/feature_19/mlp_feature_19_fold_18_compact_model.mat,2bbc62f2dcfd6dee593bc36279cf16be7b8cf4cbdff65f4c6f7b9c102d0c315c,207461,5daa9438aa58a7427b9f101057e92844e0a450197e111f4ff4f940885853ba3a,classreg.learning.classif.CompactClassificationNeuralNetwork,GPU / fitcnet,8,1
MLP,20,1,mlp/feature_20/mlp_feature_20_fold_01_compact_model.mat,ae542ff9ad7542b62a0ac539ca7a48ead9dc7146ed9189453b4826cc65bed178,207459,d8efbd2e699a4b74dc28515fcd437f45aa75d9477ef99287722ce60ffba82b4b,classreg.learning.classif.CompactClassificationNeuralNetwork,GPU / fitcnet,8,1
MLP,20,2,mlp/feature_20/mlp_feature_20_fold_02_compact_model.mat,0c35ace0fefe1487fd20519330afcceb3702acb635221e900ae1baed791b7742,207452,1347ba6e5394adf0c3f0df5a1df0f090daea132d4016da0782717e59d12e5ca4,classreg.learning.classif.CompactClassificationNeuralNetwork,GPU / fitcnet,8,1
MLP,20,3,mlp/feature_20/mlp_feature_20_fold_03_compact_model.mat,671c4b189f4947af02b89ab3f971e9db5712762b6ace64f9bdd8401b379385f0,207487,b7404bb4a904044791e9c6abeddd4a0dbf379aa673ca7d4a8016ccbca5eb24b9,classreg.learning.classif.CompactClassificationNeuralNetwork,GPU / fitcnet,8,1
MLP,20,4,mlp/feature_20/mlp_feature_20_fold_04_compact_model.mat,6846ee8bc9e6ced1e55771d2f4c3fd594d8cd941b0c4a7d16490f5f4ee9f3f1a,207474,e2c77881ff2e7e71c19cd359ff43b8ecf2b6ba4c51d45318b002bf9a944cdf87,classreg.learning.classif.CompactClassificationNeuralNetwork,GPU / fitcnet,8,1
MLP,20,5,mlp/feature_20/mlp_feature_20_fold_05_compact_model.mat,280569cdf6005768f4527731dfc3c650b96da3c05e42a345b3517ff79d844a8b,207431,1dab5a2e159841a6c9e9080b81ee219b6fa2f24174d40d6cc28e2fe0d9135a9d,classreg.learning.classif.CompactClassificationNeuralNetwork,GPU / fitcnet,8,1
MLP,20,6,mlp/feature_20/mlp_feature_20_fold_06_compact_model.mat,72c79eb9d15bb393468c9ad7df72918f401742d1bde79c91a506495cb093968a,207454,12b21cae0bffe3d2c07987edce019749daa31832852920ef03c928d28196e72d,classreg.learning.classif.CompactClassificationNeuralNetwork,GPU / fitcnet,8,1
MLP,20,7,mlp/feature_20/mlp_feature_20_fold_07_compact_model.mat,feb0e0ede9f4c1ab1656a27a19827a686e0d5fb975858549211aa0b7bb64828b,207431,706f749a32f81f86f9ea97602703de034fd50ce3cab9891ddb535f975c52678f,classreg.learning.classif.CompactClassificationNeuralNetwork,GPU / fitcnet,8,1
MLP,20,8,mlp/feature_20/mlp_feature_20_fold_08_compact_model.mat,6002fddfd6d0fdf0414da0c79a2cecf44a3e18cc0e9cb9a01d14c067c2ea6a71,207439,4f8ec0e4bd44595f6a739f7f0c2d247d8a2463d3f3ed7951c0bbdbaeb4a572d3,classreg.learning.classif.CompactClassificationNeuralNetwork,GPU / fitcnet,8,1
MLP,20,9,mlp/feature_20/mlp_feature_20_fold_09_compact_model.mat,6d61f0c640db1568b5d942ca0ad1718b83016d73916ea474a3b04fb38fd91361,207463,4fca957a6ad533c57d364fee6927fd6c93f5383fc08e980171ef214007369761,classreg.learning.classif.CompactClassificationNeuralNetwork,GPU / fitcnet,8,1
MLP,20,10,mlp/feature_20/mlp_feature_20_fold_10_compact_model.mat,c77b3ac050c937815468824452ec3860f76838c415a9a48be470152f7037979d,207458,592815d1b5d13680da89aedc29c0c7ceb009cf59f23a4462c8a4d76092932695,classreg.learning.classif.CompactClassificationNeuralNetwork,GPU / fitcnet,8,1
MLP,20,11,mlp/feature_20/mlp_feature_20_fold_11_compact_model.mat,86097c15014ed89acaacc005e2382c5a14a9427707d6ca2e749d2a23f5b3f67c,207453,d93a46980de25ef5144894016262f8ce19939fc00be3f215c4465632c7fa45f9,classreg.learning.classif.CompactClassificationNeuralNetwork,GPU / fitcnet,8,1
MLP,20,12,mlp/feature_20/mlp_feature_20_fold_12_compact_model.mat,3abae70a01c6493fb915c5be0cf862bd9c5ba3ce34e2531aa8b2b86ebd24ccee,207479,1b0292c4e797b42d728d18171c480f40bb5728651829dfad6b5279e31d7a2351,classreg.learning.classif.CompactClassificationNeuralNetwork,GPU / fitcnet,8,1
MLP,20,13,mlp/feature_20/mlp_feature_20_fold_13_compact_model.mat,9155fefe72fb8c0454c0c73c6e7edff4cefe6fb19f429d204706a66d71e6ad26,207441,cb43d2e481bae7bff79b4e7638b2c42e1dd45179a055a54b05adbdc012aaca96,classreg.learning.classif.CompactClassificationNeuralNetwork,GPU / fitcnet,8,1
MLP,20,14,mlp/feature_20/mlp_feature_20_fold_14_compact_model.mat,21c359752f7f5bb9e09c2421c26d067f09b302e29599a3611ac0ae872135bb55,207449,8fe96eb3372d61d8861cc797ecb7bdd121fc8b289af757f47f43cb4adb34a93e,classreg.learning.classif.CompactClassificationNeuralNetwork,GPU / fitcnet,8,1
MLP,20,15,mlp/feature_20/mlp_feature_20_fold_15_compact_model.mat,5160bc2aa2f6aaa39188de2ec210f9755f2831f9d56083d6f368e8d69fb6f129,207465,3849fa243a72fa558d271f739f131a7825716cdc0db4a9963b828c4855f94476,classreg.learning.classif.CompactClassificationNeuralNetwork,GPU / fitcnet,8,1
MLP,20,16,mlp/feature_20/mlp_feature_20_fold_16_compact_model.mat,2ef99a211f62f86c6b1f4381eaa8255e87881faf0891c5bd949b68f70fc21867,207478,9c32cb38a1c6d4d11388e4b22365cd389d4b0c4981aa8fc5692ff05d90a65553,classreg.learning.classif.CompactClassificationNeuralNetwork,GPU / fitcnet,8,1
MLP,20,17,mlp/feature_20/mlp_feature_20_fold_17_compact_model.mat,fd6cd762ac148d5217ef2110a2bc3b3ead51d96028708e8a23ac1ee8c80a7bf2,207457,a9ca6e02dfb1f39987c506db4e2fc42d3f8aeae33c0dc2de3037d8e86ee46dec,classreg.learning.classif.CompactClassificationNeuralNetwork,GPU / fitcnet,8,1
MLP,20,18,mlp/feature_20/mlp_feature_20_fold_18_compact_model.mat,7d63c7b31d4e5ead8bd6d5ea00ba16b4bc2ec13adef0674d0195fe64bc59e608,207461,63bb8c3122136007f1c9c4f57f2acafe91265b1322cd5c072dfcf1029e6c7166,classreg.learning.classif.CompactClassificationNeuralNetwork,GPU / fitcnet,8,1
MLP,21,1,mlp/feature_21/mlp_feature_21_fold_01_compact_model.mat,9cfba02c942e0eea66fd7054e905993b9e60b9c2ffaeefc425c91f7d41d1e9b7,207409,1b3b62083208541d3b2c926f4f0e49aff92306604ceb2cb8172fe71ee0fb1bd2,classreg.learning.classif.CompactClassificationNeuralNetwork,GPU / fitcnet,8,1
MLP,21,2,mlp/feature_21/mlp_feature_21_fold_02_compact_model.mat,3024908ac10efd2971789582fddc5bc778fddb659b696e97aa6bc5b5a4d06ca2,207418,32251a58e66425bfa1b916703ff7a601a742b5420b5c371beeb8873d456c79db,classreg.learning.classif.CompactClassificationNeuralNetwork,GPU / fitcnet,8,1
MLP,21,3,mlp/feature_21/mlp_feature_21_fold_03_compact_model.mat,9bda31e0c15c309c7344c525e117e5157b0cf9fe2c0b37f5d21960412796aad1,207415,414728fa4c7ea3846101245cdec5264cbf66971b8ed96237cbd507034d1050f7,classreg.learning.classif.CompactClassificationNeuralNetwork,GPU / fitcnet,8,1
MLP,21,4,mlp/feature_21/mlp_feature_21_fold_04_compact_model.mat,1659d6f06c41965668c85565c7dabc2d08561c3fa87e1a41ab2c1c2309971778,207431,a6176e25e9557f10f762d659388ca5c6197e1309645b987c0640eb6e125eb133,classreg.learning.classif.CompactClassificationNeuralNetwork,GPU / fitcnet,8,1
MLP,21,5,mlp/feature_21/mlp_feature_21_fold_05_compact_model.mat,18d8adf489eb5b0af958bc86f0f3d69ae6925fa98d4ff53e2d60faa30937ce2f,207414,2afea68e8c64343a5689e4534b4b0c26949eace2a443288f22b02ce40d13ea8e,classreg.learning.classif.CompactClassificationNeuralNetwork,GPU / fitcnet,8,1
MLP,21,6,mlp/feature_21/mlp_feature_21_fold_06_compact_model.mat,534914b2fc86a300c1b14755cf5c14e0a13405aae1abf51fbb93d72be709ca7b,207437,b42ac7f78dbc7a8d02a43b9ff2d4e40e01c5d38f18cd08f3b8bc5d32cc017b24,classreg.learning.classif.CompactClassificationNeuralNetwork,GPU / fitcnet,8,1
MLP,21,7,mlp/feature_21/mlp_feature_21_fold_07_compact_model.mat,71e012e33a5efee6e7a2e492c4bc0a8412975b55bc546f7d1b4dd475a7cff7de,207434,b1c10a796d1999863555afaa1d6193a61c312feba014b1579e704f577f8b0559,classreg.learning.classif.CompactClassificationNeuralNetwork,GPU / fitcnet,8,1
MLP,21,8,mlp/feature_21/mlp_feature_21_fold_08_compact_model.mat,0becddf34e342ff7094802eead059b85e2f9e62f6526ea0ff9260ee316e4d590,207425,658c1764e0fa1c1e4fd586c1f0b5ad8d09c05b8b9567d840c2ccaee595e8a29e,classreg.learning.classif.CompactClassificationNeuralNetwork,GPU / fitcnet,8,1
MLP,21,9,mlp/feature_21/mlp_feature_21_fold_09_compact_model.mat,b88c8537668d86ec1ffca0655d4c9525f9644800a482ec86cdfeb2e3f95ea8ee,207463,88cf05e051f758a88778a5c92389f6a6774a791490acd3b8d85ce6aedaf38076,classreg.learning.classif.CompactClassificationNeuralNetwork,GPU / fitcnet,8,1
MLP,21,10,mlp/feature_21/mlp_feature_21_fold_10_compact_model.mat,1863f46c7d8a83c797e1113f09316d9d0d67e02aeaa5f63481670b21d76f3574,207433,694b769d3425af53f031d12ba10b27e2b47d326d8d12c0478e902d9669ccbe15,classreg.learning.classif.CompactClassificationNeuralNetwork,GPU / fitcnet,8,1
MLP,21,11,mlp/feature_21/mlp_feature_21_fold_11_compact_model.mat,e51db015c58e8ce12e9341fe2fb444adc58181cc20e2402bc85bc8fc9914cad5,207429,54603f542e76149badc6b10823d1604a1492463e86d7116fe91577724efdd1e5,classreg.learning.classif.CompactClassificationNeuralNetwork,GPU / fitcnet,8,1
MLP,21,12,mlp/feature_21/mlp_feature_21_fold_12_compact_model.mat,97141e8ce14a5955b3e69d37a250fb07951fd4344c52a03f516197d066b1dd72,207419,2375a85ca0ec24e15266107a56b32dbba744ff465ff76fc84f15a980e5364f9a,classreg.learning.classif.CompactClassificationNeuralNetwork,GPU / fitcnet,8,1
MLP,21,13,mlp/feature_21/mlp_feature_21_fold_13_compact_model.mat,875615e7a9c347fc5e1cf136b3fedade36b26dfcc3800038c75e828f8333a6ef,207455,9403f2f66de1d2a3d2a648d129552d5136d49142e49ec8d9f45535365afe40a8,classreg.learning.classif.CompactClassificationNeuralNetwork,GPU / fitcnet,8,1
MLP,21,14,mlp/feature_21/mlp_feature_21_fold_14_compact_model.mat,ea1af23677531b271ab8e311104d07d72841fc92aa80b588fc85297fcd6d6a92,207444,5f04fcfcf4f2160cde3ad779d2cba5dfb71e469d968816fafb467e75b09f56ed,classreg.learning.classif.CompactClassificationNeuralNetwork,GPU / fitcnet,8,1
MLP,21,15,mlp/feature_21/mlp_feature_21_fold_15_compact_model.mat,bc75afdcbf1a880df74d8d62169fd683a0e45190c275b7279c9fd254b6a96583,207451,c12fd87aa6ef70adc15380b86c91eac167ed1ef465e6de9e349cdeb63fd04881,classreg.learning.classif.CompactClassificationNeuralNetwork,GPU / fitcnet,8,1
MLP,21,16,mlp/feature_21/mlp_feature_21_fold_16_compact_model.mat,72a4bae337b67a3202ef8ac21d7353f746fc61f99f522ec723d0d212e9676192,207427,cb01a04c0285c19138a7293a0337f5f01577b5eae93b2a17ab7cf17fb51448bf,classreg.learning.classif.CompactClassificationNeuralNetwork,GPU / fitcnet,8,1
MLP,21,17,mlp/feature_21/mlp_feature_21_fold_17_compact_model.mat,b07dcdd8623b80f6853152c526c5c7fe16f614822b819f726457ce8a81562182,207417,1697d7305a437080ba21f1223cd1d364d4387426b1b0a84d57838e68be645bec,classreg.learning.classif.CompactClassificationNeuralNetwork,GPU / fitcnet,8,1
MLP,21,18,mlp/feature_21/mlp_feature_21_fold_18_compact_model.mat,5ba799d3b5d76b9d1c15a55e5970c8bbd5a15eae920746ec434483d07950ffd5,207428,327227986b1fbab21d42e51a7f8d96853cb26f6d327f0cadec45279cc7425f9f,classreg.learning.classif.CompactClassificationNeuralNetwork,GPU / fitcnet,8,1
RBF_SVM,1,1,rbf_svm/feature_01/rbf_svm_feature_01_fold_01_compact_model.mat,9ce1316ecdc1ce1310582ff3f535ddb4ef6e41bf6cc253ec157e0b67cb10d29b,7923056,51b03ffbecd89d8965465c0d5b43dfab483666b5d6db3885472c4d93818141ad,classreg.learning.classif.CompactClassificationECOC,CPU parallel / fitcecoc (6 workers),8,1
RBF_SVM,1,2,rbf_svm/feature_01/rbf_svm_feature_01_fold_02_compact_model.mat,56f7d05e8dbe9b9774c0305795cc37bf581e9f2b2420052f725838b66e07fc3b,7954462,5e855b5c623caa22b48f90e8a288c34d422b83843f4236304db7dc55ce626125,classreg.learning.classif.CompactClassificationECOC,CPU parallel / fitcecoc (6 workers),8,1
RBF_SVM,1,3,rbf_svm/feature_01/rbf_svm_feature_01_fold_03_compact_model.mat,580c339caeb3aae65ffd393dd0279d26399b4598fca0a84b4eeff3784b24aabb,8028373,988fe5d63cd5e76cc539b2f306225305f318be30dc0356dcdef4d04874abf66d,classreg.learning.classif.CompactClassificationECOC,CPU parallel / fitcecoc (6 workers),8,1
RBF_SVM,1,4,rbf_svm/feature_01/rbf_svm_feature_01_fold_04_compact_model.mat,cda60cc222039c2a1ea4788ebfe091a03dcf235b7857c8ca186e238c31bb4a71,8008581,a138eb7020f8ffcc0f1ad6ad6f6ba1149ec2e9598aab6149e50edf964b806a09,classreg.learning.classif.CompactClassificationECOC,CPU parallel / fitcecoc (6 workers),8,1
RBF_SVM,1,5,rbf_svm/feature_01/rbf_svm_feature_01_fold_05_compact_model.mat,8e4d5aa5f6cfb479f64a72942abb2f5e8910e872c83985aa905f121207a372eb,7729705,8ffbda75524a91a14a90d921cdb8475d318cf01d97b87947839e12d0f02e60d6,classreg.learning.classif.CompactClassificationECOC,CPU parallel / fitcecoc (6 workers),8,1
RBF_SVM,1,6,rbf_svm/feature_01/rbf_svm_feature_01_fold_06_compact_model.mat,211bede61f7ced2ae59483537c8b794dc31358d41d8a217f4af904528b888037,7827368,da9b6c07ede25019d1efc2547e4040691d023f7ac76332a15b637fda42fdc1db,classreg.learning.classif.CompactClassificationECOC,CPU parallel / fitcecoc (6 workers),8,1
RBF_SVM,1,7,rbf_svm/feature_01/rbf_svm_feature_01_fold_07_compact_model.mat,5502a5ad59c07025874adbfaa48a52bac3952e595ba288882f84bb3974e115ee,7815494,ff850869fe2e6f189e9abfa8a5ee18f1bb01e7d49c91602ecec75944fbb613b4,classreg.learning.classif.CompactClassificationECOC,CPU parallel / fitcecoc (6 workers),8,1
RBF_SVM,1,8,rbf_svm/feature_01/rbf_svm_feature_01_fold_08_compact_model.mat,b24a28be02c80f2237a10b1b6c2fc6fbbc9dab95437b31f019c6fb189fd5aef7,7965354,5224d55d70bafa34e7b00c635a77fdbc077bae4b8c389fb71b78000c020762cc,classreg.learning.classif.CompactClassificationECOC,CPU parallel / fitcecoc (6 workers),8,1
RBF_SVM,1,9,rbf_svm/feature_01/rbf_svm_feature_01_fold_09_compact_model.mat,ac4518141710d426371fdd5054a42335a69bc1f4e7e3211ab200ce5e09be008a,7891352,e9a54a9ae330ec893ef5a6cd1ac09c04812f6e164fc44ce5571f084de29bc603,classreg.learning.classif.CompactClassificationECOC,CPU parallel / fitcecoc (6 workers),8,1
RBF_SVM,1,10,rbf_svm/feature_01/rbf_svm_feature_01_fold_10_compact_model.mat,b8726dbb2f63156f38e7a580cf4377e06142be59a276350637647e3af28a8548,7767212,2f3daf63aa2428c1cfd851b2d24786910abcef9090199963e3d10b35ec781ba8,classreg.learning.classif.CompactClassificationECOC,CPU parallel / fitcecoc (6 workers),8,1
RBF_SVM,1,11,rbf_svm/feature_01/rbf_svm_feature_01_fold_11_compact_model.mat,f7fc67e2a8685d6794f125455ab605805a562165a2ddb46787b4ee30e66a56ab,7650335,0f5a4f037541582c7967da910c247f6ffaa1bcd45c53da68d01fa28f04b3f333,classreg.learning.classif.CompactClassificationECOC,CPU parallel / fitcecoc (6 workers),8,1
RBF_SVM,1,12,rbf_svm/feature_01/rbf_svm_feature_01_fold_12_compact_model.mat,f158059685db13ef42ab9c93c94f1445ff1e3918f7b09abfcd52e16c9364e746,7779735,5a830273755f4204a22bb8ea2df51e0b8d82713098997af1c19c33f5f4e076fb,classreg.learning.classif.CompactClassificationECOC,CPU parallel / fitcecoc (6 workers),8,1
RBF_SVM,1,13,rbf_svm/feature_01/rbf_svm_feature_01_fold_13_compact_model.mat,fcc20b5ee55a42bbe39db1846c2ea4b20f30998e4f06dfb009c52508558c65de,8028243,15c75b6576e09ec20786d6ebf7c3d8434b6affb79a54adf209b1fb7d1aaee4c5,classreg.learning.classif.CompactClassificationECOC,CPU parallel / fitcecoc (6 workers),8,1
RBF_SVM,1,14,rbf_svm/feature_01/rbf_svm_feature_01_fold_14_compact_model.mat,5bddbc3bbda98bb8e09a6b784fa5740b982be20144d9091a4fb621b2be848937,7876417,92e966dea5af4b7381f3bb65f2a989716d6843273c3db5cba80c73f696273e19,classreg.learning.classif.CompactClassificationECOC,CPU parallel / fitcecoc (6 workers),8,1
RBF_SVM,1,15,rbf_svm/feature_01/rbf_svm_feature_01_fold_15_compact_model.mat,3ebb5791b42fd4329f7ec70c4f724e2c77c007c2d5955be4876302009ce093a4,7967764,6c141f032691240312049f2917f376bf95a8a416b6d8a34398bc32ae00ef0ce4,classreg.learning.classif.CompactClassificationECOC,CPU parallel / fitcecoc (6 workers),8,1
RBF_SVM,1,16,rbf_svm/feature_01/rbf_svm_feature_01_fold_16_compact_model.mat,009b051a2bf80da3841c722efbf89a057edf8cbf4263c60a512516e46473aa7a,7728972,fc53c59a459e234f7dc7ba1961f6643cb8fc932e6735c24f7f79a8ed5add2948,classreg.learning.classif.CompactClassificationECOC,CPU parallel / fitcecoc (6 workers),8,1
RBF_SVM,1,17,rbf_svm/feature_01/rbf_svm_feature_01_fold_17_compact_model.mat,f6cd645ef9eaecedab82a7dd27f4fb95eb23720abe9040830d5c2390283fa150,7925265,952c586cdf64e56eb8c3a136b7053600034815992f611072d64476b4d9d81105,classreg.learning.classif.CompactClassificationECOC,CPU parallel / fitcecoc (6 workers),8,1
RBF_SVM,1,18,rbf_svm/feature_01/rbf_svm_feature_01_fold_18_compact_model.mat,9fcbf87cade6c43b2ad89ea8b8d8b60152f715bcac7f0a6f886bb241e2536487,7831433,c9758517b80577dca97d96e091e29155614feaf78aa88e85ed18d85d0d1ac14a,classreg.learning.classif.CompactClassificationECOC,CPU parallel / fitcecoc (6 workers),8,1
RBF_SVM,2,1,rbf_svm/feature_02/rbf_svm_feature_02_fold_01_compact_model.mat,778677c85b0768a75dd695733e73f934dce83b7abd88fa4162e88b46e7aa0ccb,31789872,6ed2fe802e3bb1defda011495b6368a4d4721132b88d1bd4296d7532194769ac,classreg.learning.classif.CompactClassificationECOC,CPU parallel / fitcecoc (6 workers),8,1
RBF_SVM,2,2,rbf_svm/feature_02/rbf_svm_feature_02_fold_02_compact_model.mat,49ac3cfc5cd81b8cd997d5531c6e32649be2ad2301865fa6bf23cd12d7b6cdad,31452751,183387e63d03833cef8f49668cde99f1c18bbf71d40fcbac0083fc711f31c9df,classreg.learning.classif.CompactClassificationECOC,CPU parallel / fitcecoc (6 workers),8,1
RBF_SVM,2,3,rbf_svm/feature_02/rbf_svm_feature_02_fold_03_compact_model.mat,f244dbccdbf0660fa73d4c4a57255865a76bcecec4bcc36a9e875817781ef004,32630850,23e3be9bc3731e6e04cba5d324c87ffd102fb2e416c50f90966a9406c545a510,classreg.learning.classif.CompactClassificationECOC,CPU parallel / fitcecoc (6 workers),8,1
RBF_SVM,2,4,rbf_svm/feature_02/rbf_svm_feature_02_fold_04_compact_model.mat,a7999dcfe722750fc2dc0338af364db4a6c0851f3699a0b3840c32315ce06fdf,32420894,67aebb7fc0b824f7cd10bfac04653db7290e931fe11b70fb84a086cf864ba9af,classreg.learning.classif.CompactClassificationECOC,CPU parallel / fitcecoc (6 workers),8,1
RBF_SVM,2,5,rbf_svm/feature_02/rbf_svm_feature_02_fold_05_compact_model.mat,059e9f9e9f7f88d31c96d9e57934f41e9ed002012593e49dd726818d849b293b,30706587,3b2699f35a18ad6dfce69dfe4b904499ad44b2d9dc08a1080ddd40c9921d458a,classreg.learning.classif.CompactClassificationECOC,CPU parallel / fitcecoc (6 workers),8,1
RBF_SVM,2,6,rbf_svm/feature_02/rbf_svm_feature_02_fold_06_compact_model.mat,52b6439b170b00579565608c03cd4a488d3dfd0f45fd65da2450773a1bfc2401,32035456,678940932224ff6d3fa572262dc1e7e8f4482074416a614bffbdd1cafbda37d5,classreg.learning.classif.CompactClassificationECOC,CPU parallel / fitcecoc (6 workers),8,1
RBF_SVM,2,7,rbf_svm/feature_02/rbf_svm_feature_02_fold_07_compact_model.mat,da4f1c7ee9451ea7b868464f7336f169b3169ac59dcda51b285855df8526741b,31455248,9fefae897dcff41778995a6ad59d0864568371a66539a447c43b8ce3515bb9d7,classreg.learning.classif.CompactClassificationECOC,CPU parallel / fitcecoc (6 workers),8,1
RBF_SVM,2,8,rbf_svm/feature_02/rbf_svm_feature_02_fold_08_compact_model.mat,0a8ca57fe0d03cdd64686749ce0d458ce8f0e7f4cd4b5052db66215f7e733157,32772751,f3bc5de68acbc1a4fd6ca3dcc378ee574f3914729fe0d82eda3df97f4e33301c,classreg.learning.classif.CompactClassificationECOC,CPU parallel / fitcecoc (6 workers),8,1
RBF_SVM,2,9,rbf_svm/feature_02/rbf_svm_feature_02_fold_09_compact_model.mat,3dd764112e47d92570167e16271a5aeba0817cf80282d59b6a97353449cf687e,32645781,45465692225f785eeb98a3b8e36b9402fd9827348d1f09449b902e11f98e0d0a,classreg.learning.classif.CompactClassificationECOC,CPU parallel / fitcecoc (6 workers),8,1
RBF_SVM,2,10,rbf_svm/feature_02/rbf_svm_feature_02_fold_10_compact_model.mat,48780eb7701d735b2f2761a07e428833b9fd5917e52eaf22ba1797f55a580280,30284488,890a68305b4467dcde1951e94ea590aac994c65652344416d1547206be7bd812,classreg.learning.classif.CompactClassificationECOC,CPU parallel / fitcecoc (6 workers),8,1
RBF_SVM,2,11,rbf_svm/feature_02/rbf_svm_feature_02_fold_11_compact_model.mat,c98e7c8985eb455b24f1840e79b9d52ed6099f94e17fd4321a6542155bbdabc7,31846301,3552c1a1a6c3ad93a00334b47f550bdfa9ea4e7b01a6f3b605f1eac563e4799c,classreg.learning.classif.CompactClassificationECOC,CPU parallel / fitcecoc (6 workers),8,1
RBF_SVM,2,12,rbf_svm/feature_02/rbf_svm_feature_02_fold_12_compact_model.mat,c8a856ce042181c39aed314fe2fb231957b9c6ea01c2aead3d779b27d499494d,31505027,3900cb2342710436f16e9764537bf27cadf2ff7c7b21904099a3a4e7f1b48a88,classreg.learning.classif.CompactClassificationECOC,CPU parallel / fitcecoc (6 workers),8,1
RBF_SVM,2,13,rbf_svm/feature_02/rbf_svm_feature_02_fold_13_compact_model.mat,50fd96ed276739f8b38b9ad44e0ae2435d57725709ae0980ce2430fe3ee7f8e0,31038182,e9f7a641204a4cb441ef4f9ce59b35e776f5dd4f250f9539de5347b88e13782c,classreg.learning.classif.CompactClassificationECOC,CPU parallel / fitcecoc (6 workers),8,1
RBF_SVM,2,14,rbf_svm/feature_02/rbf_svm_feature_02_fold_14_compact_model.mat,4cc502d781473306f2fffd595cf3a696f330a27c327780c701014fe394970479,32053896,d4e9cc5b1bc229352b904c74f5ec68b78b79e4aba2fd4e990242734b70d9f025,classreg.learning.classif.CompactClassificationECOC,CPU parallel / fitcecoc (6 workers),8,1
RBF_SVM,2,15,rbf_svm/feature_02/rbf_svm_feature_02_fold_15_compact_model.mat,bb0fa7615dcec18f119d9250ecb545fb484c5e1bc17fe3bdf2ef911ba438608b,32698604,cee78d779fd59ce608f3d25ebc9705abd74ba2c67e7f37f4708eb0e1c368ed83,classreg.learning.classif.CompactClassificationECOC,CPU parallel / fitcecoc (6 workers),8,1
RBF_SVM,2,16,rbf_svm/feature_02/rbf_svm_feature_02_fold_16_compact_model.mat,cbc38f8164a68570e32dfc8c89462de86a7eaf45f26ded3a3974b82ddb5d695c,31026661,e8e6cc9ec53e5f30667cb002fe24fe6a05203db61d6ad05efb9c0cda40fc59bb,classreg.learning.classif.CompactClassificationECOC,CPU parallel / fitcecoc (6 workers),8,1
RBF_SVM,2,17,rbf_svm/feature_02/rbf_svm_feature_02_fold_17_compact_model.mat,ac8489ecb75481b99c7a5d1382a3a421f0641b41ac565e90759d22c7b179389f,31630353,fb0eaa95a00a1dec148de87a31b5e6996c2013dab3c98700ac1f5d256a03838b,classreg.learning.classif.CompactClassificationECOC,CPU parallel / fitcecoc (6 workers),8,1
RBF_SVM,2,18,rbf_svm/feature_02/rbf_svm_feature_02_fold_18_compact_model.mat,0485cb1e77b40e70dabde53ac222d864e472e9f1c30a1f6f4713f6a40a98f782,32415463,e1fdcf9c73d77d9314cb5fdf1f04a668f36b18fa42bc2516c5e0fd64767fe93b,classreg.learning.classif.CompactClassificationECOC,CPU parallel / fitcecoc (6 workers),8,1
RBF_SVM,3,1,rbf_svm/feature_03/rbf_svm_feature_03_fold_01_compact_model.mat,bc9d1c072bdbd4cb0a60c7f151f13c7f911ddfdc343f0f5f454c9b47d1a26389,9417158,c047b8a6a30d1fd79f25d7e61041448e6886b8080257e593e130897ea482cb07,classreg.learning.classif.CompactClassificationECOC,CPU parallel / fitcecoc (6 workers),8,1
RBF_SVM,3,2,rbf_svm/feature_03/rbf_svm_feature_03_fold_02_compact_model.mat,b63c0efe5df9dc621b06860339d0e0cfbe4cb0204a527aeeeb7b3c43460fa4c4,9476947,d2cd19b688a3429ca2511682ed34f978e05472f28ac3bd3f3098b067a268be42,classreg.learning.classif.CompactClassificationECOC,CPU parallel / fitcecoc (6 workers),8,1
RBF_SVM,3,3,rbf_svm/feature_03/rbf_svm_feature_03_fold_03_compact_model.mat,99a41d492b3fd0571f61ea3e747991a06a3101557d36a0f8684008f8ed6748cd,9669929,26b478903b966317057571c4aa2873e3b8866881d9e581901755779e89e20c30,classreg.learning.classif.CompactClassificationECOC,CPU parallel / fitcecoc (6 workers),8,1
RBF_SVM,3,4,rbf_svm/feature_03/rbf_svm_feature_03_fold_04_compact_model.mat,d2a51637b292bc844ae459bff2353d5d24884f323e99304d85b5e61acee99dea,9496909,0f8a1f426b9e12b0e376fc116007880e2a4e5a9b640e2f2838b0b51be23d8f6e,classreg.learning.classif.CompactClassificationECOC,CPU parallel / fitcecoc (6 workers),8,1
RBF_SVM,3,5,rbf_svm/feature_03/rbf_svm_feature_03_fold_05_compact_model.mat,a8a2e70f0024451e1a8d43abf0dfd8f186c2266d271f8c343016a1084fce6265,9319950,b3f2fafe6bed07d6b4d3b7a167b10acc8ff509b518b56ec4c966c9d9fc24fb5d,classreg.learning.classif.CompactClassificationECOC,CPU parallel / fitcecoc (6 workers),8,1
RBF_SVM,3,6,rbf_svm/feature_03/rbf_svm_feature_03_fold_06_compact_model.mat,9bf246f408837d337edbd7f5ecf0bac73d676e703af85aa50ceea7dd1a74e13d,9532281,40aa6c390b4a61c1ea442fceef5d6908c26a2513db9ccad5db4c1ec49d5073c5,classreg.learning.classif.CompactClassificationECOC,CPU parallel / fitcecoc (6 workers),8,1
RBF_SVM,3,7,rbf_svm/feature_03/rbf_svm_feature_03_fold_07_compact_model.mat,28d1e68c2e58dcde879723511325598970fbf50a3150c0b040732fb32ae63914,9406858,1ac7931a4d1cb41c3adfcd7b4f5073c85c42d2c19047c0e89697bec3b4544c59,classreg.learning.classif.CompactClassificationECOC,CPU parallel / fitcecoc (6 workers),8,1
RBF_SVM,3,8,rbf_svm/feature_03/rbf_svm_feature_03_fold_08_compact_model.mat,3d056f8e95f1bf3bbde43767f0d6d4fee6ee0fbc1a8cacb2d51eba5337f0e404,9391046,93bcba43634d50187d5cb488b95383c29f4bdc586c08585328f45d2b593f77f8,classreg.learning.classif.CompactClassificationECOC,CPU parallel / fitcecoc (6 workers),8,1
RBF_SVM,3,9,rbf_svm/feature_03/rbf_svm_feature_03_fold_09_compact_model.mat,41fc1616c291c27096a1c34b59255d93d9ae9e1cb54a7406ac9d731bdd5fa8b6,9208206,2a44f6d9a0772e7ade6b788588e7bc6a307b2af639ae448bf086c22881f6c7f2,classreg.learning.classif.CompactClassificationECOC,CPU parallel / fitcecoc (6 workers),8,1
RBF_SVM,3,10,rbf_svm/feature_03/rbf_svm_feature_03_fold_10_compact_model.mat,b4c6b49644032bcd573fdeac2064173d74e4ab7b26aec2f440740b190a5efa4d,9323761,644e0fec7c62870916616745fdf1654f96a1b5f667588453c55322a4883e8885,classreg.learning.classif.CompactClassificationECOC,CPU parallel / fitcecoc (6 workers),8,1
RBF_SVM,3,11,rbf_svm/feature_03/rbf_svm_feature_03_fold_11_compact_model.mat,6287f4fb6e4e0dd4c33f897f0b7ee80db15fd53c79c20d117cd2cdbfd138b969,9333688,13c07b1df3e7d911c02d6c6b69c9c4512614940013a1d964589e8cd1706858bc,classreg.learning.classif.CompactClassificationECOC,CPU parallel / fitcecoc (6 workers),8,1
RBF_SVM,3,12,rbf_svm/feature_03/rbf_svm_feature_03_fold_12_compact_model.mat,3a2901c8f14b09bd6999fc62cb78f7cedac601410e5b6992b21b03009635f86b,9297017,bf096cd75959d21a4f6e5abcce289aa39ea551e48b7eb67bb73da5862633ed48,classreg.learning.classif.CompactClassificationECOC,CPU parallel / fitcecoc (6 workers),8,1
RBF_SVM,3,13,rbf_svm/feature_03/rbf_svm_feature_03_fold_13_compact_model.mat,e4d6e62c9885128b73768c62d09bf755bcff20a36bf607b87413e3b6c976a20b,9540173,b4aebbc9f513a25e9cc2bacb9da7683e37453a855b3874873a2da9316f78a8c1,classreg.learning.classif.CompactClassificationECOC,CPU parallel / fitcecoc (6 workers),8,1
RBF_SVM,3,14,rbf_svm/feature_03/rbf_svm_feature_03_fold_14_compact_model.mat,aa7240ca70df61587ea48951537984aa64871569fae3960cc37546776b5dd639,9449840,ad736a162038a0fd9a6142909911b29da795b8216728c28fd6fd0f00e1317169,classreg.learning.classif.CompactClassificationECOC,CPU parallel / fitcecoc (6 workers),8,1
RBF_SVM,3,15,rbf_svm/feature_03/rbf_svm_feature_03_fold_15_compact_model.mat,5b585da3cc2a80915bf82f5c519985cfbf0164ee8d965f7a6580d3c8b0332677,9467004,7da704b82342a559fed1980ab2cede9eedae9cb8a1bb00558be29cdecf3b490b,classreg.learning.classif.CompactClassificationECOC,CPU parallel / fitcecoc (6 workers),8,1
RBF_SVM,3,16,rbf_svm/feature_03/rbf_svm_feature_03_fold_16_compact_model.mat,654ab9737ab88ba483a1dbc7b9919a8ca8c20485b924db866510125597f93a63,9453180,572ae86d0131d437e424f975e0bf5a6192a077e524f4ede8c1f900c91478bd3c,classreg.learning.classif.CompactClassificationECOC,CPU parallel / fitcecoc (6 workers),8,1
RBF_SVM,3,17,rbf_svm/feature_03/rbf_svm_feature_03_fold_17_compact_model.mat,18cac26c0e6a0b47d83194e3336253ef210d8a35c45ad552b1bb8a72ed15f590,9635646,280be3f1a66b01d50adbb7e345c0cad0adde7c618b32f9f015222abdad84dbc9,classreg.learning.classif.CompactClassificationECOC,CPU parallel / fitcecoc (6 workers),8,1
RBF_SVM,3,18,rbf_svm/feature_03/rbf_svm_feature_03_fold_18_compact_model.mat,e04d92fd00e41fe84978f0b0c21154fcb92c7c83fdf81fa675b318ed1ccb61bb,9382605,701d37fed281853487ed8753e01df2eac2c8db3b151137efbbbf9af41d85de8d,classreg.learning.classif.CompactClassificationECOC,CPU parallel / fitcecoc (6 workers),8,1
RBF_SVM,4,1,rbf_svm/feature_04/rbf_svm_feature_04_fold_01_compact_model.mat,da99f856305417c616e477daa46c6571988b267f1c80f7b3a2efa45a4e1f01a8,58024280,f80c1cb0a01e06ea76361d0cf7fb6652a4efbaced571e996b8e6cfc4531f7bb0,classreg.learning.classif.CompactClassificationECOC,CPU parallel / fitcecoc (6 workers),8,1
RBF_SVM,4,2,rbf_svm/feature_04/rbf_svm_feature_04_fold_02_compact_model.mat,f9bfccf53f52e98e7a281c2c0952d88076ecf13de84fa7197af5f1f66c23855d,59275943,f6da9455ea38218c495e504f09873d781b0af79184f46002d7c204a2aca30f00,classreg.learning.classif.CompactClassificationECOC,CPU parallel / fitcecoc (6 workers),8,1
RBF_SVM,4,3,rbf_svm/feature_04/rbf_svm_feature_04_fold_03_compact_model.mat,d8f07e8b325281f5d5ac62dbceb50a9225cdd21a16e52dafc957c1e9f8ba9249,55508880,503c397047086f1dcb4308b7cae89e8afa88ebd4f9798c2d74132ffcf6dced60,classreg.learning.classif.CompactClassificationECOC,CPU parallel / fitcecoc (6 workers),8,1
RBF_SVM,4,4,rbf_svm/feature_04/rbf_svm_feature_04_fold_04_compact_model.mat,d0538f94e4b1a5ad1cc05c6da06a506b506c8a9d90a1737c4f1aab20c3170194,55983339,8ead6fb8795b4314d13efca923024b2e478064fd749ed9eece3a52aaaed250cb,classreg.learning.classif.CompactClassificationECOC,CPU parallel / fitcecoc (6 workers),8,1
RBF_SVM,4,5,rbf_svm/feature_04/rbf_svm_feature_04_fold_05_compact_model.mat,fe15e0329a8fc778d9a80388a79cbeca0cd7c0e38159447004d994fb846824fe,57546971,a20e36c38284efadd9a13ab2c3e404bd8d8ec5fce0ef8cdc8bb4d3c1c9826946,classreg.learning.classif.CompactClassificationECOC,CPU parallel / fitcecoc (6 workers),8,1
RBF_SVM,4,6,rbf_svm/feature_04/rbf_svm_feature_04_fold_06_compact_model.mat,d664949fe2c1c07d61f29fb3712069c5f58d4d219658c1cc5c95f2ae096c106e,55508361,15f52474bb16227436e90c22ffc2fe1c1394748a4699b23f0814e336adec482d,classreg.learning.classif.CompactClassificationECOC,CPU parallel / fitcecoc (6 workers),8,1
RBF_SVM,4,7,rbf_svm/feature_04/rbf_svm_feature_04_fold_07_compact_model.mat,9ab1e5881dc221a93a717827230d7337ceb1235009f5e87587720197d56f7e07,56013850,ea4c42f7f173c08ad847636019c5ffd75d881ad0b7d30d0587ab14f62614c479,classreg.learning.classif.CompactClassificationECOC,CPU parallel / fitcecoc (6 workers),8,1
RBF_SVM,4,8,rbf_svm/feature_04/rbf_svm_feature_04_fold_08_compact_model.mat,e470fe20aba2b3f83a30a5a25a8463869cd44421326538307c127565c36c65d1,55858397,7d5671adc518de7a2992423850451e8a19f30d34dce88ee300bbd97099d73c87,classreg.learning.classif.CompactClassificationECOC,CPU parallel / fitcecoc (6 workers),8,1
RBF_SVM,4,9,rbf_svm/feature_04/rbf_svm_feature_04_fold_09_compact_model.mat,f750c02a3c5f2fbbc33f80e9276616fd7e3bb61908fc26c5b48f87f5163a0b80,56228618,d730f5bd62acdebdd74d2a1bde115783289f024010b9315dfb0b5d4e3b10a304,classreg.learning.classif.CompactClassificationECOC,CPU parallel / fitcecoc (6 workers),8,1
RBF_SVM,4,10,rbf_svm/feature_04/rbf_svm_feature_04_fold_10_compact_model.mat,26489cb2d4264fc2c7a3cabe0adb28757bec8ac9ea149124a0497f945c3246f2,56998216,cc7ae61c76dc68f1a057fe10b1e808b427208414200bb8807d3b9265d17de1f1,classreg.learning.classif.CompactClassificationECOC,CPU parallel / fitcecoc (6 workers),8,1
RBF_SVM,4,11,rbf_svm/feature_04/rbf_svm_feature_04_fold_11_compact_model.mat,58ff2f7f1e5ac862353f77bd9a41b6a108360647d01565fa96f3887363c06034,54968974,d1951f83aca7b1ae6a50e6dc8ded8662b465c79cc54fb6a355a9b8de959db2a7,classreg.learning.classif.CompactClassificationECOC,CPU parallel / fitcecoc (6 workers),8,1
RBF_SVM,4,12,rbf_svm/feature_04/rbf_svm_feature_04_fold_12_compact_model.mat,172142fc1b31363971e34c69bd11dac598b3c3aa3e653bf6bb358f717981edaa,59346289,a5aabfe2b45638abe89c623eaa4b9729def9c09c46e5f96f89d45e6f4af132a8,classreg.learning.classif.CompactClassificationECOC,CPU parallel / fitcecoc (6 workers),8,1
RBF_SVM,4,13,rbf_svm/feature_04/rbf_svm_feature_04_fold_13_compact_model.mat,db8ea5e4d1bf7700fd6360c62e473f5e77d589015143b1b30b2f6a6a5e2d6950,59202549,f2ec86ca0f30232834bfae53876ad70a4b489b09b3d8758e5bcd60891e0a4e10,classreg.learning.classif.CompactClassificationECOC,CPU parallel / fitcecoc (6 workers),8,1
RBF_SVM,4,14,rbf_svm/feature_04/rbf_svm_feature_04_fold_14_compact_model.mat,a3797e92d1af550cf85534b75fa4f68ef0c131fce4a54d899fe228f030b2b5b5,56078941,01661262e53d801b521d96e0f33d9a93eed048d9fb4776dee0a6edde8ab94312,classreg.learning.classif.CompactClassificationECOC,CPU parallel / fitcecoc (6 workers),8,1
RBF_SVM,4,15,rbf_svm/feature_04/rbf_svm_feature_04_fold_15_compact_model.mat,378e24175f614d65f79011e048a29239a79b737fcc1e3b8d7dcc9d2e9e770829,55306873,1782e9000d3727203ec20a26f69cebc26915c07a7a5468daeca41412f9479de5,classreg.learning.classif.CompactClassificationECOC,CPU parallel / fitcecoc (6 workers),8,1
RBF_SVM,4,16,rbf_svm/feature_04/rbf_svm_feature_04_fold_16_compact_model.mat,a4500353ab1b2e565dcd5a6d6b8e966be26c61d5b199939ca53bb664e92f0752,57906451,66be99c5d1886209e11accf6425ce89d5495dd8c809918699fcdc500d2050ac8,classreg.learning.classif.CompactClassificationECOC,CPU parallel / fitcecoc (6 workers),8,1
RBF_SVM,4,17,rbf_svm/feature_04/rbf_svm_feature_04_fold_17_compact_model.mat,2451ed8bf832cc1ce680cbf49373608b5a7127617387682cb47d22469a8de799,57624933,bda082e184dd9e1709b325444f23229dfa04fdd7cc01d99b64f68c8d4e638993,classreg.learning.classif.CompactClassificationECOC,CPU parallel / fitcecoc (6 workers),8,1
RBF_SVM,4,18,rbf_svm/feature_04/rbf_svm_feature_04_fold_18_compact_model.mat,8fff192f0092a79a30400cfd720f54daccc85785c99bb6bd41a9e55f85066dd2,55803838,e0af7ac3065acf5b09c0a636978a13834e0cfa3edbdc5a7c2557f92f9ad6f30b,classreg.learning.classif.CompactClassificationECOC,CPU parallel / fitcecoc (6 workers),8,1
RBF_SVM,5,1,rbf_svm/feature_05/rbf_svm_feature_05_fold_01_compact_model.mat,fa98d24fe01835bb1dc71203f144bd4ca9906c32741d10867ecdb60c75b39fb2,49082135,210e3bd8d0c61bc2d63011bef3ec6cb91887f397d1432027f72936123a90721c,classreg.learning.classif.CompactClassificationECOC,CPU parallel / fitcecoc (6 workers),8,1
RBF_SVM,5,2,rbf_svm/feature_05/rbf_svm_feature_05_fold_02_compact_model.mat,cb68ec8522a892880768a4fe4451b10041a72462a319d849d347f5636c4bc30e,48502834,c035d309ca9eab89fd3f1668a8b390172f1b35138d4792f9252b654e9b635c9b,classreg.learning.classif.CompactClassificationECOC,CPU parallel / fitcecoc (6 workers),8,1
RBF_SVM,5,3,rbf_svm/feature_05/rbf_svm_feature_05_fold_03_compact_model.mat,3ea61eb22ca9cf2d53d63dd6ee6a9df2ca1a4d71bd1ec01ddb7a964d9decb4d4,49614334,39112add5852ddd95ff4f5c8145bd5a358d318a5ee41ab26dc9da6919444ae5b,classreg.learning.classif.CompactClassificationECOC,CPU parallel / fitcecoc (6 workers),8,1
RBF_SVM,5,4,rbf_svm/feature_05/rbf_svm_feature_05_fold_04_compact_model.mat,de100c7ebef7f748bc829c0dab571dd9c3df29f0d7ceb27a9703d4aee3b8f98a,48505996,2e8d4fe57a1eb5cee9086308c3b1ef22389b4d99da2f6db0bb3331cac287f4ce,classreg.learning.classif.CompactClassificationECOC,CPU parallel / fitcecoc (6 workers),8,1
RBF_SVM,5,5,rbf_svm/feature_05/rbf_svm_feature_05_fold_05_compact_model.mat,2299846d8d4cd8be571c1a8677c7e75f92f149f906f6746f5f297065cde6f961,47841601,ac883fc99cc0c17bb19d0a2eee8e3016b9771844a677f900e98aa96c7d9d8957,classreg.learning.classif.CompactClassificationECOC,CPU parallel / fitcecoc (6 workers),8,1
RBF_SVM,5,6,rbf_svm/feature_05/rbf_svm_feature_05_fold_06_compact_model.mat,5d9cbc394fcd5624aaafdf95af9b031712d2f8030db8c5cfd6aecf539fe93c03,49089704,583dcd488237faa6b163e3a232636dd48015ebf1da7c60691b8088049eec39df,classreg.learning.classif.CompactClassificationECOC,CPU parallel / fitcecoc (6 workers),8,1
RBF_SVM,5,7,rbf_svm/feature_05/rbf_svm_feature_05_fold_07_compact_model.mat,aeaa2fb314a09922dc213704573086d1fdd4cb5ddc5bb6d8558802d132a7a43c,49771479,f88c70100922b28d36fc8327d578bff756d7a84dc1d03e7798bb9f84787983ce,classreg.learning.classif.CompactClassificationECOC,CPU parallel / fitcecoc (6 workers),8,1
RBF_SVM,5,8,rbf_svm/feature_05/rbf_svm_feature_05_fold_08_compact_model.mat,f5a8309d208334ae3f8537372a76b1a89eb473e2a0ab9e39b23678813753c653,48966974,c013e9eb83522264d770afee5087a72daa3aef11704a861a33ea1ade2c650f4c,classreg.learning.classif.CompactClassificationECOC,CPU parallel / fitcecoc (6 workers),8,1
RBF_SVM,5,9,rbf_svm/feature_05/rbf_svm_feature_05_fold_09_compact_model.mat,a3c159740ee32aefe154ac21e003dea562c36747da445b2cf44058d8a71235e5,48958919,4ad78e511df21fdf881eeab4f3e68a773efee4cc21415c1be0e476e91b8ee6c5,classreg.learning.classif.CompactClassificationECOC,CPU parallel / fitcecoc (6 workers),8,1
RBF_SVM,5,10,rbf_svm/feature_05/rbf_svm_feature_05_fold_10_compact_model.mat,720a7cbcb3599741f7a3801194c9589232aa26d12e0c7075fe09226be33666c1,48530294,9b872e2b92f5ea842e796c1f797c6d3635902ea02aa4ebfd786fc15011e0cdec,classreg.learning.classif.CompactClassificationECOC,CPU parallel / fitcecoc (6 workers),8,1
RBF_SVM,5,11,rbf_svm/feature_05/rbf_svm_feature_05_fold_11_compact_model.mat,0f7aa754344818cca34cb9cebc922649d4a47334756cdc7f302a8c186b984f3e,48048733,f14da1110d05aa2e9e51a3bb8e7582cb9aad34d6d37769053a225572fe32368f,classreg.learning.classif.CompactClassificationECOC,CPU parallel / fitcecoc (6 workers),8,1
RBF_SVM,5,12,rbf_svm/feature_05/rbf_svm_feature_05_fold_12_compact_model.mat,9b12d7eb06e01e04f8eacd89e8067ef4e077d264d3746ea0a91124f2e257c053,49621635,b79d6716901a3a5b14807e773c1cbd51668254803018978b6cf921e73fa9656c,classreg.learning.classif.CompactClassificationECOC,CPU parallel / fitcecoc (6 workers),8,1
RBF_SVM,5,13,rbf_svm/feature_05/rbf_svm_feature_05_fold_13_compact_model.mat,6fe665910b483729d2e96a99fad55540eeed795d8015097fc1837a21198e61f7,48664155,f40179a6a06aab6197fb43b2d0a62a2dd70ba6c354f2227dca86d270d885d637,classreg.learning.classif.CompactClassificationECOC,CPU parallel / fitcecoc (6 workers),8,1
RBF_SVM,5,14,rbf_svm/feature_05/rbf_svm_feature_05_fold_14_compact_model.mat,bb38247fbb708b8f97205caf979818955b39f55fda24d00709918cc80c969873,49024730,5cf99de6e5a7bde34fdaf33d11abb731c914669716a13c2e07dfcd1dca203a91,classreg.learning.classif.CompactClassificationECOC,CPU parallel / fitcecoc (6 workers),8,1
RBF_SVM,5,15,rbf_svm/feature_05/rbf_svm_feature_05_fold_15_compact_model.mat,7b22e4429dd1aaa74e937300493107baeb85a40e973f1ec7f2dc335acc7f024d,48813903,c83d6b2fa7e1c4d796536d0b97fdc77034b9c696e9d84599e2713f3518f508b5,classreg.learning.classif.CompactClassificationECOC,CPU parallel / fitcecoc (6 workers),8,1
RBF_SVM,5,16,rbf_svm/feature_05/rbf_svm_feature_05_fold_16_compact_model.mat,1d67b2d20b503582c3a537b47ef063b0ec90a42e3fc3957ee1588efef6882429,48774152,faea43b45d22f833f8e441c1281133646c7ab2d63f0a3745f1bcf1439d91d5bb,classreg.learning.classif.CompactClassificationECOC,CPU parallel / fitcecoc (6 workers),8,1
RBF_SVM,5,17,rbf_svm/feature_05/rbf_svm_feature_05_fold_17_compact_model.mat,30ea96b9a6087641a6c9d9471ade4cd37102d637f5d5aea04a282b60c051923b,49356111,cd6a954bb2a9b5dcded1662945f4e66632b8fbd3a6ca43175be793a5a8afbecc,classreg.learning.classif.CompactClassificationECOC,CPU parallel / fitcecoc (6 workers),8,1
RBF_SVM,5,18,rbf_svm/feature_05/rbf_svm_feature_05_fold_18_compact_model.mat,dd297d6c5bd84cfc6b8afc71ef046e811d82a038fe7049239cec275819492ada,49357663,ed56bcd704781dbea1695e24736b57ee20f3cc41e0aef84b8d505a8dd909b95b,classreg.learning.classif.CompactClassificationECOC,CPU parallel / fitcecoc (6 workers),8,1
RBF_SVM,6,1,rbf_svm/feature_06/rbf_svm_feature_06_fold_01_compact_model.mat,617e9d76c312e2d64aa6efcaa3e6c9e430e427e33bc56c7fd1261324d92e285d,10062153,cc58bf6578c66eea678a61fd7d6669e484f46301354e914f5bdf5c52e613dad4,classreg.learning.classif.CompactClassificationECOC,CPU parallel / fitcecoc (6 workers),8,1
RBF_SVM,6,2,rbf_svm/feature_06/rbf_svm_feature_06_fold_02_compact_model.mat,34f960361ee841763039fa9cdeb3690a75895f835989d4012ef4dfabb0d3936a,10225396,2cac823a01103298d103fee5753124beddb2f482d9c988c896e9c8089f902eed,classreg.learning.classif.CompactClassificationECOC,CPU parallel / fitcecoc (6 workers),8,1
RBF_SVM,6,3,rbf_svm/feature_06/rbf_svm_feature_06_fold_03_compact_model.mat,e8fa683972d6e5613ec79ad41dbfad0aad4f37d52af281d9d2f29b86cf14c8e9,10432536,01aa4f733c9e3af28fba86cca5651251d2b9633557ed8af59e6de4e22183c6a1,classreg.learning.classif.CompactClassificationECOC,CPU parallel / fitcecoc (6 workers),8,1
RBF_SVM,6,4,rbf_svm/feature_06/rbf_svm_feature_06_fold_04_compact_model.mat,c2850561ecb7bad864f4d254529aab37f694df5a353551fc0d3346dafdb067cd,10295361,0ad1b3bf614016533276ae1c4f8ae279670e33fe8a118cf5b40da523208eaaa3,classreg.learning.classif.CompactClassificationECOC,CPU parallel / fitcecoc (6 workers),8,1
RBF_SVM,6,5,rbf_svm/feature_06/rbf_svm_feature_06_fold_05_compact_model.mat,f1d150f1e3a51246e65bfe089cb6c663656fd7bc9ff46e3ba55ea0fb043d58e3,10137246,1ca6ca2f85b192fa82656b1939180026022dd1b36f5cca934ef0a1ce0d70f8a8,classreg.learning.classif.CompactClassificationECOC,CPU parallel / fitcecoc (6 workers),8,1
RBF_SVM,6,6,rbf_svm/feature_06/rbf_svm_feature_06_fold_06_compact_model.mat,2c48dd9ad2507ac690c213d21ee55b7045c9fa67c0d967a9242ce8043557ef7d,10645769,669d78b10f49f649e79621a3a08a9831e7cc434e1c5f16d7f38239a2927f8944,classreg.learning.classif.CompactClassificationECOC,CPU parallel / fitcecoc (6 workers),8,1
RBF_SVM,6,7,rbf_svm/feature_06/rbf_svm_feature_06_fold_07_compact_model.mat,178622a5a89a4cec7c6032948b8fb12a823d80f79153ff35b321bb46342d5044,10255265,faa388a5bff23edacd206756bb54da8845746e36d4256ee228a83c9fe9bf7205,classreg.learning.classif.CompactClassificationECOC,CPU parallel / fitcecoc (6 workers),8,1
RBF_SVM,6,8,rbf_svm/feature_06/rbf_svm_feature_06_fold_08_compact_model.mat,95b1daa0a6ccd3cfa964d11b46f3ad9734b598da5a698ab524cf4a8f7083a1d9,10526401,7ecb6b0402ae59ef397260bd5a885976ca16fcb801cd1650b7ec9ed75268fb1e,classreg.learning.classif.CompactClassificationECOC,CPU parallel / fitcecoc (6 workers),8,1
RBF_SVM,6,9,rbf_svm/feature_06/rbf_svm_feature_06_fold_09_compact_model.mat,849264ce191477a1e7d3777db259f7d31ebe28c5744108bb297c2936bf155f10,10370224,474a3a792f19e4e329d9c651ad6adde526ca3fa7ba6d962bf28e93ea0c1ce926,classreg.learning.classif.CompactClassificationECOC,CPU parallel / fitcecoc (6 workers),8,1
RBF_SVM,6,10,rbf_svm/feature_06/rbf_svm_feature_06_fold_10_compact_model.mat,ea2ca48657b6f8ce9e24bfb5f70eded8e3575b1004006d3cb32b28424f4bdb83,9910189,d3d033e302dfa212e67a06b9b27143e0c9c24646e8e5503f1cd0dc6e0e1824a4,classreg.learning.classif.CompactClassificationECOC,CPU parallel / fitcecoc (6 workers),8,1
RBF_SVM,6,11,rbf_svm/feature_06/rbf_svm_feature_06_fold_11_compact_model.mat,0ac8b80d119d9cc98312caeb58aa629429ee6c019072b3e869fe03c7e7a41d0d,10202464,0476f2419830453ea4140824fc79f8d45091ca54f77a1cfd1b19b18772c549b7,classreg.learning.classif.CompactClassificationECOC,CPU parallel / fitcecoc (6 workers),8,1
RBF_SVM,6,12,rbf_svm/feature_06/rbf_svm_feature_06_fold_12_compact_model.mat,95f1e337f575401f4866f272237a147f15b70f9df0424159929eca6015741d72,9860946,1625796c3ccad6a14d323895accfb21080dd8f68d009e73997ce3658102c050c,classreg.learning.classif.CompactClassificationECOC,CPU parallel / fitcecoc (6 workers),8,1
RBF_SVM,6,13,rbf_svm/feature_06/rbf_svm_feature_06_fold_13_compact_model.mat,15393b3fd814f460650ee96944093d7b9c7d78eaf2e4d782c7aa6c60923fa56a,10321049,75d7de91f2c73cdb172cebbe34a82781549ddedf438dbed8c517407cb611dcd2,classreg.learning.classif.CompactClassificationECOC,CPU parallel / fitcecoc (6 workers),8,1
RBF_SVM,6,14,rbf_svm/feature_06/rbf_svm_feature_06_fold_14_compact_model.mat,13ab7807669090185dd353779f668ee5b170c600334183b0b858ff2e1a029194,10090277,05947905f50c987a44483de4a3a4bf97cbecaccc31b56623df26df6255e8012c,classreg.learning.classif.CompactClassificationECOC,CPU parallel / fitcecoc (6 workers),8,1
RBF_SVM,6,15,rbf_svm/feature_06/rbf_svm_feature_06_fold_15_compact_model.mat,6e5ded8e5f7fab0cdce422d4fd0245c50276551fc34064d5d0017edeebbf1a2e,10400987,f86f38128ad8565d5adffee3190a17f287601bb60d14211e6f4be1169a3d5655,classreg.learning.classif.CompactClassificationECOC,CPU parallel / fitcecoc (6 workers),8,1
RBF_SVM,6,16,rbf_svm/feature_06/rbf_svm_feature_06_fold_16_compact_model.mat,cdba8e54c3fbe23267c1511f387d81b85c233554ddbc38a661e5e783f17b4115,10086890,3dff3acd71083f9bfac751635129c00b1532a0c742176a74a5e28eb6a2212a51,classreg.learning.classif.CompactClassificationECOC,CPU parallel / fitcecoc (6 workers),8,1
RBF_SVM,6,17,rbf_svm/feature_06/rbf_svm_feature_06_fold_17_compact_model.mat,6022b4141d7942a2089d078f1ef39061bf601a622e3d16e9d072c47b75d0a917,10380557,f705becd3cd9b03476bf50922a50f348316fb187fc1f0c69a729d297e0759e86,classreg.learning.classif.CompactClassificationECOC,CPU parallel / fitcecoc (6 workers),8,1
RBF_SVM,6,18,rbf_svm/feature_06/rbf_svm_feature_06_fold_18_compact_model.mat,5487b9b061125d47eca2477e8d66047d0a39964c98cfe29cc7a28e4dc3aec130,10291202,ef19d4a633db83a9e2cee6b6c9084e5121f2f0867b1f494a4c2b0b4c671b0f80,classreg.learning.classif.CompactClassificationECOC,CPU parallel / fitcecoc (6 workers),8,1
RBF_SVM,7,1,rbf_svm/feature_07/rbf_svm_feature_07_fold_01_compact_model.mat,f196e3713ac16441d502ec06d3117f097d357d98f8f4a6f36da46621264f9d29,30820702,3823d288da78a77a3b3b07478c02150d6d78a8bbbb78e514cb56f6f337e862b4,classreg.learning.classif.CompactClassificationECOC,CPU parallel / fitcecoc (6 workers),8,1
RBF_SVM,7,2,rbf_svm/feature_07/rbf_svm_feature_07_fold_02_compact_model.mat,a7c95399e637ac326bfc9e285090a1b85480da6b53e83cb20b4f75eff03cb929,30774610,9f159d3350ef06abdaec1a049126cb76628f39c4609fbea3c6a68b691346b9d6,classreg.learning.classif.CompactClassificationECOC,CPU parallel / fitcecoc (6 workers),8,1
RBF_SVM,7,3,rbf_svm/feature_07/rbf_svm_feature_07_fold_03_compact_model.mat,f0415e41a2d37fcc6018bd15496b2de5c84300e4d42bead9c4790925261f46f1,31803264,c25cebababb5473bf7d54b71247ab28ddfafb6128565bc0eedc7e4406d6e4bb0,classreg.learning.classif.CompactClassificationECOC,CPU parallel / fitcecoc (6 workers),8,1
RBF_SVM,7,4,rbf_svm/feature_07/rbf_svm_feature_07_fold_04_compact_model.mat,5f8be80a99e53f742404075f897a1fe07e0e4c69561b6c09485f00f5b9b00114,31480754,c6a13cef6d7d70b6e4d32cef8b1105ac0090d0f5a928a4e6f88c4fb313ad58ef,classreg.learning.classif.CompactClassificationECOC,CPU parallel / fitcecoc (6 workers),8,1
RBF_SVM,7,5,rbf_svm/feature_07/rbf_svm_feature_07_fold_05_compact_model.mat,bb9bbf1663a92308149712fe98fd3fd2eac7b336672f895017378668c197962d,30181833,9f9b1cd2e1f52da4311c98d08f6d66b01090b0f315082ac147aa85bb9acb5967,classreg.learning.classif.CompactClassificationECOC,CPU parallel / fitcecoc (6 workers),8,1
RBF_SVM,7,6,rbf_svm/feature_07/rbf_svm_feature_07_fold_06_compact_model.mat,c3f82048689adedddd6b95595c22db451210d0ce435c86ebee4b9934b74a41eb,31178372,4733ddf70a7ce494ae5325e0915fb453f46dbb2e30fa3972866f0c953ce9d37f,classreg.learning.classif.CompactClassificationECOC,CPU parallel / fitcecoc (6 workers),8,1
RBF_SVM,7,7,rbf_svm/feature_07/rbf_svm_feature_07_fold_07_compact_model.mat,ec005039bf02a15b10f131ce3979c3837de027869f22acd56f54e93e9812791c,30299095,7fa3b50c7ac6f91b1419e100c833dd8570b66ca4c6953b603ec49935553c0e60,classreg.learning.classif.CompactClassificationECOC,CPU parallel / fitcecoc (6 workers),8,1
RBF_SVM,7,8,rbf_svm/feature_07/rbf_svm_feature_07_fold_08_compact_model.mat,22fe85eaa80474487fd5279d907a00bdb8189141b4664eacb1a473a8381f8c6e,31320705,70ab06fe981af8fb97dad35802f6b540fd857499a517bdd3a7457251922bb800,classreg.learning.classif.CompactClassificationECOC,CPU parallel / fitcecoc (6 workers),8,1
RBF_SVM,7,9,rbf_svm/feature_07/rbf_svm_feature_07_fold_09_compact_model.mat,3ba874619fa49c5d943f45cd0ac8a2ae5c0415c5e904a1902ddad2af5adb7081,31645394,6fc3e34b643b2d75f190e6ac8585a8bd59f139705e8d866bed343ed88b933acc,classreg.learning.classif.CompactClassificationECOC,CPU parallel / fitcecoc (6 workers),8,1
RBF_SVM,7,10,rbf_svm/feature_07/rbf_svm_feature_07_fold_10_compact_model.mat,5e550e256dd318170ce2f42164192f8b7db66176fe6cafc59416e576875f7d55,29587560,d24df5b6f2e3c52c05d2bd5d68ebc8ba6c9ef75b2ed125c3f1037d3b486f56f2,classreg.learning.classif.CompactClassificationECOC,CPU parallel / fitcecoc (6 workers),8,1
RBF_SVM,7,11,rbf_svm/feature_07/rbf_svm_feature_07_fold_11_compact_model.mat,cb77fb81bb6abfc7c796bc572dfeeb14f913493635c0b9aa9352c0a2ab8a9e5f,30882825,419c40a6d710bc80bae0be7fe0f755a5853dce6a80c6a409aca4703525ddaf27,classreg.learning.classif.CompactClassificationECOC,CPU parallel / fitcecoc (6 workers),8,1
RBF_SVM,7,12,rbf_svm/feature_07/rbf_svm_feature_07_fold_12_compact_model.mat,1542cfab21920adde9df26e2e83a78f2138f1d91f6a87a9d98363179e648bbf9,30556582,986bfb11e1e07ee02eb6611a6f1992e73700d3256a5c5012794166eb49da5e4c,classreg.learning.classif.CompactClassificationECOC,CPU parallel / fitcecoc (6 workers),8,1
RBF_SVM,7,13,rbf_svm/feature_07/rbf_svm_feature_07_fold_13_compact_model.mat,9134de2ba8a00be8b6f8f5d6f06fbc4aee4aa81f95ecc253df1dd643c73c44df,30399793,34b9d1f88cdaca4b47d82eb17c2854c0333601beaba41cd5ef961a82512cbd76,classreg.learning.classif.CompactClassificationECOC,CPU parallel / fitcecoc (6 workers),8,1
RBF_SVM,7,14,rbf_svm/feature_07/rbf_svm_feature_07_fold_14_compact_model.mat,10d950a908a8de1cdf7c793cfae25e71cdfe97668c97bd3809164ea84f60a801,30836054,dcca1f38cc7ef5185ab3f6ef865d2641f0acf7e69897e828fd24756a261910cf,classreg.learning.classif.CompactClassificationECOC,CPU parallel / fitcecoc (6 workers),8,1
RBF_SVM,7,15,rbf_svm/feature_07/rbf_svm_feature_07_fold_15_compact_model.mat,4ba76f85bcf33ac3a317b3f510cc69236e0e9f25e8f47f76464ca6ea585a51d5,31768931,acc50dea40fc5a57b684d4ae0cbb6b91a6358e5848d87ea29f5bc965e6891e1a,classreg.learning.classif.CompactClassificationECOC,CPU parallel / fitcecoc (6 workers),8,1
RBF_SVM,7,16,rbf_svm/feature_07/rbf_svm_feature_07_fold_16_compact_model.mat,6d3c9bb00851b3f43c22f5e8e8b813bcfd6c79828fd299482cdd3c341a2f676b,30299895,838220253963f734e8dfc6531dab5288416de7f38ed75d8107899689a8d74bd4,classreg.learning.classif.CompactClassificationECOC,CPU parallel / fitcecoc (6 workers),8,1
RBF_SVM,7,17,rbf_svm/feature_07/rbf_svm_feature_07_fold_17_compact_model.mat,44c3f1183309a30e34ac2b8f9ff7b07fdfba6d22aa93fae8e5cdf89795d79501,30922428,02d405faf33541ea80515a4266e83b65e27756df610fa2be20953cf448cfdc9c,classreg.learning.classif.CompactClassificationECOC,CPU parallel / fitcecoc (6 workers),8,1
RBF_SVM,7,18,rbf_svm/feature_07/rbf_svm_feature_07_fold_18_compact_model.mat,e351021aa860349ee88a1c4be81e81675c2b8ae8ed30e9d92ffe5a8046eb89d2,31310306,a7d1dea2f0b6f0341583f676d012bf105c97a1234cc252c25b95194b650e5b62,classreg.learning.classif.CompactClassificationECOC,CPU parallel / fitcecoc (6 workers),8,1
RBF_SVM,8,1,rbf_svm/feature_08/rbf_svm_feature_08_fold_01_compact_model.mat,e6314a153eeba4d3188cf0a97ca5bae600c85cf80ba95d760a61048339db6254,78903906,6875a1c68265474a1432ebb6b6d4328b637c516aa5bb98472805b30f5490a86b,classreg.learning.classif.CompactClassificationECOC,CPU parallel / fitcecoc (6 workers),8,1
RBF_SVM,8,2,rbf_svm/feature_08/rbf_svm_feature_08_fold_02_compact_model.mat,18dabef58b5540031e49fdf1dea4d17e47f15f8239da6f30f68782be5eb61d57,77864689,037305b620a61d922e8f5fa3810bfd3f5a53aa26120c4638c20bfac8eb2f1668,classreg.learning.classif.CompactClassificationECOC,CPU parallel / fitcecoc (6 workers),8,1
RBF_SVM,8,3,rbf_svm/feature_08/rbf_svm_feature_08_fold_03_compact_model.mat,352a9b018cb0bab7c40753f31b14adee61b33e8d1500d435384db7de14e02043,75691323,d5f157d3834279b6fbc582aa5b982cc77a1f701e0177e47d6a7a69f92eef0f68,classreg.learning.classif.CompactClassificationECOC,CPU parallel / fitcecoc (6 workers),8,1
RBF_SVM,8,4,rbf_svm/feature_08/rbf_svm_feature_08_fold_04_compact_model.mat,057f071f9e4cd8df83088e227bb7fa8fc4ce4985d1ddbed10d10f149c4138bd2,76027824,4ec1ba6acd4841b61c6265b06dbffaeb5d4a887e7a3536125f40569a9313484a,classreg.learning.classif.CompactClassificationECOC,CPU parallel / fitcecoc (6 workers),8,1
RBF_SVM,8,5,rbf_svm/feature_08/rbf_svm_feature_08_fold_05_compact_model.mat,28f12e44b6a39e0a5f3df4b65e0f2f1b363ab52720f1f5c8709443fe3ce443e7,78231385,14192d5b3018d61ecd9085afb036c8776369ea31077e002f7958291503117ea9,classreg.learning.classif.CompactClassificationECOC,CPU parallel / fitcecoc (6 workers),8,1
RBF_SVM,8,6,rbf_svm/feature_08/rbf_svm_feature_08_fold_06_compact_model.mat,d8458ffb4403ad1593b10e3899fe7befcdf7b49511e47b6054ae19399476253a,75769632,69d6852de3762583bfc9d2c6da7752fcc66834fc36b5ece3aa7c4ebc1f738350,classreg.learning.classif.CompactClassificationECOC,CPU parallel / fitcecoc (6 workers),8,1
RBF_SVM,8,7,rbf_svm/feature_08/rbf_svm_feature_08_fold_07_compact_model.mat,adb19686e5df7c83f5eaa0be63bde1060ee5dfd07af8dcf60ef63a1a205db3ec,78174878,57b6a0d731de2430992a04ec6a0f20cda579c98d3a45aba9fbb273e4a83d14cf,classreg.learning.classif.CompactClassificationECOC,CPU parallel / fitcecoc (6 workers),8,1
RBF_SVM,8,8,rbf_svm/feature_08/rbf_svm_feature_08_fold_08_compact_model.mat,fd6cc7fc11d65e3ffea65a89c075c89a3806643eeed63c8e8dc9b3036de2834b,76264824,9905f8bc7aeac0436f0c7cc3af88f0f636428cd92e129126fa67545693e1fb2c,classreg.learning.classif.CompactClassificationECOC,CPU parallel / fitcecoc (6 workers),8,1
RBF_SVM,8,9,rbf_svm/feature_08/rbf_svm_feature_08_fold_09_compact_model.mat,4839b29eeb3ccd109f5ddc00498c289c1d76f0c3cea0efb6bbbc34d9aa2a21be,77561639,01717cca08d5ae0b0f14113b2849b5729ae7ae99f23ee5d0d0434887715a2041,classreg.learning.classif.CompactClassificationECOC,CPU parallel / fitcecoc (6 workers),8,1
RBF_SVM,8,10,rbf_svm/feature_08/rbf_svm_feature_08_fold_10_compact_model.mat,33c079bdb12a113614b23c2e7713f9fb51bf86b8c1e2b1facb31f51259bc749d,78697862,44e45088d39310771da0f9b597d3b4ea9030cdca03089f4c4b171c58b04f677c,classreg.learning.classif.CompactClassificationECOC,CPU parallel / fitcecoc (6 workers),8,1
RBF_SVM,8,11,rbf_svm/feature_08/rbf_svm_feature_08_fold_11_compact_model.mat,a0b020553e63f009c1c58210027b67c59a8f091afa12d423427958e4185a1123,75983513,52a8c4943c212827c3b7b638a886ce2a8b7120cfb8088e3a92f7a78c65f99d3c,classreg.learning.classif.CompactClassificationECOC,CPU parallel / fitcecoc (6 workers),8,1
RBF_SVM,8,12,rbf_svm/feature_08/rbf_svm_feature_08_fold_12_compact_model.mat,76b695903b4aaea1a09cde267f71bf5e19550df3015e7213479b6f9b5404b174,79351458,b89d508a51f138767fcaf7297f9e3e4085ded819f016eb97be33c6f77d592045,classreg.learning.classif.CompactClassificationECOC,CPU parallel / fitcecoc (6 workers),8,1
RBF_SVM,8,13,rbf_svm/feature_08/rbf_svm_feature_08_fold_13_compact_model.mat,d0271c9154d8ef3e54013340b8ef450ac165023b5a6fea8458245f068d1030d3,79073856,e89b04b2ad95b2b56e3e238fd97e54c961be196d348a8b3b2f4496000b9d2ca8,classreg.learning.classif.CompactClassificationECOC,CPU parallel / fitcecoc (6 workers),8,1
RBF_SVM,8,14,rbf_svm/feature_08/rbf_svm_feature_08_fold_14_compact_model.mat,f34c627cbbcfb9bc382792cee5f37b19e475c08a1c6a8fc92ebb9a07145df14e,77988557,dfb8189c00ba95cf37c8e56dead5fcdeec9b8a35fd33243878354fcce7ebe757,classreg.learning.classif.CompactClassificationECOC,CPU parallel / fitcecoc (6 workers),8,1
RBF_SVM,8,15,rbf_svm/feature_08/rbf_svm_feature_08_fold_15_compact_model.mat,9f91270a1142000f999af1829f0c379dc5f7dcf5df77947955be081e9e00de61,75688755,9cf27039a02ed6316e98d1e03979dbb50242261943bb7dffb1820aa8dc93dac8,classreg.learning.classif.CompactClassificationECOC,CPU parallel / fitcecoc (6 workers),8,1
RBF_SVM,8,16,rbf_svm/feature_08/rbf_svm_feature_08_fold_16_compact_model.mat,84859867540b42d6aef278fe0e29506c11724e6494282571d93766f051174af9,78416519,dc8d47f3c56bbedfc513d5d32c9c27f95fbb090597984e7d7d43285166748833,classreg.learning.classif.CompactClassificationECOC,CPU parallel / fitcecoc (6 workers),8,1
RBF_SVM,8,17,rbf_svm/feature_08/rbf_svm_feature_08_fold_17_compact_model.mat,da0e47230b2936fb335bccac8133e3f6bf470e0bade47d6f941c07e5120011c0,78441291,6307a90f91e61b05acfdd8df6d874fc7fd300ec21b59baed8904e50777e76d18,classreg.learning.classif.CompactClassificationECOC,CPU parallel / fitcecoc (6 workers),8,1
RBF_SVM,8,18,rbf_svm/feature_08/rbf_svm_feature_08_fold_18_compact_model.mat,ca77e9dfcb5a206e98aed15caa6fe19b65a91436511dd09de94961cd7bf46cb9,75906229,e325b9a222b9cf078e83d3dd8635232a966b7458c50324d8134fd03405213d5d,classreg.learning.classif.CompactClassificationECOC,CPU parallel / fitcecoc (6 workers),8,1
RBF_SVM,9,1,rbf_svm/feature_09/rbf_svm_feature_09_fold_01_compact_model.mat,86822483748ac8302b571cc76eb3583b346070488ba1b1f66a94c7139521ddf6,13794023,60f2261335edac3956c08323a6a3bdedc7af4ad1bbdc85c8f088999e3fce2178,classreg.learning.classif.CompactClassificationECOC,CPU parallel / fitcecoc (6 workers),8,1
RBF_SVM,9,2,rbf_svm/feature_09/rbf_svm_feature_09_fold_02_compact_model.mat,976a840c99ae83ae0514ba90599fb0debc7bac4a3250882a6068390aa5ccc964,13902998,f7dbe317fda02b924f6b70c8f90eb81806efb864dd53e271db1d66bc264058d6,classreg.learning.classif.CompactClassificationECOC,CPU parallel / fitcecoc (6 workers),8,1
RBF_SVM,9,3,rbf_svm/feature_09/rbf_svm_feature_09_fold_03_compact_model.mat,c3a4d409ee31dc2c8afcaef1239d2e496583dd058fdf45ca8ac00fcc993e6155,13827784,8cfffc8030699dfd12107b10ed261adf9900a121b791766fbf3a116b8a309aa2,classreg.learning.classif.CompactClassificationECOC,CPU parallel / fitcecoc (6 workers),8,1
RBF_SVM,9,4,rbf_svm/feature_09/rbf_svm_feature_09_fold_04_compact_model.mat,8a6584b1dd47d95f346798e08a0c292fd321148b4d81197e47ae01058895fc8c,13903545,806f024adef484f806901107f4ecc3e625416bfe6ad5087c8ce52d5d84d893e4,classreg.learning.classif.CompactClassificationECOC,CPU parallel / fitcecoc (6 workers),8,1
RBF_SVM,9,5,rbf_svm/feature_09/rbf_svm_feature_09_fold_05_compact_model.mat,d79f67b32d56ca78dea6e6f316875d474b47c9d062bbc718d4bf91814f6ce6ce,13708203,4758c3f894bf4dce0a8d96824a5aec91564895389e3ba747ad4e858f3b313377,classreg.learning.classif.CompactClassificationECOC,CPU parallel / fitcecoc (6 workers),8,1
RBF_SVM,9,6,rbf_svm/feature_09/rbf_svm_feature_09_fold_06_compact_model.mat,3eb25ded01925a145c00fc21f04e18ef9afccc373dd70ef88aca3a851cb8d49a,13736188,4a8881f2f824a468bc01f924007b034f7f86ea6451233de9b65b45431c2ce549,classreg.learning.classif.CompactClassificationECOC,CPU parallel / fitcecoc (6 workers),8,1
RBF_SVM,9,7,rbf_svm/feature_09/rbf_svm_feature_09_fold_07_compact_model.mat,f0db1c1d9e468f69805e967d459b8412dc7bd2601e51673596f2a458c1f24c1b,13718865,aad17e312fa72e950d9e1e328c42de77b42db42e3e3471b8fbf841fe9ce602a5,classreg.learning.classif.CompactClassificationECOC,CPU parallel / fitcecoc (6 workers),8,1
RBF_SVM,9,8,rbf_svm/feature_09/rbf_svm_feature_09_fold_08_compact_model.mat,4b6f84a7c2d4570853af29b57135f211a2ac13b91e4af0fb505e6c6ed829574a,13856967,05cb70dd8432b58ebcd059d5fe934c5200dd6fb667041e7a963d6a6950deba6d,classreg.learning.classif.CompactClassificationECOC,CPU parallel / fitcecoc (6 workers),8,1
RBF_SVM,9,9,rbf_svm/feature_09/rbf_svm_feature_09_fold_09_compact_model.mat,27297b3a62cc1c58dd1c07636755a985d1a2325aabafb443868f9c53a0962b7f,13714301,32ebd399fd4cfc1ac933f4d2a37a80f3a685aa7b0a001cb5d9c4572c79a7ea1a,classreg.learning.classif.CompactClassificationECOC,CPU parallel / fitcecoc (6 workers),8,1
RBF_SVM,9,10,rbf_svm/feature_09/rbf_svm_feature_09_fold_10_compact_model.mat,9b9cdaf2161bb8e7ff466644187766ea0ece34028fcf3302dfcc210fdd89d378,13405490,ece031935535dd54b660cb6106ca09973b99047c4562eb5f07bf260c0579e06f,classreg.learning.classif.CompactClassificationECOC,CPU parallel / fitcecoc (6 workers),8,1
RBF_SVM,9,11,rbf_svm/feature_09/rbf_svm_feature_09_fold_11_compact_model.mat,bb6d4d13dfe4ae8517374c6ba3dbfa622d40ef0e12f15f8242845334123a07a5,13515244,5f62b72aa0f69be23cbed866fcaabb5d84a29d29e17e1943da48d64c8aae5b86,classreg.learning.classif.CompactClassificationECOC,CPU parallel / fitcecoc (6 workers),8,1
RBF_SVM,9,12,rbf_svm/feature_09/rbf_svm_feature_09_fold_12_compact_model.mat,ca61c12c3c79599a2aea673675cb9426e8e38b09042921d4eb7fb57c04c65090,13539407,63edc0dd69a73ac7772fc725bfde40d82d8bfd09d156a42f745972d48e9a116a,classreg.learning.classif.CompactClassificationECOC,CPU parallel / fitcecoc (6 workers),8,1
RBF_SVM,9,13,rbf_svm/feature_09/rbf_svm_feature_09_fold_13_compact_model.mat,4c9b6dd9e178f95c11e63fd3b299d5ff62cf2a8d9d082cb293b178ea482fe53a,13903882,25e100deb064f0f81e089dd96a12eb96d377b71d2f487952d2ee8191dd84f18e,classreg.learning.classif.CompactClassificationECOC,CPU parallel / fitcecoc (6 workers),8,1
RBF_SVM,9,14,rbf_svm/feature_09/rbf_svm_feature_09_fold_14_compact_model.mat,1a983c3925df4279d00c5202fbd0cd20e6e297ce315a734d2dc6136773ede742,13801403,b04371718c34bb6eb3883c9f7ddb672cfe3b97c7168c94de46b6704ba4a366cf,classreg.learning.classif.CompactClassificationECOC,CPU parallel / fitcecoc (6 workers),8,1
RBF_SVM,9,15,rbf_svm/feature_09/rbf_svm_feature_09_fold_15_compact_model.mat,a15df788ad6f6538a103e43172e9fb5dea96617eeb2540abc8c3016ce132b0bd,13715746,b4db9212d5567f1fe865b6e8ec4bcca651c96ea459cf94bfbbd12d6f74f0bf2a,classreg.learning.classif.CompactClassificationECOC,CPU parallel / fitcecoc (6 workers),8,1
RBF_SVM,9,16,rbf_svm/feature_09/rbf_svm_feature_09_fold_16_compact_model.mat,9bf2a708ce107f19af7d8de28eda93742b1d13fce2841146ea4b1146b871c65c,13528220,02bd061732c3fdb2a4dfe760ea59e716e6d7825cbbdaa3e69a92021c7387718b,classreg.learning.classif.CompactClassificationECOC,CPU parallel / fitcecoc (6 workers),8,1
RBF_SVM,9,17,rbf_svm/feature_09/rbf_svm_feature_09_fold_17_compact_model.mat,15d6205145b3bba97c2b1d183ec5c829facfa2722a5e85267748282d875b7fee,13911067,353abb40377c63c7e316f1418675d2f2db9a417a0051392d67e10f4de53ff755,classreg.learning.classif.CompactClassificationECOC,CPU parallel / fitcecoc (6 workers),8,1
RBF_SVM,9,18,rbf_svm/feature_09/rbf_svm_feature_09_fold_18_compact_model.mat,adbe98d6bba06e5dff33e0e19e0b3882155cf9168b710ffb850762da9110a154,13795053,bf6cd9528a9cfe8e31f7cf878735b726d38a701980401a8c8525e029c4bc5e72,classreg.learning.classif.CompactClassificationECOC,CPU parallel / fitcecoc (6 workers),8,1
RBF_SVM,10,1,rbf_svm/feature_10/rbf_svm_feature_10_fold_01_compact_model.mat,a197d9219ab0ea4eb6d54695e69c26caebfee9647781c30413472d1dbd41896e,13102637,0c5b773e051a37efbfb8fd992772b0b0b59accce26a1413df675674a72f770ac,classreg.learning.classif.CompactClassificationECOC,CPU parallel / fitcecoc (6 workers),8,1
RBF_SVM,10,2,rbf_svm/feature_10/rbf_svm_feature_10_fold_02_compact_model.mat,6d2c56fe416ac0938f54e398dbd6d60c0ff81b2a4152fe473cbb3cc0c372e83c,13336135,767bca4f6cc11d8a0d115db09b62bdba976729708b7ce59b37b1c8da93052289,classreg.learning.classif.CompactClassificationECOC,CPU parallel / fitcecoc (6 workers),8,1
RBF_SVM,10,3,rbf_svm/feature_10/rbf_svm_feature_10_fold_03_compact_model.mat,3a0ed0b004d241e792bf30cd187834172217e78660a732a84986f78f2ce08964,13345387,b2dc406d02447e911c04b010c21a9e86f81302dab61a7f815865a1dd62e74674,classreg.learning.classif.CompactClassificationECOC,CPU parallel / fitcecoc (6 workers),8,1
RBF_SVM,10,4,rbf_svm/feature_10/rbf_svm_feature_10_fold_04_compact_model.mat,adfab12bfadc2ee54965f553f1a8357d164b60649e80f4060b64af300432dd5b,13239308,98c227dfbd55fcf79c79995037380324955a6e1873377d823cae4c81bd560a65,classreg.learning.classif.CompactClassificationECOC,CPU parallel / fitcecoc (6 workers),8,1
RBF_SVM,10,5,rbf_svm/feature_10/rbf_svm_feature_10_fold_05_compact_model.mat,f232810ae368eefcf2a2bbe4af19505c878008081785eb276fe05a7d10020b4b,12996349,eca3541acf72016ac902551460772449732642e6374d352f9a7bc8d46d36940f,classreg.learning.classif.CompactClassificationECOC,CPU parallel / fitcecoc (6 workers),8,1
RBF_SVM,10,6,rbf_svm/feature_10/rbf_svm_feature_10_fold_06_compact_model.mat,24cd4e293158314ca74476c23aa485159f8dfa5181a5b510b5de35010655c243,13196513,ece83ef0006e1e1281690046decb5cda1d0c354a7639b4fc37e76b72a704002f,classreg.learning.classif.CompactClassificationECOC,CPU parallel / fitcecoc (6 workers),8,1
RBF_SVM,10,7,rbf_svm/feature_10/rbf_svm_feature_10_fold_07_compact_model.mat,4e21ccb198227b0469eeb2849ee9c44931155b21c6e57e0524d5e53b7cbed058,12937182,4195aa132561e927729d1db3f1bc161b84f5d90f9fb8f7f4411ef578aea2f299,classreg.learning.classif.CompactClassificationECOC,CPU parallel / fitcecoc (6 workers),8,1
RBF_SVM,10,8,rbf_svm/feature_10/rbf_svm_feature_10_fold_08_compact_model.mat,3c005de6bc7b778f533b5817e51ce25cf25ab2962c21a79f007aaf361c7d52dc,13337029,08ecb80d423f157ab9caaa6b0b231f5a530ecb5840e98d5a5973be3cd3e0f1e4,classreg.learning.classif.CompactClassificationECOC,CPU parallel / fitcecoc (6 workers),8,1
RBF_SVM,10,9,rbf_svm/feature_10/rbf_svm_feature_10_fold_09_compact_model.mat,4019544a7ae13656860e3b94aa0cae13fa164efef3062cb339437edbeb9d21d2,13181473,9ae0509a056fac7d81c8ff1e2409b5d0898eaae7bc94cef0b48101644bb0013a,classreg.learning.classif.CompactClassificationECOC,CPU parallel / fitcecoc (6 workers),8,1
RBF_SVM,10,10,rbf_svm/feature_10/rbf_svm_feature_10_fold_10_compact_model.mat,6734e85f3a90538a1559f22983183be9b0512b01000e3390709225fdb2fc987d,12787929,0138366a6d41fb46aa8aa6dbc5c3317f02101313c096a16b4f63ced71d9d2dc7,classreg.learning.classif.CompactClassificationECOC,CPU parallel / fitcecoc (6 workers),8,1
RBF_SVM,10,11,rbf_svm/feature_10/rbf_svm_feature_10_fold_11_compact_model.mat,a7c051f672a96eab095b1e4fc3f8ec09b9641ceb1944f8900d2b4d1f45c079ce,12952029,cb55b7251b375f973e83adff5b714998090eee98d668cc007feff9eac28a6a45,classreg.learning.classif.CompactClassificationECOC,CPU parallel / fitcecoc (6 workers),8,1
RBF_SVM,10,12,rbf_svm/feature_10/rbf_svm_feature_10_fold_12_compact_model.mat,002e2a04a0cf596f5a661084ce67abd8291b0acf40d9686641cd773e3b8ebbee,12899074,93dd608f5863f8e737cd43cd8fdcb24a5d8829ba61145a184bdabd6ef70cb9c5,classreg.learning.classif.CompactClassificationECOC,CPU parallel / fitcecoc (6 workers),8,1
RBF_SVM,10,13,rbf_svm/feature_10/rbf_svm_feature_10_fold_13_compact_model.mat,104bfdc63e410b21eaccca9fb5494aeb17a81335d091523bebe0e4a2e01d5f8d,13138237,07015099dfe085fb0b29e2f67773499b49b04e26a417380b44587ec2a192d800,classreg.learning.classif.CompactClassificationECOC,CPU parallel / fitcecoc (6 workers),8,1
RBF_SVM,10,14,rbf_svm/feature_10/rbf_svm_feature_10_fold_14_compact_model.mat,43a194ee248dfb5cc27b8818160528a140d5d94627c7987f15d68d4c92b415ab,13060387,d5aa4f54a07b2c80b8d6e825421ae027f3d41592d9a18640bcbd35ad332efea7,classreg.learning.classif.CompactClassificationECOC,CPU parallel / fitcecoc (6 workers),8,1
RBF_SVM,10,15,rbf_svm/feature_10/rbf_svm_feature_10_fold_15_compact_model.mat,301e5d825f124076c74bf04640542069034ccf48ad7146387ab71c1447e1188f,13171633,a8c8d71f3adfad97b814fdda7ce44c7b42112812b074d61dadfc816f7d41446b,classreg.learning.classif.CompactClassificationECOC,CPU parallel / fitcecoc (6 workers),8,1
RBF_SVM,10,16,rbf_svm/feature_10/rbf_svm_feature_10_fold_16_compact_model.mat,da2d5e9916c944fcfb534e199443ee05b7bd2979775d4ecd09a56d20e8bf14c3,12988007,f7a979db7b877344a80b86d219da5b68501ae20e5559473d7c4988b0849c5a5f,classreg.learning.classif.CompactClassificationECOC,CPU parallel / fitcecoc (6 workers),8,1
RBF_SVM,10,17,rbf_svm/feature_10/rbf_svm_feature_10_fold_17_compact_model.mat,a3866991e9498d5cd31dd80728ef822614e0925696423d1d684423e592112409,13324930,8196efe9f48166a2df26d2b1161496bb807b7c47b91ea3bc48f1e346c45cfc83,classreg.learning.classif.CompactClassificationECOC,CPU parallel / fitcecoc (6 workers),8,1
RBF_SVM,10,18,rbf_svm/feature_10/rbf_svm_feature_10_fold_18_compact_model.mat,47d28aea02fe91e7c9e5bead5aa6172f965b45df99c1acac97ab7427071fcc01,13289721,0f5a53a26376d9e68b92f245412701acf322b7d5ded9044a2098482fadd966cf,classreg.learning.classif.CompactClassificationECOC,CPU parallel / fitcecoc (6 workers),8,1
RBF_SVM,11,1,rbf_svm/feature_11/rbf_svm_feature_11_fold_01_compact_model.mat,418ed5442b4d4e01827fad041fafbb09ef28e3bd31923bc9d1e01b64c5c5502e,11508176,43dbffbc96481e10bbf4451eb245123ec416fa5f9a7a5a9f507bf95dce428ff9,classreg.learning.classif.CompactClassificationECOC,CPU parallel / fitcecoc (6 workers),8,1
RBF_SVM,11,2,rbf_svm/feature_11/rbf_svm_feature_11_fold_02_compact_model.mat,ee8ae69e2c9f94673b55963cf16e20432551595af7b507b0b77f81f7faded084,11644296,560294f39b5701811bddad3d2ecad889acd25ec1f28e2dbb5e1dafbc7ff613a0,classreg.learning.classif.CompactClassificationECOC,CPU parallel / fitcecoc (6 workers),8,1
RBF_SVM,11,3,rbf_svm/feature_11/rbf_svm_feature_11_fold_03_compact_model.mat,8f32be9264bd7f20d452a31688c51b88a14554106846ada12cc6feb437788088,11737816,5213c64fce40b90beaced63f867ee17cde8400e91a87f7841578a35fe5849e2f,classreg.learning.classif.CompactClassificationECOC,CPU parallel / fitcecoc (6 workers),8,1
RBF_SVM,11,4,rbf_svm/feature_11/rbf_svm_feature_11_fold_04_compact_model.mat,132940fd116273edcde0496ddb93e13270b80d719add48b0b17d867d481d7089,11814319,d636c25008d0e746dcb7fcaceee4e539d0160d82ada6401ec63804a06ca86114,classreg.learning.classif.CompactClassificationECOC,CPU parallel / fitcecoc (6 workers),8,1
RBF_SVM,11,5,rbf_svm/feature_11/rbf_svm_feature_11_fold_05_compact_model.mat,8ec93bc1eb6002d4a1cdc95af8fe5d0d24ff4bfcd0f89de28f0cd11f66ad5e47,11425060,929c7fab35a459b2e89a2f5d04c11283fee3ca10b47bee5be0ef63c2e2c3996a,classreg.learning.classif.CompactClassificationECOC,CPU parallel / fitcecoc (6 workers),8,1
RBF_SVM,11,6,rbf_svm/feature_11/rbf_svm_feature_11_fold_06_compact_model.mat,4e8e6d72f6509d027e4b3cb2398d5c36c1459c54d73afe9049d6cf2f6b828793,11638361,1fec9d218070b55301c6b6433d655df185c82f44f59d92e765c2c999a407ef3c,classreg.learning.classif.CompactClassificationECOC,CPU parallel / fitcecoc (6 workers),8,1
RBF_SVM,11,7,rbf_svm/feature_11/rbf_svm_feature_11_fold_07_compact_model.mat,046e634f0c2ec0ff186f00c6c6a9626c01284000b3788e2f85c2ce8427ec26ea,11454534,8ddfcb7cc6a1012577ec5cea5de23e64fed1b43c390148df52dd85c8bc68ba8b,classreg.learning.classif.CompactClassificationECOC,CPU parallel / fitcecoc (6 workers),8,1
RBF_SVM,11,8,rbf_svm/feature_11/rbf_svm_feature_11_fold_08_compact_model.mat,cb2914c8d848e38dcb87021d8983b09d3980d8351dec4adf41930973dc90cca7,11764744,ff76782d9b4c948dc3b53f327fff7840ad04035728fcfbf304622bf5e803284f,classreg.learning.classif.CompactClassificationECOC,CPU parallel / fitcecoc (6 workers),8,1
RBF_SVM,11,9,rbf_svm/feature_11/rbf_svm_feature_11_fold_09_compact_model.mat,1b4153c156c517cdbcc6cfc6e0a99665a79581f42639f8f53190f4c2de1ed5c1,11570951,58016a3a3124bdf76db7972682c81635f5a417d8d33f952dc0b91732a3daeb3b,classreg.learning.classif.CompactClassificationECOC,CPU parallel / fitcecoc (6 workers),8,1
RBF_SVM,11,10,rbf_svm/feature_11/rbf_svm_feature_11_fold_10_compact_model.mat,c7bb528a2dc152b89361418315d88742bb0b420e504879a196311d1151bcd9ba,11358588,d4705b5c08f61173adb33343257406cc0229b764f1949cd5fc9caf795bea13eb,classreg.learning.classif.CompactClassificationECOC,CPU parallel / fitcecoc (6 workers),8,1
RBF_SVM,11,11,rbf_svm/feature_11/rbf_svm_feature_11_fold_11_compact_model.mat,9a625594763e324d7e11d51f74c47ffb02a930503abe9c35727d7fc7920b8f92,11369418,feb365d125661f42b1413daa6ccdfe1055c71440545f4e59b74c6015dcf2e8d1,classreg.learning.classif.CompactClassificationECOC,CPU parallel / fitcecoc (6 workers),8,1
RBF_SVM,11,12,rbf_svm/feature_11/rbf_svm_feature_11_fold_12_compact_model.mat,7b8df075e37c2b8f90bb2dcc65516efd8bb408d0ccd3bca2798a5c8596fa05a2,11447284,6029a235d854e203d38f997757a3078ed29a405836845e693f731e07823cb9d9,classreg.learning.classif.CompactClassificationECOC,CPU parallel / fitcecoc (6 workers),8,1
RBF_SVM,11,13,rbf_svm/feature_11/rbf_svm_feature_11_fold_13_compact_model.mat,c50cb85181456b2e6bc8ff5a34980aefb3d1f5402c4f2fdcf1e63cae483d735a,11696731,cb0e4a3f473ba0eff1ad79a609f0d01d90b430d0cb29c89b181b97e316b42e52,classreg.learning.classif.CompactClassificationECOC,CPU parallel / fitcecoc (6 workers),8,1
RBF_SVM,11,14,rbf_svm/feature_11/rbf_svm_feature_11_fold_14_compact_model.mat,31395a3b9cdd3d3474173a107112a19a39372a933dc77759cfcc68fa000d911d,11636079,449a53e73c5eabdd819cb46dbcefa5816f254565af65a3ae4d6c0d1d721cdf65,classreg.learning.classif.CompactClassificationECOC,CPU parallel / fitcecoc (6 workers),8,1
RBF_SVM,11,15,rbf_svm/feature_11/rbf_svm_feature_11_fold_15_compact_model.mat,9c562edba0712091546bedf91067cae82ec3a90c079b6f577f27d03444a4c01f,11822244,b06a56dc560ad60b1c62c42fd2400dddc93d22ebb9d09c4b3470a1bc4fc5af7f,classreg.learning.classif.CompactClassificationECOC,CPU parallel / fitcecoc (6 workers),8,1
RBF_SVM,11,16,rbf_svm/feature_11/rbf_svm_feature_11_fold_16_compact_model.mat,f483c2a7bd83e5db8e271065b591b8652ea20e98ccebdeda6f08ebaa9ad751f1,11494845,24281e1bbd9bd0f9435a22116591daf15aed520ab3ed682400a60df8a9c1af9d,classreg.learning.classif.CompactClassificationECOC,CPU parallel / fitcecoc (6 workers),8,1
RBF_SVM,11,17,rbf_svm/feature_11/rbf_svm_feature_11_fold_17_compact_model.mat,c7f1154f8d89fd26736e366a8365dcdf4acdee2069efb22abe4898f23d1fc0ca,11776413,84b376882d5469344ea6eccc5c95e89c7c41db9c3715af75c668533fab7ed346,classreg.learning.classif.CompactClassificationECOC,CPU parallel / fitcecoc (6 workers),8,1
RBF_SVM,11,18,rbf_svm/feature_11/rbf_svm_feature_11_fold_18_compact_model.mat,3729b0ef4a2a2fbd3282f89256dc7823b5ff751d9950ce4a7ddde9ce65911572,11629843,b588942245dc0e628d2a9ca8e2613c8c953744846b78191e200980027efc74d8,classreg.learning.classif.CompactClassificationECOC,CPU parallel / fitcecoc (6 workers),8,1
RBF_SVM,12,1,rbf_svm/feature_12/rbf_svm_feature_12_fold_01_compact_model.mat,c36704e23b20604d1c2b431dbfb5f7401855637960483c91d870f9e509e289e3,9319508,ae04a4f1a61ded4601512324f44134cf7525d4ea7bfcf09ba035188f17c09791,classreg.learning.classif.CompactClassificationECOC,CPU parallel / fitcecoc (6 workers),8,1
RBF_SVM,12,2,rbf_svm/feature_12/rbf_svm_feature_12_fold_02_compact_model.mat,29c2176d1a6c17f498c37b6afd73caadf45388b1a4379369b3038ade16075245,9335434,d4005224e1da7d87888cf5f37fd8fde633955aa7c73944e582b4019f80d00405,classreg.learning.classif.CompactClassificationECOC,CPU parallel / fitcecoc (6 workers),8,1
RBF_SVM,12,3,rbf_svm/feature_12/rbf_svm_feature_12_fold_03_compact_model.mat,08512c00909274dc980b78391726d25ffa0f017a03d495f62dda3e0a22a5a173,9465716,3fe1053c93f565958cd579fc0fad848ed3b3610f99eda7e7b606292865227b88,classreg.learning.classif.CompactClassificationECOC,CPU parallel / fitcecoc (6 workers),8,1
RBF_SVM,12,4,rbf_svm/feature_12/rbf_svm_feature_12_fold_04_compact_model.mat,7f2291584e08ad1637b7e114ff65e0280bc0702996b56c08071fd5ead0c0a689,9403898,00aafcb85ce5e733d8f27426727722e9bca7c8d6b2f7f11c0900e4a459b1ce85,classreg.learning.classif.CompactClassificationECOC,CPU parallel / fitcecoc (6 workers),8,1
RBF_SVM,12,5,rbf_svm/feature_12/rbf_svm_feature_12_fold_05_compact_model.mat,83eb53408816d2ad8fc3268536761fc3db84ed5be8f92c7343568ea0a727a6b8,9278311,70143c282725b9dc1ed9746dea36bc5ac4b8d3207d4052b776bde744f9a33771,classreg.learning.classif.CompactClassificationECOC,CPU parallel / fitcecoc (6 workers),8,1
RBF_SVM,12,6,rbf_svm/feature_12/rbf_svm_feature_12_fold_06_compact_model.mat,c5d12c4daeaee99cc0b19d4b921d8c3d7ae65537004ec67b0d6b758191870f27,9340943,91be3dd8c138aa8fb479e4605e14c3b28aaf39adccb4a7eb9580e29728ed417c,classreg.learning.classif.CompactClassificationECOC,CPU parallel / fitcecoc (6 workers),8,1
RBF_SVM,12,7,rbf_svm/feature_12/rbf_svm_feature_12_fold_07_compact_model.mat,7b7ad7bb8d5b22b4127fab8f236ef231711b4a0c59be1c53523f91f06d3605fb,9122795,014ca3dfdf9397585f4685b5feea1fbeeb4f64449f9ab08128635fc08544add2,classreg.learning.classif.CompactClassificationECOC,CPU parallel / fitcecoc (6 workers),8,1
RBF_SVM,12,8,rbf_svm/feature_12/rbf_svm_feature_12_fold_08_compact_model.mat,8263b97a2affe1807de869b42ba87e8dde91895af5b35e676de4a74dcaac6b4c,9356295,0613bf29ce1ca542b55cea67f635cedd59b133b0eca2613f9c1f608c99eff651,classreg.learning.classif.CompactClassificationECOC,CPU parallel / fitcecoc (6 workers),8,1
RBF_SVM,12,9,rbf_svm/feature_12/rbf_svm_feature_12_fold_09_compact_model.mat,1fd73c69ab6ac64766e2c154f3ffbf35cdb1c4f5b58c955d2e5cc71b7fed9407,9045758,c8149c0458698fe0931040260b4046b951e92530c07313e79974b536f1bff28f,classreg.learning.classif.CompactClassificationECOC,CPU parallel / fitcecoc (6 workers),8,1
RBF_SVM,12,10,rbf_svm/feature_12/rbf_svm_feature_12_fold_10_compact_model.mat,4fb35118d28feaba4bb1c626dbaacd240d381d8fc30446d0b4576649d3e7a309,9141962,183874250a1fb5993fbcc090d470ec5ee3e752b46d46cedd3ec90c5d92d671bf,classreg.learning.classif.CompactClassificationECOC,CPU parallel / fitcecoc (6 workers),8,1
RBF_SVM,12,11,rbf_svm/feature_12/rbf_svm_feature_12_fold_11_compact_model.mat,56ba7da42d31b1e643463676ab9d29ca56a2032348e4eb9bb94fc56820ad0bda,9178745,669b51d871b2e47b0b80a8edfc91fa2ded9b436206c0a30351f0b3b1180f0ee6,classreg.learning.classif.CompactClassificationECOC,CPU parallel / fitcecoc (6 workers),8,1
RBF_SVM,12,12,rbf_svm/feature_12/rbf_svm_feature_12_fold_12_compact_model.mat,38b41aecc21bbf08bdc10e655365edbee4a49642346fcb04c3d5607f0efb7193,9218011,1809b310acabdad886abf6bbb7345419245f9908320246ee23980d9b013dd7b9,classreg.learning.classif.CompactClassificationECOC,CPU parallel / fitcecoc (6 workers),8,1
RBF_SVM,12,13,rbf_svm/feature_12/rbf_svm_feature_12_fold_13_compact_model.mat,1296f941c756a6681b8424239aeb77cde7c81684804ed82c6ddde4155290a534,9490293,5cba92f3ab4bb3c6e3dca5ba416819fbe63f1c9f6f957d51141b0f0ffbb9e8a2,classreg.learning.classif.CompactClassificationECOC,CPU parallel / fitcecoc (6 workers),8,1
RBF_SVM,12,14,rbf_svm/feature_12/rbf_svm_feature_12_fold_14_compact_model.mat,5479f612a18e68502925aef341225db8b448692cced511a7094406279ed8d478,9268014,593dd8d39371c2d854549f91752ca0d09a52df8930315ef929fa638a36c342a0,classreg.learning.classif.CompactClassificationECOC,CPU parallel / fitcecoc (6 workers),8,1
RBF_SVM,12,15,rbf_svm/feature_12/rbf_svm_feature_12_fold_15_compact_model.mat,709d76c1ad08f6de2601a634fd6d5fc3583bb0d8212f5fe258503ed589d89dde,9431438,ba62034bf62f7dc4de3b5390dcbc1054aa23f95fb5da7d80c97bafe6d1741157,classreg.learning.classif.CompactClassificationECOC,CPU parallel / fitcecoc (6 workers),8,1
RBF_SVM,12,16,rbf_svm/feature_12/rbf_svm_feature_12_fold_16_compact_model.mat,a0de30ce5b94bdfa2da9b0bf0283cec6d83fa3ee0291c227e4d866323fbab91d,9157137,f0b6528cb33220c046d5dc8f4022f59caf974628b7ff4f5a418ec787fea152d3,classreg.learning.classif.CompactClassificationECOC,CPU parallel / fitcecoc (6 workers),8,1
RBF_SVM,12,17,rbf_svm/feature_12/rbf_svm_feature_12_fold_17_compact_model.mat,b921656782a708c9a56130d49c447955c737a46e0d5893590da9ccde9295fd5e,9456922,b1a66d5edaa2c2966638bda4d4763f9e325b189faa4ff97dc1526c0128b103e9,classreg.learning.classif.CompactClassificationECOC,CPU parallel / fitcecoc (6 workers),8,1
RBF_SVM,12,18,rbf_svm/feature_12/rbf_svm_feature_12_fold_18_compact_model.mat,0f558158fffde0da11a4f6dfc8e340a21bfcb6a4ec0ae379f6d32d21ad7f954e,9373559,61089a8d242339ea2ed34907d1e99bd943f6799e3b099d9210ba3fd06eb1d6f4,classreg.learning.classif.CompactClassificationECOC,CPU parallel / fitcecoc (6 workers),8,1
RBF_SVM,13,1,rbf_svm/feature_13/rbf_svm_feature_13_fold_01_compact_model.mat,b261db44fe768b3f28f7c909ed5a1372666c4897ef9ba6fc24b5ac293dfd9781,11431280,019f7ea9423178dc3c50058c7475693ad58901d8fb6f984a83f70ecbae58b6b6,classreg.learning.classif.CompactClassificationECOC,CPU parallel / fitcecoc (6 workers),8,1
RBF_SVM,13,2,rbf_svm/feature_13/rbf_svm_feature_13_fold_02_compact_model.mat,6948d37bd64b219546fe509eb68719d9c7a206213d84c537c06d403171c439f6,11375312,e7571a476a3e4cf97cd2ea3be39f654bc6e70693c47fd60c1664cc216d019680,classreg.learning.classif.CompactClassificationECOC,CPU parallel / fitcecoc (6 workers),8,1
RBF_SVM,13,3,rbf_svm/feature_13/rbf_svm_feature_13_fold_03_compact_model.mat,07259b9b193a43bfab9d4c078da5c14345a2d11ee4d81b2accab723b177a9212,11421186,b662e57ce1f0beec75a26e6256857a8a684279618db98599ee3bc0362ab97ddc,classreg.learning.classif.CompactClassificationECOC,CPU parallel / fitcecoc (6 workers),8,1
RBF_SVM,13,4,rbf_svm/feature_13/rbf_svm_feature_13_fold_04_compact_model.mat,0926153f4b14aa165cb727303907230e483370dd006a90872ef7cb06a2d966e8,11613907,3d16de25afb8de0a6d684bd930804e2576d674462baae87f110ac35db19fd71b,classreg.learning.classif.CompactClassificationECOC,CPU parallel / fitcecoc (6 workers),8,1
RBF_SVM,13,5,rbf_svm/feature_13/rbf_svm_feature_13_fold_05_compact_model.mat,26f68b66c0c055b692d55ed0949575649ab99be7973414a00c8d82001f4370cb,11375296,e9c1fd7f56de50cb10796a86b7cf106b16899a0f2eb270ce56f3b82f4206f45f,classreg.learning.classif.CompactClassificationECOC,CPU parallel / fitcecoc (6 workers),8,1
RBF_SVM,13,6,rbf_svm/feature_13/rbf_svm_feature_13_fold_06_compact_model.mat,04f267afebba8684b02a6a8cd368162d3ab2df52e0baa10e00af583f26c6ff9d,11482772,c30672de88258318785de46a1c5ecad0c6c12f193f5dee3062366c07140a8557,classreg.learning.classif.CompactClassificationECOC,CPU parallel / fitcecoc (6 workers),8,1
RBF_SVM,13,7,rbf_svm/feature_13/rbf_svm_feature_13_fold_07_compact_model.mat,47fbf9dd2422c9ac03745dd88109b8fd3b9fca0a2f29995ab8cf457ef38d10c4,11246140,ec1adeb5a592f518c26730ec79a2ad7f26a62e00feece6ef04b35933c4846643,classreg.learning.classif.CompactClassificationECOC,CPU parallel / fitcecoc (6 workers),8,1
RBF_SVM,13,8,rbf_svm/feature_13/rbf_svm_feature_13_fold_08_compact_model.mat,d409707e3fe49fdd216bfd772a9a35acfb791a3efbe5bccba20be0e6b2872e9f,11449356,49b2f660e00314665e54f1fa1f91df61f7b8b037ac5893e4f2b6f32b7f6a9dba,classreg.learning.classif.CompactClassificationECOC,CPU parallel / fitcecoc (6 workers),8,1
RBF_SVM,13,9,rbf_svm/feature_13/rbf_svm_feature_13_fold_09_compact_model.mat,4206a9d4bac8a0f9e224b4bd29ec8b00a5e51e9a9b070f8ff9e72fe7cdf0dceb,11451976,b76b78d94bd75c0c4fda5ba825c9fc1a293dfb70d0211b7da45de8de9359e3a7,classreg.learning.classif.CompactClassificationECOC,CPU parallel / fitcecoc (6 workers),8,1
RBF_SVM,13,10,rbf_svm/feature_13/rbf_svm_feature_13_fold_10_compact_model.mat,b79711732068444cfff559da0277cbac5d51d2714a0ab7c7e3646ef040e17423,11274118,b5e1403ae0c0196e772b6ba8fb90cf2a81d0cca1179fb7b8a83e75e088210c1a,classreg.learning.classif.CompactClassificationECOC,CPU parallel / fitcecoc (6 workers),8,1
RBF_SVM,13,11,rbf_svm/feature_13/rbf_svm_feature_13_fold_11_compact_model.mat,503cdaeb356b53fa3e29940fcac4221392bed1a79e78025165080fd19479ddce,11127537,766f233d9a62ef2f6ac171c12619b3246a322fc911205b53646daea950693dd5,classreg.learning.classif.CompactClassificationECOC,CPU parallel / fitcecoc (6 workers),8,1
RBF_SVM,13,12,rbf_svm/feature_13/rbf_svm_feature_13_fold_12_compact_model.mat,e5acd0743aae3b122ad06b37d6f53d51c2b1d2f3cf1e58b056cdc9b4263e6594,11346125,8b4e748083a09c395aa8a3951f4a701f747a2a8a835b9532feba835dd7747428,classreg.learning.classif.CompactClassificationECOC,CPU parallel / fitcecoc (6 workers),8,1
RBF_SVM,13,13,rbf_svm/feature_13/rbf_svm_feature_13_fold_13_compact_model.mat,090afe7e2653148265a49846c56e08c27e85f4e3b832efc1b531555a4312f00e,11684135,99798b8d43270daf8c496db843e233f975bebbeeabffa45b8e41d652ce2a1752,classreg.learning.classif.CompactClassificationECOC,CPU parallel / fitcecoc (6 workers),8,1
RBF_SVM,13,14,rbf_svm/feature_13/rbf_svm_feature_13_fold_14_compact_model.mat,2c41be751521b2a560299fd56f1bdee20c920a2a087f94a0efbabd61387d6797,11615932,c6136fe0709eb7657a5f869c5ecd3df5635eb7cd895cf5836e15d53d0b6298d8,classreg.learning.classif.CompactClassificationECOC,CPU parallel / fitcecoc (6 workers),8,1
RBF_SVM,13,15,rbf_svm/feature_13/rbf_svm_feature_13_fold_15_compact_model.mat,47ad3822e4fe782f598b8cf88844b83795472fb72e58cf7a8161da202fe9bd4b,11674026,75d183b975d43fa79fef4a59bdf3d546f43ab86e41264504759985767d2492a2,classreg.learning.classif.CompactClassificationECOC,CPU parallel / fitcecoc (6 workers),8,1
RBF_SVM,13,16,rbf_svm/feature_13/rbf_svm_feature_13_fold_16_compact_model.mat,5a4e4ba3e4451bf79c90c10e0c522bd5eefb2b4619b9fab250be4f661d17e228,11262967,0ad6504fefba502c9679df929cd994f15642559f4240d1c26ffea3efa506e269,classreg.learning.classif.CompactClassificationECOC,CPU parallel / fitcecoc (6 workers),8,1
RBF_SVM,13,17,rbf_svm/feature_13/rbf_svm_feature_13_fold_17_compact_model.mat,934f57b0519b313074f3c425424876ebe77951ac102bea6700b8b4a0bb7e59e3,11493742,63811272f22e3c5fec42ca3d593a55a96eb044c611bc4a7f523cdfe89a4a2994,classreg.learning.classif.CompactClassificationECOC,CPU parallel / fitcecoc (6 workers),8,1
RBF_SVM,13,18,rbf_svm/feature_13/rbf_svm_feature_13_fold_18_compact_model.mat,5066daf649d97a01157123937eeac977e7fcfce8b7214a4cda7cd0bbfa9449be,11576852,12dec70cf5a744340ac01e456e0d16b65d033f77c168b7dbed841515a8ffc501,classreg.learning.classif.CompactClassificationECOC,CPU parallel / fitcecoc (6 workers),8,1
RBF_SVM,14,1,rbf_svm/feature_14/rbf_svm_feature_14_fold_01_compact_model.mat,5666fbb555261e66bbcec328bda9ae4808901726e8d14c486ddcbd8729a8310f,8863552,c696ee49039b6ca2bbf7bf811a163fe03aceed31f729c6ace385c954ba8d1517,classreg.learning.classif.CompactClassificationECOC,CPU parallel / fitcecoc (6 workers),8,1
RBF_SVM,14,2,rbf_svm/feature_14/rbf_svm_feature_14_fold_02_compact_model.mat,2bff842ed8eec9a38cfc2684d38ac6a3a2d79df2c598010a5a675f5756f19f9f,9083142,c2aa48d4968fa3ab83e164e3f909a90b1fd02b2543e814eaf767e531ae3938e2,classreg.learning.classif.CompactClassificationECOC,CPU parallel / fitcecoc (6 workers),8,1
RBF_SVM,14,3,rbf_svm/feature_14/rbf_svm_feature_14_fold_03_compact_model.mat,b417920e40d7af4c24f5c4e5ad697d6b01341523149310148fe3b50294ae1e5c,9142771,1785c20bd60675403192da6373010731704d8fe1bc6643d05b2ca7e9bc4f9c1a,classreg.learning.classif.CompactClassificationECOC,CPU parallel / fitcecoc (6 workers),8,1
RBF_SVM,14,4,rbf_svm/feature_14/rbf_svm_feature_14_fold_04_compact_model.mat,8cae5bc9a4f55ecc86e285574a87176d365f1fc1378367e76f1eda7a9bc0307f,9066044,14f968f1d86d8c342ef00ff62e416eb8127280365f6aabd01a20f2a5d977d4e1,classreg.learning.classif.CompactClassificationECOC,CPU parallel / fitcecoc (6 workers),8,1
RBF_SVM,14,5,rbf_svm/feature_14/rbf_svm_feature_14_fold_05_compact_model.mat,c3727230d903ecdfe7828212ae7a5e277262f919d3c5b3abb09d474f3265d3f0,8949064,b2fe2b68dad357f82db9e717c757e4b5fc6769e150243ceb8d48155103efd5e7,classreg.learning.classif.CompactClassificationECOC,CPU parallel / fitcecoc (6 workers),8,1
RBF_SVM,14,6,rbf_svm/feature_14/rbf_svm_feature_14_fold_06_compact_model.mat,c915fb80d5ecaa75eff64cee2bde55f21611c5234657544b841851fbdc6616a4,9003637,b21fd5928118d9dffe6a61f4ab197466932b580859ecf1562d57c64de8e58744,classreg.learning.classif.CompactClassificationECOC,CPU parallel / fitcecoc (6 workers),8,1
RBF_SVM,14,7,rbf_svm/feature_14/rbf_svm_feature_14_fold_07_compact_model.mat,1f0e8d72015eac55e0a8803bbed83cd0f5177857172985ddcaea92f301139889,8843207,d59145e054af1d62f85a76c60a31c203838202808f8fb272ce727c1d4faf1704,classreg.learning.classif.CompactClassificationECOC,CPU parallel / fitcecoc (6 workers),8,1
RBF_SVM,14,8,rbf_svm/feature_14/rbf_svm_feature_14_fold_08_compact_model.mat,4fd7bbe8cfcad7f3f4acc0107deb4d882fce3f5e774cd32db145eb2e9e198530,8987601,d1b0deee223cb1e952de12685a2022f9ea20cc66acddaa6c35949e1b6a5ac5e3,classreg.learning.classif.CompactClassificationECOC,CPU parallel / fitcecoc (6 workers),8,1
RBF_SVM,14,9,rbf_svm/feature_14/rbf_svm_feature_14_fold_09_compact_model.mat,cc3f4dd94b95aa49d8e560720d73ecfc1d7d246143ad2ce388936edd111fbcaa,8911453,50fbabcd8badaafb0bfe9b77ca5144ea6e54c8087770570d99cf59ccea1f0f00,classreg.learning.classif.CompactClassificationECOC,CPU parallel / fitcecoc (6 workers),8,1
RBF_SVM,14,10,rbf_svm/feature_14/rbf_svm_feature_14_fold_10_compact_model.mat,1d3a02b3222c29a603cdf1e884fc31637222adaf04689a33e8b5276b01f31b21,8806717,3d8770e17c26fe238b77d22c4144bfdbd47aa66e199d8e8dbfb801a724615fae,classreg.learning.classif.CompactClassificationECOC,CPU parallel / fitcecoc (6 workers),8,1
RBF_SVM,14,11,rbf_svm/feature_14/rbf_svm_feature_14_fold_11_compact_model.mat,b04288eadfee2780b64bfed4b93863b94e9d54d21df13b8522c88a4b7ff90654,8808992,ab660d9b0c4be1d3f1a8f363f84b8cd30168af47dc45f7c9bf423852bf2e069d,classreg.learning.classif.CompactClassificationECOC,CPU parallel / fitcecoc (6 workers),8,1
RBF_SVM,14,12,rbf_svm/feature_14/rbf_svm_feature_14_fold_12_compact_model.mat,92a1d59039b56bfb3a33dcb70db2bcac125df5828881bc757a6b65af2f3618bf,8775967,2a4636102b3658e37b648ecc08dcd555c6cd2ca9093389eb970c716857f3c89e,classreg.learning.classif.CompactClassificationECOC,CPU parallel / fitcecoc (6 workers),8,1
RBF_SVM,14,13,rbf_svm/feature_14/rbf_svm_feature_14_fold_13_compact_model.mat,c0da0ca94e86552fcd4cb3b0b09306ecdfa0da3d3c59450eb51c0ff47b906bdb,9091401,4cfcc55709dff2cf17df43a897672b29cc5501b147e85bdd50368cfff2ef7072,classreg.learning.classif.CompactClassificationECOC,CPU parallel / fitcecoc (6 workers),8,1
RBF_SVM,14,14,rbf_svm/feature_14/rbf_svm_feature_14_fold_14_compact_model.mat,c9a9218ea98cedb4ce64f6d935bab2b51dcf013b3ecbdba2623d2e47c181ef47,8957347,ab90ee68f1667ca7bfb5f33db39094c67b4d7835e5ebc09f1ce0e13d50a5011c,classreg.learning.classif.CompactClassificationECOC,CPU parallel / fitcecoc (6 workers),8,1
RBF_SVM,14,15,rbf_svm/feature_14/rbf_svm_feature_14_fold_15_compact_model.mat,849641cdbd1796fe28c3288ff065551257a6a8f6c9ec8d3a9146eb91ea355b2c,9037766,1c7ac49f1358361e480d8f61a2eb6b274a9bed9aed07c4410975788085ff1f52,classreg.learning.classif.CompactClassificationECOC,CPU parallel / fitcecoc (6 workers),8,1
RBF_SVM,14,16,rbf_svm/feature_14/rbf_svm_feature_14_fold_16_compact_model.mat,f0200be3f197bbcfef0a5e9ba5e5b59312077e03b71f3259b28493bae9c0322b,8798236,c27c31067443cffbdeac5f96dc6f8aade36b7ee445733d5eedbae73b21e2cfd4,classreg.learning.classif.CompactClassificationECOC,CPU parallel / fitcecoc (6 workers),8,1
RBF_SVM,14,17,rbf_svm/feature_14/rbf_svm_feature_14_fold_17_compact_model.mat,7e9b1ac5eed4709768dcd6068ca94a06bd7168c38ebb0a97946e8edf655756e8,9083438,88bd512fcf6be34cee6b4202af48247009a90767ab809d4d299aeab1c39f6e91,classreg.learning.classif.CompactClassificationECOC,CPU parallel / fitcecoc (6 workers),8,1
RBF_SVM,14,18,rbf_svm/feature_14/rbf_svm_feature_14_fold_18_compact_model.mat,fd7f7aaf002df06aef17f5e1e253e0d6f6f7850e597a2bac06c0f19398c01c0d,8997291,b09e7d35114fc0b9eaa06ebbff3a61b77287fe7b9b96963ad66d97d460c0d4dd,classreg.learning.classif.CompactClassificationECOC,CPU parallel / fitcecoc (6 workers),8,1
RBF_SVM,15,1,rbf_svm/feature_15/rbf_svm_feature_15_fold_01_compact_model.mat,69f74c6a6600d3a33388bf7910b07a6cf6f532a5f909232ff33bda7b55a85ae2,39934199,d167e25312fd7560c33b2031beb6a3567f31b65ead7421106efb7e622585d6fd,classreg.learning.classif.CompactClassificationECOC,CPU parallel / fitcecoc (6 workers),8,1
RBF_SVM,15,2,rbf_svm/feature_15/rbf_svm_feature_15_fold_02_compact_model.mat,e5cca7a47ad9726b97d2711125d5f4df0d94795f71b140e298260b5a1bc47ee0,39784023,8846610978119ca9d4abaafa9764adc0cb617edad79b5f0271fe014b628c279f,classreg.learning.classif.CompactClassificationECOC,CPU parallel / fitcecoc (6 workers),8,1
RBF_SVM,15,3,rbf_svm/feature_15/rbf_svm_feature_15_fold_03_compact_model.mat,2565ad88f4116a6be9a584ba1f386621c222e1e23ac416eb0785c776ec8a9f3c,39839259,445ba4647d5ae3645262ec502147597e13e83bf38850352db1fa5ea53bd696aa,classreg.learning.classif.CompactClassificationECOC,CPU parallel / fitcecoc (6 workers),8,1
RBF_SVM,15,4,rbf_svm/feature_15/rbf_svm_feature_15_fold_04_compact_model.mat,53ab4a9d34558ca6ffedaff74597c9dadca6a08b3be4abc5141a3cf42491e07e,39919185,47ec300575128578ebe13f36940adcd63627eae20ce2e9070867a44c8ef9d905,classreg.learning.classif.CompactClassificationECOC,CPU parallel / fitcecoc (6 workers),8,1
RBF_SVM,15,5,rbf_svm/feature_15/rbf_svm_feature_15_fold_05_compact_model.mat,bcc21099e315b655ac3f35a23478424a8510a1e3dcd633dd711020ca3a60dc42,39143447,4f73af02e9694012036cfa836ab49c37c7f61154aaf9408d4b0c39fb38bc52a1,classreg.learning.classif.CompactClassificationECOC,CPU parallel / fitcecoc (6 workers),8,1
RBF_SVM,15,6,rbf_svm/feature_15/rbf_svm_feature_15_fold_06_compact_model.mat,27ba81b2e44685d2a7fefd09c94fbd1f2ebe1b7d5bcce3b502533ce26c771194,39683118,d32740fad51971780dbeb5e7990db2fdf4df77e654012aaabd536af80f988044,classreg.learning.classif.CompactClassificationECOC,CPU parallel / fitcecoc (6 workers),8,1
RBF_SVM,15,7,rbf_svm/feature_15/rbf_svm_feature_15_fold_07_compact_model.mat,dbf9ed4029a8f444446b16988cebd0907592f32ec3cde93d66e21dcbd0568b25,39820875,acd2a3737ad7790e91b2250234e1a828a65653898a41f447f9c1cc5dcce23bb7,classreg.learning.classif.CompactClassificationECOC,CPU parallel / fitcecoc (6 workers),8,1
RBF_SVM,15,8,rbf_svm/feature_15/rbf_svm_feature_15_fold_08_compact_model.mat,e6d05a576c2266cd0919d796354a9c4970e89255936e027888e90b9a4171de1c,39438911,e57e0d785d32eb250586f6299bab4e0e454064bf485c9299d5a5efef2c96b85a,classreg.learning.classif.CompactClassificationECOC,CPU parallel / fitcecoc (6 workers),8,1
RBF_SVM,15,9,rbf_svm/feature_15/rbf_svm_feature_15_fold_09_compact_model.mat,eda98ffb6652447d70eb1dfa697123329382357c84e5d518f590b973cd393084,40122725,cee4526416c0ece449951d4b3a47b97bce29f52108417037a29f72fb058d8930,classreg.learning.classif.CompactClassificationECOC,CPU parallel / fitcecoc (6 workers),8,1
RBF_SVM,15,10,rbf_svm/feature_15/rbf_svm_feature_15_fold_10_compact_model.mat,c5f0843f874dead505d14d1b1526f5c1ea554f32c76073ed5dfecd6e5bc1fa96,38995182,6b3e643fba14b3e811c4cbb32b30ec522bad6f212043339bccd5c391eb154714,classreg.learning.classif.CompactClassificationECOC,CPU parallel / fitcecoc (6 workers),8,1
RBF_SVM,15,11,rbf_svm/feature_15/rbf_svm_feature_15_fold_11_compact_model.mat,7212a267e623d523ac5011c829972f4617bc051df84b14dc6df8960717373b1e,38766316,2b848a6130be14568bbbbd58bdac5c20df645c81c74e33f154dc54b0f90378ef,classreg.learning.classif.CompactClassificationECOC,CPU parallel / fitcecoc (6 workers),8,1
RBF_SVM,15,12,rbf_svm/feature_15/rbf_svm_feature_15_fold_12_compact_model.mat,372f483f35de61a7cbb900d26839dcd8cc33b6c1065d2167c52ff053263331be,39569843,c4dd48f6694852e1c80253f5dcb02a63341609ac5c2ae35d6c81bcb8178cc7cf,classreg.learning.classif.CompactClassificationECOC,CPU parallel / fitcecoc (6 workers),8,1
RBF_SVM,15,13,rbf_svm/feature_15/rbf_svm_feature_15_fold_13_compact_model.mat,56ad8dba0075e83e594b4d49059fa4f8bd43184a478ad2f54b7a43ccc660f0cd,40156851,f059fc52545f5bd8299147952e398ed52cc51b6298e8b9dc51bff027b1120c35,classreg.learning.classif.CompactClassificationECOC,CPU parallel / fitcecoc (6 workers),8,1
RBF_SVM,15,14,rbf_svm/feature_15/rbf_svm_feature_15_fold_14_compact_model.mat,d4c31b15fb6e8a4326ffb990b51056d7f976bff308ed898c6d0aebfc45423042,39075732,8a484933e190c0b717a4e6a14090031129b1cbf782a1139edeee3af69ec6b10d,classreg.learning.classif.CompactClassificationECOC,CPU parallel / fitcecoc (6 workers),8,1
RBF_SVM,15,15,rbf_svm/feature_15/rbf_svm_feature_15_fold_15_compact_model.mat,303ca0dd3cbfd7d13413eac23e6043033848af3cec6def3ae2759e831ffe1bbb,40130193,ddf78231b9a09586351a143cfcc3f80da78896d8f8753f225465aae7f74e712e,classreg.learning.classif.CompactClassificationECOC,CPU parallel / fitcecoc (6 workers),8,1
RBF_SVM,15,16,rbf_svm/feature_15/rbf_svm_feature_15_fold_16_compact_model.mat,77b37f244843df79cd6216d3e0fc16727a96eb5cd5d6b4d72e9f059c3665bd06,40027625,7ed5fa2b135df6f0bb8739dba3764a6e1b5116bb9b4c8c05195372cb64da0749,classreg.learning.classif.CompactClassificationECOC,CPU parallel / fitcecoc (6 workers),8,1
RBF_SVM,15,17,rbf_svm/feature_15/rbf_svm_feature_15_fold_17_compact_model.mat,ed9bac55bdf836b863a3436ff2ab95b15579d7fe0431942a50cd6394a1c0ceb3,39229151,d66fbed6001e793e8a0a83fba7bbe4d0b13c76a89425acbfdf4df54374f2406b,classreg.learning.classif.CompactClassificationECOC,CPU parallel / fitcecoc (6 workers),8,1
RBF_SVM,15,18,rbf_svm/feature_15/rbf_svm_feature_15_fold_18_compact_model.mat,4ba59649863a115f91a8a45e78fdbf35333ed596aaed4c47814d42b440a28c08,40163931,5ac79d6efc126b9b8e10ec4336e8a3f48ebd133077a9d096bebc7ce59290c1f8,classreg.learning.classif.CompactClassificationECOC,CPU parallel / fitcecoc (6 workers),8,1
RBF_SVM,16,1,rbf_svm/feature_16/rbf_svm_feature_16_fold_01_compact_model.mat,1715a0b20407592d2fa878bbd12b4a142f132a614b75b09a8736d22656151cfb,12734790,ab710dbe4727a3d3033b97598957e341a37def6d1e980417528d7cda71c7e8be,classreg.learning.classif.CompactClassificationECOC,CPU parallel / fitcecoc (6 workers),8,1
RBF_SVM,16,2,rbf_svm/feature_16/rbf_svm_feature_16_fold_02_compact_model.mat,aa7f18c3e70c80614492dc44508f60f517eea3148b61a5c119bedcc892304c54,12766081,647ac7d6c814df08d65a6eb6b9ad660d51747d0cceb864368c9bce4377ca7c35,classreg.learning.classif.CompactClassificationECOC,CPU parallel / fitcecoc (6 workers),8,1
RBF_SVM,16,3,rbf_svm/feature_16/rbf_svm_feature_16_fold_03_compact_model.mat,8b4438e2ac628023c4d81400b2fdba7902e9d61b7fd364f961f3a864e2722596,12606358,2f14239574e0bc05f6053000ff2d1a6e8752f65a8947ddf82c0ae5b932c60c23,classreg.learning.classif.CompactClassificationECOC,CPU parallel / fitcecoc (6 workers),8,1
RBF_SVM,16,4,rbf_svm/feature_16/rbf_svm_feature_16_fold_04_compact_model.mat,a7e0c34ffcaed4f0aafd7ea8b0f797427af877b9f3b7bc31fdf52e45ffb34731,12603557,3849fbb0c536c7ea5ce204240d2d2830a2a11d6d1b611a6434b99bab2f60005b,classreg.learning.classif.CompactClassificationECOC,CPU parallel / fitcecoc (6 workers),8,1
RBF_SVM,16,5,rbf_svm/feature_16/rbf_svm_feature_16_fold_05_compact_model.mat,bb50b41159d43659314718eeb1ce6d2fda2478ddc8168d03431f39f2e3c24bb6,12625258,e66466e501afc04fefc3f88d403525dcc2deacfd0a410fea5987c091dea6c3db,classreg.learning.classif.CompactClassificationECOC,CPU parallel / fitcecoc (6 workers),8,1
RBF_SVM,16,6,rbf_svm/feature_16/rbf_svm_feature_16_fold_06_compact_model.mat,3cdbeb340a0f546f7261bfb99e510f56c2a5045ec4ec964ffe5fc1b2e504c154,12493064,383d43c8d3c3ab2b9da9b18fb46f07298add4e974ce925ab98a08642257fd8f7,classreg.learning.classif.CompactClassificationECOC,CPU parallel / fitcecoc (6 workers),8,1
RBF_SVM,16,7,rbf_svm/feature_16/rbf_svm_feature_16_fold_07_compact_model.mat,cb4a573cff2aecb143a8f39bb943db3f51221bc35e2acdae127fe59da4e1895b,12448440,1b0f8ab3c226da2952f8b9bcca3f3038ce08cd82d8ec27ba95e14217e49d2b71,classreg.learning.classif.CompactClassificationECOC,CPU parallel / fitcecoc (6 workers),8,1
RBF_SVM,16,8,rbf_svm/feature_16/rbf_svm_feature_16_fold_08_compact_model.mat,72f65c8b38e6ae6c22749c64c43c4d4ef9031e66db39aef37bee86591efffe61,12586258,9e63a07f162934427981858be49cc614afb550e749002df5cde76aab342db620,classreg.learning.classif.CompactClassificationECOC,CPU parallel / fitcecoc (6 workers),8,1
RBF_SVM,16,9,rbf_svm/feature_16/rbf_svm_feature_16_fold_09_compact_model.mat,0b21aeb28641e690cd0326bb4d959f78e7cc33ce8196e915e2e5ca2dfa26d6cf,12283712,c86769203f722ab631370d0393d34bc8d593eb5c8b411dc9c7e200c2372ae525,classreg.learning.classif.CompactClassificationECOC,CPU parallel / fitcecoc (6 workers),8,1
RBF_SVM,16,10,rbf_svm/feature_16/rbf_svm_feature_16_fold_10_compact_model.mat,4901acfbad4d63396d7b9b34a54a411c5d6e87cc76f42019ff03f72d6ea2049a,12501678,2f204cf76b0e84d870ce1a401fe6a37d6aff1f8d9db84f3d1fd0d509e3e2c8eb,classreg.learning.classif.CompactClassificationECOC,CPU parallel / fitcecoc (6 workers),8,1
RBF_SVM,16,11,rbf_svm/feature_16/rbf_svm_feature_16_fold_11_compact_model.mat,4af288a9149d2d8c4533e640a345407a3cda085ae7c0874d02b9a59ca32ddd86,12102777,aa52bf1b9fed4094352f5b5ad2b9644cb03dece418c5072dd07b9f6dcccce7b7,classreg.learning.classif.CompactClassificationECOC,CPU parallel / fitcecoc (6 workers),8,1
RBF_SVM,16,12,rbf_svm/feature_16/rbf_svm_feature_16_fold_12_compact_model.mat,14fce9c618e272d6ad9794fc9925c7b8339ebf56d05a8c413fb09ad42bd59d1c,12633590,645d8419897d359a9552b5e109bd86202ab54f3a401b7a777f6dded24b179c00,classreg.learning.classif.CompactClassificationECOC,CPU parallel / fitcecoc (6 workers),8,1
RBF_SVM,16,13,rbf_svm/feature_16/rbf_svm_feature_16_fold_13_compact_model.mat,81d976cdf0908e77a93d7430772ab7430c055fc2a7399885abbdee7ac0921fa9,12786812,c6337a68fdebe106ee1726075d4f9a46d6da4a48f6b4b57c1b5acacd7f31d6b0,classreg.learning.classif.CompactClassificationECOC,CPU parallel / fitcecoc (6 workers),8,1
RBF_SVM,16,14,rbf_svm/feature_16/rbf_svm_feature_16_fold_14_compact_model.mat,7559888825fa55d7ee57c1155077065873a1b7ef22c0855269f63862de3a8f7d,12775743,922bbce78122d1a1d308092b379ca2790b7bfee5cd0d60d9819c649208d20bdf,classreg.learning.classif.CompactClassificationECOC,CPU parallel / fitcecoc (6 workers),8,1
RBF_SVM,16,15,rbf_svm/feature_16/rbf_svm_feature_16_fold_15_compact_model.mat,ac89cc5679ed7f721c69d7e3b515d6e7988ff19f64965846e8e0554facfd1ea2,12451767,20b4f89d7eccd7c141ffe0e7fe8c14ce19ba563fcce216a9eabbd95a5de4df69,classreg.learning.classif.CompactClassificationECOC,CPU parallel / fitcecoc (6 workers),8,1
RBF_SVM,16,16,rbf_svm/feature_16/rbf_svm_feature_16_fold_16_compact_model.mat,56dc0242b0a27fc4502298df6ee0494696f3eb8d38a1f22092c550cd33d90cae,12841103,b5f1929928a7d64f353b61d0f4426b9989e039ef6090622f9e3d782e97e6f60d,classreg.learning.classif.CompactClassificationECOC,CPU parallel / fitcecoc (6 workers),8,1
RBF_SVM,16,17,rbf_svm/feature_16/rbf_svm_feature_16_fold_17_compact_model.mat,82bb95e8533e068b4c5ead2113d5ec524a6d547f853ab3b701359f8d85c05599,12753325,51f9387fc0a60aeac7ba52e1ae225c82c2670ca906603e11dd2afd06b2c603f0,classreg.learning.classif.CompactClassificationECOC,CPU parallel / fitcecoc (6 workers),8,1
RBF_SVM,16,18,rbf_svm/feature_16/rbf_svm_feature_16_fold_18_compact_model.mat,0333230a89aa22b719a35c67e44b6d7392e7c3f127ded3d26f746b6ca8c545b5,12600577,347eb5101d95a0707c9f581e969e9ec9e83a62b67d18d2811f2ab94f1b8b1666,classreg.learning.classif.CompactClassificationECOC,CPU parallel / fitcecoc (6 workers),8,1
RBF_SVM,17,1,rbf_svm/feature_17/rbf_svm_feature_17_fold_01_compact_model.mat,fc1cb9b8eabeb0dbae97ae720df95b2621add52c5db1f87349e1f35693a1a318,16720102,aca4655f20fa8c2ae6f345b9e8b1c1c1a5e0b1791940bb8369e9d56abb8c9847,classreg.learning.classif.CompactClassificationECOC,CPU parallel / fitcecoc (6 workers),8,1
RBF_SVM,17,2,rbf_svm/feature_17/rbf_svm_feature_17_fold_02_compact_model.mat,dc7ac649ea63b4ae48af4addca37b5e2764d2813e977155cb4d9a6cc190acf5a,16562244,b86894f8c28a62aa09fc29ff31953503a2617cbdf5a54ea91fd4f56d2c79ee42,classreg.learning.classif.CompactClassificationECOC,CPU parallel / fitcecoc (6 workers),8,1
RBF_SVM,17,3,rbf_svm/feature_17/rbf_svm_feature_17_fold_03_compact_model.mat,f6c2884d65f7bf5bceb496d50a0cc4fa5b4c556f000b92ab7f0b29dbf3c90ccb,17054608,0e892a5797f556dc809c24f7a36b6275412f7966b8c490adf48903b0fdf72b7b,classreg.learning.classif.CompactClassificationECOC,CPU parallel / fitcecoc (6 workers),8,1
RBF_SVM,17,4,rbf_svm/feature_17/rbf_svm_feature_17_fold_04_compact_model.mat,1f4fc142448a6fae16b439f8c40efe43dffd89c32a20a25eecd3acb69f077aa3,16971421,4cac358eb4521b7d9fa25c6b42534bde31108b84940b390bdd2dc1bd17137897,classreg.learning.classif.CompactClassificationECOC,CPU parallel / fitcecoc (6 workers),8,1
RBF_SVM,17,5,rbf_svm/feature_17/rbf_svm_feature_17_fold_05_compact_model.mat,077a50646abea41eac1ca280ca052e10498fc90c88749c4052f020803a429007,16057754,a1a09d2bd7d46cf8b60f28dd2e7046921d788207b551e3a26b879740024f9c97,classreg.learning.classif.CompactClassificationECOC,CPU parallel / fitcecoc (6 workers),8,1
RBF_SVM,17,6,rbf_svm/feature_17/rbf_svm_feature_17_fold_06_compact_model.mat,c2691951b48058cb40f49d6d5677d705985a0574d58b6f2b5c60f49aede134a9,16943306,0da801c7670ea663101b08a4f4aed5e99df070ed71e99904552254de09cabd68,classreg.learning.classif.CompactClassificationECOC,CPU parallel / fitcecoc (6 workers),8,1
RBF_SVM,17,7,rbf_svm/feature_17/rbf_svm_feature_17_fold_07_compact_model.mat,c5b11de226ad5778f9c55b47bd9d50a936bdfdfb570e03d1b7139960b4a61476,16424465,a0f7c3673f6657fae34bedd4d04e4125ef8a8ba10e835d2e8fe4b1eba364bbc8,classreg.learning.classif.CompactClassificationECOC,CPU parallel / fitcecoc (6 workers),8,1
RBF_SVM,17,8,rbf_svm/feature_17/rbf_svm_feature_17_fold_08_compact_model.mat,bfc66e878fc21f06a8d6d66af6da3ebd9ff1674b877dd7839ad9fff0b0f6e88a,17052211,744411d73b3b35cf4a0445672fd621c264f2471e3f88301b447e642be156fcd6,classreg.learning.classif.CompactClassificationECOC,CPU parallel / fitcecoc (6 workers),8,1
RBF_SVM,17,9,rbf_svm/feature_17/rbf_svm_feature_17_fold_09_compact_model.mat,bdd443a1ae09f143ff28ba5a0db6a45de7f3e5fd683a85ea2f814b9a77990f1c,17054484,f5ead785827f8630e6376edd0922c2c308eb909bc3fe8f514a0a84347d29af88,classreg.learning.classif.CompactClassificationECOC,CPU parallel / fitcecoc (6 workers),8,1
RBF_SVM,17,10,rbf_svm/feature_17/rbf_svm_feature_17_fold_10_compact_model.mat,f00264d62eba6f5b1f095fcd516abddc0103616c51080d82e394e6231e8e9d07,15988320,1f8cb84d26945d5f3a2ba4b80b299b5a70d0fe3a4e2a4ac9199849eaace2c5ae,classreg.learning.classif.CompactClassificationECOC,CPU parallel / fitcecoc (6 workers),8,1
RBF_SVM,17,11,rbf_svm/feature_17/rbf_svm_feature_17_fold_11_compact_model.mat,7430b51543d643c6cd563bf5a5ff61771c47e361795cb17c493b2c01668c32ef,16811100,4acd57f51929e4c3204aadfc73e26bc8597ff1b2b728f7a9c0cae67e2867277f,classreg.learning.classif.CompactClassificationECOC,CPU parallel / fitcecoc (6 workers),8,1
RBF_SVM,17,12,rbf_svm/feature_17/rbf_svm_feature_17_fold_12_compact_model.mat,487e142185fdac3aaf1766b63502675a21ead0d4ad5e92844a1c536e09e1f30b,16539690,19e42113303225d4ae2af876e933123fa69bbec5a75c1420c7da2a52fb68eb87,classreg.learning.classif.CompactClassificationECOC,CPU parallel / fitcecoc (6 workers),8,1
RBF_SVM,17,13,rbf_svm/feature_17/rbf_svm_feature_17_fold_13_compact_model.mat,9422a432729ffacc02304db3b96d88168f5278ede1164577a1c8096ae5e841d6,16377818,35be4e037f9a54029c8936d0076745b5e66babee1867aceffa17c88b41259711,classreg.learning.classif.CompactClassificationECOC,CPU parallel / fitcecoc (6 workers),8,1
RBF_SVM,17,14,rbf_svm/feature_17/rbf_svm_feature_17_fold_14_compact_model.mat,e49d8db10711316413a23e756cd1239a0f39520c501e1fa706f275e58dcbf325,16766695,a5ff7294c3447e6f21217bfab9db539cdfb3cd3b649795f0b723ad9787740b0b,classreg.learning.classif.CompactClassificationECOC,CPU parallel / fitcecoc (6 workers),8,1
RBF_SVM,17,15,rbf_svm/feature_17/rbf_svm_feature_17_fold_15_compact_model.mat,6f56b0fcbb4e06ac5254d631f838c2dba6c0db6e68fdd800d89f10b0ffde96c2,17128828,659357dcfd3400cab442f14ee2381acb00ec3d0fbf38a0468a58640e9229d65d,classreg.learning.classif.CompactClassificationECOC,CPU parallel / fitcecoc (6 workers),8,1
RBF_SVM,17,16,rbf_svm/feature_17/rbf_svm_feature_17_fold_16_compact_model.mat,4368ab79f3f4e95a804128b9d4f406122a8f2c59b322eb43925c7df89ac05079,16208817,102d294515cd830a8d55547eab356b0b04fe1bd43d03cc934b5e4ff9d55ead44,classreg.learning.classif.CompactClassificationECOC,CPU parallel / fitcecoc (6 workers),8,1
RBF_SVM,17,17,rbf_svm/feature_17/rbf_svm_feature_17_fold_17_compact_model.mat,2ca6218e38e6209d6decda04ef1bd4e16cc47afbc18936d92d3e78c823d4d1ac,16724700,507a9ea7896cded847a67c981a2f01dfe27ddb6fcfb2e574833f9cb116f9c435,classreg.learning.classif.CompactClassificationECOC,CPU parallel / fitcecoc (6 workers),8,1
RBF_SVM,17,18,rbf_svm/feature_17/rbf_svm_feature_17_fold_18_compact_model.mat,a7b2c8b154a47318eb7270ffe0cdd763c1b19319c4a592f67bc5e366682fc307,16755948,50cf77a0bca2636bf4ffc3ea19535477b80b70081f95047b5c1c8c4d69a9635d,classreg.learning.classif.CompactClassificationECOC,CPU parallel / fitcecoc (6 workers),8,1
RBF_SVM,18,1,rbf_svm/feature_18/rbf_svm_feature_18_fold_01_compact_model.mat,512fd7e3d34d746362b4e1139abc984fcce1bc23a34b1f21720a155f085c1f04,22747603,f972e51b8b8eeac6980e97807dc257201796d0b31ca21f015249120ac535f1cf,classreg.learning.classif.CompactClassificationECOC,CPU parallel / fitcecoc (6 workers),8,1
RBF_SVM,18,2,rbf_svm/feature_18/rbf_svm_feature_18_fold_02_compact_model.mat,f72cefe8ac5e63a5dd783b3607b87ffe5210a8122f6ed771bb2bea6452b01e5b,22530305,f81b892a97302d8413f9c0bc43f5b2ca019e850fecf20f94487c8be5db4fc983,classreg.learning.classif.CompactClassificationECOC,CPU parallel / fitcecoc (6 workers),8,1
RBF_SVM,18,3,rbf_svm/feature_18/rbf_svm_feature_18_fold_03_compact_model.mat,08bcd814f127434fd22ee83397824d1b0a90aa4696211d10a15f9884a190567b,23608944,a0c72b0125ca2e1ac3a34a4bf373d84de351935c843692990a2590b32cacb76c,classreg.learning.classif.CompactClassificationECOC,CPU parallel / fitcecoc (6 workers),8,1
RBF_SVM,18,4,rbf_svm/feature_18/rbf_svm_feature_18_fold_04_compact_model.mat,ec8f7ee50b6927e424e4668cbc57d712a179c7f4a24aab1005378ba85d49edf1,23148512,c88872175b37cfdb02cace9cc472ae60c1475702e147efea41cd02fa5b127c8e,classreg.learning.classif.CompactClassificationECOC,CPU parallel / fitcecoc (6 workers),8,1
RBF_SVM,18,5,rbf_svm/feature_18/rbf_svm_feature_18_fold_05_compact_model.mat,1033b552f84edc9ade9d0218019d96b380d809ff89b3ee067dd0ecf6cf66aa48,21854713,60d8e84e1e3c865441ec99768d4c2d7a7518948846a189c8ce6b125311550c21,classreg.learning.classif.CompactClassificationECOC,CPU parallel / fitcecoc (6 workers),8,1
RBF_SVM,18,6,rbf_svm/feature_18/rbf_svm_feature_18_fold_06_compact_model.mat,2be7429dcc5f9beb91e1c2c75ec02d17b5027e0db44d5de573937190137aacde,23171699,d1de0516f82fc62f7e25d838fe27430fdf000675d98010ab4de0c2b3619ce2c5,classreg.learning.classif.CompactClassificationECOC,CPU parallel / fitcecoc (6 workers),8,1
RBF_SVM,18,7,rbf_svm/feature_18/rbf_svm_feature_18_fold_07_compact_model.mat,ec5ab7356e4bf0968a91293ada8dff38066326498be6f4cf0f52863734a9d01c,22525862,08c9458c6951bee1f831971c97b241d64a415cf9d246a745237c75114d7e8d3a,classreg.learning.classif.CompactClassificationECOC,CPU parallel / fitcecoc (6 workers),8,1
RBF_SVM,18,8,rbf_svm/feature_18/rbf_svm_feature_18_fold_08_compact_model.mat,04febefa931dc45241fdb2adc00f04050abc348df7bf9c3b139cae4e4332245c,23093964,918bf50b334032ce3e69cb97d2e9ded03dabfeb5fc3e95ef13e9ab3aefef9438,classreg.learning.classif.CompactClassificationECOC,CPU parallel / fitcecoc (6 workers),8,1
RBF_SVM,18,9,rbf_svm/feature_18/rbf_svm_feature_18_fold_09_compact_model.mat,1c8b4bce6e7fe84037497c0edc7909cf0578f435c4cac54b70698401adf33833,23218424,f23f81fcdf0bf0d6837ac474383639a3e5f5f8993bfa0ce20f15431dd209c7fc,classreg.learning.classif.CompactClassificationECOC,CPU parallel / fitcecoc (6 workers),8,1
RBF_SVM,18,10,rbf_svm/feature_18/rbf_svm_feature_18_fold_10_compact_model.mat,9536d39e6c475db7900fd695cb5f7968ca37ebf930107c5d532faf68d7d95def,21452651,b222bb11f819c12e4dda5f3ada5bb6dada52eb8ade0de26eac3c2d629413beb3,classreg.learning.classif.CompactClassificationECOC,CPU parallel / fitcecoc (6 workers),8,1
RBF_SVM,18,11,rbf_svm/feature_18/rbf_svm_feature_18_fold_11_compact_model.mat,e46d16d0cf82bfe376aa5fab8f2c65f3b0a667b15662ff5398db9ea0a5bf0cc0,22813904,4b8ccc21cc3a8d4292ba80c89f345e3c7acb7bc41cc060f404f2c4d7207dffda,classreg.learning.classif.CompactClassificationECOC,CPU parallel / fitcecoc (6 workers),8,1
RBF_SVM,18,12,rbf_svm/feature_18/rbf_svm_feature_18_fold_12_compact_model.mat,d3580f2cc71cbc668a6338095fab15920b47149204165d47453c4161e219b9e7,22105528,d763c3a3b53fc0c83298861c8798d79912c875983d5e43d833072bc91903a33e,classreg.learning.classif.CompactClassificationECOC,CPU parallel / fitcecoc (6 workers),8,1
RBF_SVM,18,13,rbf_svm/feature_18/rbf_svm_feature_18_fold_13_compact_model.mat,854e2deb306edbe6ae3018dc0dfbc7d09b8246168e900b8a1108b8ca96cf9e91,21941890,fae7605f8414e66cb38d7a37361dc8250577cf57f1072bc2000f77202a2a5681,classreg.learning.classif.CompactClassificationECOC,CPU parallel / fitcecoc (6 workers),8,1
RBF_SVM,18,14,rbf_svm/feature_18/rbf_svm_feature_18_fold_14_compact_model.mat,83ccbfd03c6b88fb0ea30edcce3550c5f74df3740a552b09876cf82db1177949,22782827,4bcee75d06e6114f2ec9751ce8edd9a7099bce7fc50cc318bd4af7118ff9f056,classreg.learning.classif.CompactClassificationECOC,CPU parallel / fitcecoc (6 workers),8,1
RBF_SVM,18,15,rbf_svm/feature_18/rbf_svm_feature_18_fold_15_compact_model.mat,97ac9e8da0d7a1d5af7c1aaebc90a5c64ba0cdcac542ec4785b3b90d23674908,23265639,4ddd4c0d6714b14c3517c9f48a5946d77fa07a0c710d500a98d9b6bba22c908a,classreg.learning.classif.CompactClassificationECOC,CPU parallel / fitcecoc (6 workers),8,1
RBF_SVM,18,16,rbf_svm/feature_18/rbf_svm_feature_18_fold_16_compact_model.mat,341829c62ec3f13e4f92f58c10c2f49dd0e9ef894ef96b45d1032d87a3b1dac3,21878673,16ea2ab411bc2e19b1f16f1437f90eac768f313530e28df088ccbee3d70822dd,classreg.learning.classif.CompactClassificationECOC,CPU parallel / fitcecoc (6 workers),8,1
RBF_SVM,18,17,rbf_svm/feature_18/rbf_svm_feature_18_fold_17_compact_model.mat,f464aad45aab72632f2fe0f1bae20042676386974398855b9352bc037aac991e,22513787,740421b99218f879b98af52494d5b6e0ffe051ab1623cd97e25f30ad9fe11d0e,classreg.learning.classif.CompactClassificationECOC,CPU parallel / fitcecoc (6 workers),8,1
RBF_SVM,18,18,rbf_svm/feature_18/rbf_svm_feature_18_fold_18_compact_model.mat,e13dbc79acf19feb6f340b07c1dc84fcc95ad02033a30b86b44f3f146604bb40,23195504,a99dd9ded5779c1708040a4d36d1aae0e1a9fcf70fb8577d21b79ef444a7f8ba,classreg.learning.classif.CompactClassificationECOC,CPU parallel / fitcecoc (6 workers),8,1
RBF_SVM,19,1,rbf_svm/feature_19/rbf_svm_feature_19_fold_01_compact_model.mat,13b42947dd54a1ac6083066dade5ac8a3ac5983fafa66ee9b55195114bd4778a,37861898,7ca857a84ee4769232a2b2b295a4e3087d7138642a2fc9adffba6dc0b05c0612,classreg.learning.classif.CompactClassificationECOC,CPU parallel / fitcecoc (6 workers),8,1
RBF_SVM,19,2,rbf_svm/feature_19/rbf_svm_feature_19_fold_02_compact_model.mat,ed01884ff398883adf51775d4211cea4c7e1bdec742aeecfcb6b97fe424bec82,36756205,e2946a46c765a7d72a1b6f476fc246b323bfc28bd6641f8e80e897ca54d734d3,classreg.learning.classif.CompactClassificationECOC,CPU parallel / fitcecoc (6 workers),8,1
RBF_SVM,19,3,rbf_svm/feature_19/rbf_svm_feature_19_fold_03_compact_model.mat,df52ba594f37edaf88178399784e634428dc693ef538e5843ba45e5418018dc7,38839248,512f40547d3d5ffb5e98d2cd3de379888e6fc6942de5775acb7b138997d0d4a9,classreg.learning.classif.CompactClassificationECOC,CPU parallel / fitcecoc (6 workers),8,1
RBF_SVM,19,4,rbf_svm/feature_19/rbf_svm_feature_19_fold_04_compact_model.mat,0ad98efad104a0c390a49eb66b58853fce0a381544afb96c169e439a7bd9f7ab,38544798,4c1b4a30f020deaee40ef3f759b7d18fda8c2c61ea57481a2ddca62a8b0d6540,classreg.learning.classif.CompactClassificationECOC,CPU parallel / fitcecoc (6 workers),8,1
RBF_SVM,19,5,rbf_svm/feature_19/rbf_svm_feature_19_fold_05_compact_model.mat,39fea2c7564e2d6d288404eaa3208ea97ade58c968ab6999375500055d8511f9,36327121,f557e17a60409e1fe48314c1d9f0b298cc7f86f7e91b4049af385cb8d78e8e19,classreg.learning.classif.CompactClassificationECOC,CPU parallel / fitcecoc (6 workers),8,1
RBF_SVM,19,6,rbf_svm/feature_19/rbf_svm_feature_19_fold_06_compact_model.mat,e5596e55637ed5a02d64528c9e6a3567b46adf7065ea16dbed65c09e5bcb1f93,38446155,d47e12c9e58c20bef9bf45b2dfaaaa7be9c4074fe0ba180ba44dd75db18191cd,classreg.learning.classif.CompactClassificationECOC,CPU parallel / fitcecoc (6 workers),8,1
RBF_SVM,19,7,rbf_svm/feature_19/rbf_svm_feature_19_fold_07_compact_model.mat,55eb23cab92fd2e21b9c245df28ad19385bd06b893e69e7d2411657aa7dc0461,37550094,80deb461704e68af1c05dd37b1366816eab5dedf6c3c4e18be621aa4c587e44c,classreg.learning.classif.CompactClassificationECOC,CPU parallel / fitcecoc (6 workers),8,1
RBF_SVM,19,8,rbf_svm/feature_19/rbf_svm_feature_19_fold_08_compact_model.mat,e5c6d8ea8c47e2295395dbc984158323f9fcb35f3d0ec547b41d796cb2e04f64,38445299,492e472045909b11ef8d25c44156fd8023696df52fa787cb694884e0606bae90,classreg.learning.classif.CompactClassificationECOC,CPU parallel / fitcecoc (6 workers),8,1
RBF_SVM,19,9,rbf_svm/feature_19/rbf_svm_feature_19_fold_09_compact_model.mat,225910fc442e989bc442fafc6806edad22fc9f0cc11f1ddd0d3b76e8f54c5bff,38792516,ad4a39335411ed4bbf393e6fd512a283dbd7033970825c43a0d1ef0877d63d36,classreg.learning.classif.CompactClassificationECOC,CPU parallel / fitcecoc (6 workers),8,1
RBF_SVM,19,10,rbf_svm/feature_19/rbf_svm_feature_19_fold_10_compact_model.mat,cab7836fc25eb4b0e5c38ff87b6da9157c7988fec6e4232f2bcb49df30fd728e,35978154,37798dc1d0ecf17df4e955347e78fb980ed975efcb5f8ffeb66dbb75c632531c,classreg.learning.classif.CompactClassificationECOC,CPU parallel / fitcecoc (6 workers),8,1
RBF_SVM,19,11,rbf_svm/feature_19/rbf_svm_feature_19_fold_11_compact_model.mat,f0125f265cf0becbe53d2c40c6a2376ee1eb1e69cdce87e223494761dd2bc329,37993957,0b87306a566afceefd98f8a63cf28dc2eaaa07fefe6495c990b06560e2c3354b,classreg.learning.classif.CompactClassificationECOC,CPU parallel / fitcecoc (6 workers),8,1
RBF_SVM,19,12,rbf_svm/feature_19/rbf_svm_feature_19_fold_12_compact_model.mat,03d90c8fe65e27d8345d56b022e7912e2dde8c1d745e790c3e79febec631fd30,36733101,58c76f92311a2ea494402a46854f95584a3033faf0fe1ae41a0f9a5372c08371,classreg.learning.classif.CompactClassificationECOC,CPU parallel / fitcecoc (6 workers),8,1
RBF_SVM,19,13,rbf_svm/feature_19/rbf_svm_feature_19_fold_13_compact_model.mat,5d661f7bdd13d69c788791ad3e2c3aace0688b057518a200f5a416e9051004d5,36678781,533737f8620321768c83c2dac98c99c7e2447f1e62e28680fc99ae17eb412de3,classreg.learning.classif.CompactClassificationECOC,CPU parallel / fitcecoc (6 workers),8,1
RBF_SVM,19,14,rbf_svm/feature_19/rbf_svm_feature_19_fold_14_compact_model.mat,70eade139e03062b6b32e56e9f113c9339b43096e15cdb54e4a3b22d8daab635,37703003,8aacb326fb6980a794005f4038688d907f4c2f0c3e6f521ea795875c5bf57631,classreg.learning.classif.CompactClassificationECOC,CPU parallel / fitcecoc (6 workers),8,1
RBF_SVM,19,15,rbf_svm/feature_19/rbf_svm_feature_19_fold_15_compact_model.mat,82f4692ff6c318652c146458550b63b651f365213d080c0efedf467253884cf8,38451768,563ebf0c83d69b7ce7ad2846bf04d2484699cee371a919a559104d1cdb33ec22,classreg.learning.classif.CompactClassificationECOC,CPU parallel / fitcecoc (6 workers),8,1
RBF_SVM,19,16,rbf_svm/feature_19/rbf_svm_feature_19_fold_16_compact_model.mat,53ebf34b56059b6a01bf1f9bbd91e05eb4fdc7ec380cdb6213d8097a4016764e,36473289,33c68e74f9420c508e6a77ba1079c2bdcd48f79107094527b02df0388a27918b,classreg.learning.classif.CompactClassificationECOC,CPU parallel / fitcecoc (6 workers),8,1
RBF_SVM,19,17,rbf_svm/feature_19/rbf_svm_feature_19_fold_17_compact_model.mat,706aee870eec3b0682fdaf814d25aef96f24944dc266da30a3fc01437dca87fc,36865422,a9b7f2a624495046f2c6f9889231920fa3b678e647f821cab3e5632b1ec598c5,classreg.learning.classif.CompactClassificationECOC,CPU parallel / fitcecoc (6 workers),8,1
RBF_SVM,19,18,rbf_svm/feature_19/rbf_svm_feature_19_fold_18_compact_model.mat,febd094462778e1783547432287cdb0b8d155b11e944c68141b66a67c4826950,38493850,28dc0cf01a5bab22a9bcad52348901539d4c4095d818073a0cb8035535d64fab,classreg.learning.classif.CompactClassificationECOC,CPU parallel / fitcecoc (6 workers),8,1
RBF_SVM,20,1,rbf_svm/feature_20/rbf_svm_feature_20_fold_01_compact_model.mat,ba19328f0df424eed29d99781b49c5d64715d9cce11fdad4a52b14424262e681,12711532,4d431f850f58d4bd462dc5010a466720ab3565b68015cd18e8b4dd08e8df240b,classreg.learning.classif.CompactClassificationECOC,CPU parallel / fitcecoc (6 workers),8,1
RBF_SVM,20,2,rbf_svm/feature_20/rbf_svm_feature_20_fold_02_compact_model.mat,67aa061d35333e67200d5a7305be0d9eec1ba3f24bf2065f7a95676729d936c2,12786214,90e2b0bb2c0961f73e0820fbbad8d6f22ad0d8a2193ac2e54a4b9005ec556b92,classreg.learning.classif.CompactClassificationECOC,CPU parallel / fitcecoc (6 workers),8,1
RBF_SVM,20,3,rbf_svm/feature_20/rbf_svm_feature_20_fold_03_compact_model.mat,08ef6d73d8fb707554f4af907600a423096fcaecb70aaededa031d7902194b3c,12582505,aa65099f1ecc7b87ead903dc461bba24bb6940cd5031d2a8d1f0630247249c14,classreg.learning.classif.CompactClassificationECOC,CPU parallel / fitcecoc (6 workers),8,1
RBF_SVM,20,4,rbf_svm/feature_20/rbf_svm_feature_20_fold_04_compact_model.mat,8a7831e5c3e2ba8a3d0462b9d38600e6523fc8d515d76a2841fe60ca7d71dd3c,12909922,6276ca12fb4ce575f2a6d7f65804fa8f1ccf4f96635a7f1d7dea3ac001ef32c9,classreg.learning.classif.CompactClassificationECOC,CPU parallel / fitcecoc (6 workers),8,1
RBF_SVM,20,5,rbf_svm/feature_20/rbf_svm_feature_20_fold_05_compact_model.mat,50858d868ea8020ea6440544f4e38e23093b7ae4d6e26f6f4c15b3d003a02ea7,12703122,a0ea5539f42a3152569d796db1ece88428917f68c3bf534a0000182dc65171e5,classreg.learning.classif.CompactClassificationECOC,CPU parallel / fitcecoc (6 workers),8,1
RBF_SVM,20,6,rbf_svm/feature_20/rbf_svm_feature_20_fold_06_compact_model.mat,5b7b89806d885cdc71a24745ff3471893cd9b6827db9ea5f330ae2d731fc28c9,12685241,27e252f564e84bfa82a82f878f5773f3d0a668774d38addc67f74ad9553aa3eb,classreg.learning.classif.CompactClassificationECOC,CPU parallel / fitcecoc (6 workers),8,1
RBF_SVM,20,7,rbf_svm/feature_20/rbf_svm_feature_20_fold_07_compact_model.mat,e468491d710f5818935e667ce9ce4e9615e454a596e254f1fc5614086a2f3174,12461139,92b4cd72489be001e852388bff7f3e57aea81a6e5d5cb3b466d2791b6c079c28,classreg.learning.classif.CompactClassificationECOC,CPU parallel / fitcecoc (6 workers),8,1
RBF_SVM,20,8,rbf_svm/feature_20/rbf_svm_feature_20_fold_08_compact_model.mat,0cf9a69e189b0fe85d65fc36a4fe59c841709f88363466d67eba5d2769b28c4d,12694332,a95bfc714e9ebecb96c1b55ac07fa2815a060a17b98ef96cf4512d92f66b84d1,classreg.learning.classif.CompactClassificationECOC,CPU parallel / fitcecoc (6 workers),8,1
RBF_SVM,20,9,rbf_svm/feature_20/rbf_svm_feature_20_fold_09_compact_model.mat,7c202184e3668b4f87db5d74c7183f719866426955304c70e98e8910c568d79c,12410353,306d5e4299481db637a369871332b9ad6b207384e06cc2dbfdb74a6f8896ed20,classreg.learning.classif.CompactClassificationECOC,CPU parallel / fitcecoc (6 workers),8,1
RBF_SVM,20,10,rbf_svm/feature_20/rbf_svm_feature_20_fold_10_compact_model.mat,b59fabff831f17f39ddda29999be35996365a0186eaf75b5da9a552b38617ddb,12388825,d457f22536f87c9fd35d7aefc6557ac656b8466d33dfcdfc63f0ef549cd82dd3,classreg.learning.classif.CompactClassificationECOC,CPU parallel / fitcecoc (6 workers),8,1
RBF_SVM,20,11,rbf_svm/feature_20/rbf_svm_feature_20_fold_11_compact_model.mat,2a348d2965ccc6057cabaa04edd53ec3378b2e4b37000b73bcf7574fbac88998,12480267,69619adba85e87ce20a591af927ef6153853045fb36f17edfc2265559ed23cc7,classreg.learning.classif.CompactClassificationECOC,CPU parallel / fitcecoc (6 workers),8,1
RBF_SVM,20,12,rbf_svm/feature_20/rbf_svm_feature_20_fold_12_compact_model.mat,2ae2a66b469395aa1939b32d434aaacceea32b42f8d4ba57357d448c830e7306,12732675,b80cd442c407a64bbe9f30f576dafdead08f9f092715d0a025a390e6ca6fee80,classreg.learning.classif.CompactClassificationECOC,CPU parallel / fitcecoc (6 workers),8,1
RBF_SVM,20,13,rbf_svm/feature_20/rbf_svm_feature_20_fold_13_compact_model.mat,1fd3cd6e87783eaf6f6d657fef67095cadc5cd0c0efb7d218a130582f2cd5a5f,12941734,470493f087807564f33e958826a4ad4989b31934d78388816b0ac2498386638b,classreg.learning.classif.CompactClassificationECOC,CPU parallel / fitcecoc (6 workers),8,1
RBF_SVM,20,14,rbf_svm/feature_20/rbf_svm_feature_20_fold_14_compact_model.mat,e9dc8cb110048b0e36ce1790bf4b5d2dd5c843227af17bdef5af42eb99c8a410,12627196,55da204b2f6740ed527469f9bd21da21e8eae73b34a9b568749649ded4a11576,classreg.learning.classif.CompactClassificationECOC,CPU parallel / fitcecoc (6 workers),8,1
RBF_SVM,20,15,rbf_svm/feature_20/rbf_svm_feature_20_fold_15_compact_model.mat,76e63b97a97aa916a3442009ff7d81ccca44d45c9d1780a7de0ae520379d5447,12695330,c4560584085d4a29f16348bd3d77f5dbba07f0fc6ff09cbda901370ddf848052,classreg.learning.classif.CompactClassificationECOC,CPU parallel / fitcecoc (6 workers),8,1
RBF_SVM,20,16,rbf_svm/feature_20/rbf_svm_feature_20_fold_16_compact_model.mat,0b2037896dd9e00194e4efd17c5fb8819c7e118167486ed46df81785faade99b,12643625,e036438a156c2bd3f379365e9ab42cbd59127f63703d6e732f76a81f94b416be,classreg.learning.classif.CompactClassificationECOC,CPU parallel / fitcecoc (6 workers),8,1
RBF_SVM,20,17,rbf_svm/feature_20/rbf_svm_feature_20_fold_17_compact_model.mat,b224670f59cd875607b1380e390b33581a6f0129a9c7d48898cd5c54fc1ead41,12775373,fe52e39b050f7edd00b0f99d3f799b59e22545a0c44f3ee71c95924016a6452f,classreg.learning.classif.CompactClassificationECOC,CPU parallel / fitcecoc (6 workers),8,1
RBF_SVM,20,18,rbf_svm/feature_20/rbf_svm_feature_20_fold_18_compact_model.mat,23bc18570255c16225e7f8cfbed40407d84ccb612e610cb0143c6626be8f857b,12762848,19cd7f52662c028ac3d0a654271399f423d986ef139d815e627f8124c309de36,classreg.learning.classif.CompactClassificationECOC,CPU parallel / fitcecoc (6 workers),8,1
RBF_SVM,21,1,rbf_svm/feature_21/rbf_svm_feature_21_fold_01_compact_model.mat,fd57312dacef4dd0f5540f50f161d312177c8b151c3b860c598a7b1ef8880d78,8496901,ea9eb07b3025d656effca71d439be26d88da063a4b69374924e3f89e340079ed,classreg.learning.classif.CompactClassificationECOC,CPU parallel / fitcecoc (6 workers),8,1
RBF_SVM,21,2,rbf_svm/feature_21/rbf_svm_feature_21_fold_02_compact_model.mat,e697d3e9893e833503d7924460629d4675116970e029e5d21808de7406e0cf82,8954888,b97a3e4a31ad591386e6f6ac2f44f226c39a4a934b2a607cead287651b799394,classreg.learning.classif.CompactClassificationECOC,CPU parallel / fitcecoc (6 workers),8,1
RBF_SVM,21,3,rbf_svm/feature_21/rbf_svm_feature_21_fold_03_compact_model.mat,83f8b5e77a7a1c602b8106984abec8b6db1a15b3427ce52388d794fbc4267fff,8893174,79dbf06bf44b88cdf4a427558d710846a096e2e0dc753dcd28551e7e52676970,classreg.learning.classif.CompactClassificationECOC,CPU parallel / fitcecoc (6 workers),8,1
RBF_SVM,21,4,rbf_svm/feature_21/rbf_svm_feature_21_fold_04_compact_model.mat,5f6e1b7255540c509d1f5dafff5ee31b01b01f5d40f4a9685a040573a947134d,8903509,249260399d08cead546846b64bd1308ec1679a2046fa98489a029fd388323fba,classreg.learning.classif.CompactClassificationECOC,CPU parallel / fitcecoc (6 workers),8,1
RBF_SVM,21,5,rbf_svm/feature_21/rbf_svm_feature_21_fold_05_compact_model.mat,e9828dcf2176e1ee077ca847be8c427e253c250e471948f511f3aba9b8d8e7ee,8816016,2964cb93f3827c231269573d75d6c2370fdffff9e7a6c7a988219e63230ce0ee,classreg.learning.classif.CompactClassificationECOC,CPU parallel / fitcecoc (6 workers),8,1
RBF_SVM,21,6,rbf_svm/feature_21/rbf_svm_feature_21_fold_06_compact_model.mat,6083ac52dcae7364b12e60c740af7e7590870cc54134dfef1d0325ce6960eb88,8786224,72a5f31372aa4eea711b644cce67c24db995535236c0c69745ac12ae2908f5c7,classreg.learning.classif.CompactClassificationECOC,CPU parallel / fitcecoc (6 workers),8,1
RBF_SVM,21,7,rbf_svm/feature_21/rbf_svm_feature_21_fold_07_compact_model.mat,8ebbc24e11d96819fd2eb48bc4577ec1e0c012819514df5d58c7199ae2ecda95,8396508,6ab5798b64089e2dee57d04df926e47f632c6246d8cddebc957a502512e6fb3f,classreg.learning.classif.CompactClassificationECOC,CPU parallel / fitcecoc (6 workers),8,1
RBF_SVM,21,8,rbf_svm/feature_21/rbf_svm_feature_21_fold_08_compact_model.mat,2d8327b99770f753db7fd366114e6d3e7519defce944b2700e57e1beb714229e,8926861,cc79e03cd63d7aaad763a8eb9e4c76bc1cce13cc783d19fe7e265625f1e89755,classreg.learning.classif.CompactClassificationECOC,CPU parallel / fitcecoc (6 workers),8,1
RBF_SVM,21,9,rbf_svm/feature_21/rbf_svm_feature_21_fold_09_compact_model.mat,69509ec4b3d2587cc558dbb09629752a244018931264752d4d699b294663dfa0,8668596,28b5a6a26dd65d042a465aef33a2670cc1051f5f6652a81d2fd50bf4ff410b4d,classreg.learning.classif.CompactClassificationECOC,CPU parallel / fitcecoc (6 workers),8,1
RBF_SVM,21,10,rbf_svm/feature_21/rbf_svm_feature_21_fold_10_compact_model.mat,ff27a6a47e3b50c6cb2e6a97b230dff7c5a6054a713a4859b417acff0fe51229,8735847,e9d3f6e3d712033dfa7a7425f9bbd7739fdd97d684ec72461676b2d7fa451d3a,classreg.learning.classif.CompactClassificationECOC,CPU parallel / fitcecoc (6 workers),8,1
RBF_SVM,21,11,rbf_svm/feature_21/rbf_svm_feature_21_fold_11_compact_model.mat,f35a08982bfa8785da2f739f9bec50bfc11e2775d8b8e323242ae38fc5b6e13a,8638028,4b67ffdf30b90d1c721b7744da37b76929881a62c3f5766f333f2cf057bc2682,classreg.learning.classif.CompactClassificationECOC,CPU parallel / fitcecoc (6 workers),8,1
RBF_SVM,21,12,rbf_svm/feature_21/rbf_svm_feature_21_fold_12_compact_model.mat,251020a4ea44bdc987eba645494ea71446266d51c61b2e1c6b36ada2e7c43085,8581031,43dedb47d90e3a10d278938e06f8fbc41a715213e4c46eda7e36e314a7a98038,classreg.learning.classif.CompactClassificationECOC,CPU parallel / fitcecoc (6 workers),8,1
RBF_SVM,21,13,rbf_svm/feature_21/rbf_svm_feature_21_fold_13_compact_model.mat,c70467ffc695d57a3ec4a36d94d08c1054b3008adc14c175a7c731d73cda60c9,8927237,80e062275e0b3e3c09f5e60a9bfd36cf2600393b7563794298413d20eea84b2b,classreg.learning.classif.CompactClassificationECOC,CPU parallel / fitcecoc (6 workers),8,1
RBF_SVM,21,14,rbf_svm/feature_21/rbf_svm_feature_21_fold_14_compact_model.mat,28e166bd81e96a86826472dc930094ea4bd9f3b5282795f2066f30b53a85ad55,8801116,8c4b2bcc56c0dc4eec44c1a46eeb1c634c941d4e56cd23fed867b6e6bc8e7e60,classreg.learning.classif.CompactClassificationECOC,CPU parallel / fitcecoc (6 workers),8,1
RBF_SVM,21,15,rbf_svm/feature_21/rbf_svm_feature_21_fold_15_compact_model.mat,86bf1cc49b7814739a980938bce01eb94f52ade9a652933ae5f68a51f416bbe4,8891046,e4dc1417eeb1dd4c4c969b576e5230bb14c3ff59bf109c62bfd72032af7b3149,classreg.learning.classif.CompactClassificationECOC,CPU parallel / fitcecoc (6 workers),8,1
RBF_SVM,21,16,rbf_svm/feature_21/rbf_svm_feature_21_fold_16_compact_model.mat,50c69db717f277a519d10b4ea63962b02aa255513b61cdf9219d68c72640fee0,8670969,36ea8b2c260b0238d22d47ce9c3511b880736f661ba0e14d080a8c38e57dce23,classreg.learning.classif.CompactClassificationECOC,CPU parallel / fitcecoc (6 workers),8,1
RBF_SVM,21,17,rbf_svm/feature_21/rbf_svm_feature_21_fold_17_compact_model.mat,136b50f2f8fbb99cf10c6abf8ec7fda1e3d71a8e1afe098fe005577756e4aea3,8783358,286c83649032f1c29d1e3f6e731aabe7366342048481650994bb84f0425c99e9,classreg.learning.classif.CompactClassificationECOC,CPU parallel / fitcecoc (6 workers),8,1
RBF_SVM,21,18,rbf_svm/feature_21/rbf_svm_feature_21_fold_18_compact_model.mat,bc6cccd0f6a134493fab8e2ed771678cf633a21d265341ad2dc62819855694cc,8872062,e78c6ff59df68f6a264130fa125258fd1c56a8aba693d61cc1da9f54c8325b41,classreg.learning.classif.CompactClassificationECOC,CPU parallel / fitcecoc (6 workers),8,1
